record_id,source_type,value
mix:5247295a506ebd7d95f9c532,synthetic,7.838609360844483e-05
mix:26d443a0e5f8adf3dcaa94c5,synthetic,0.0008716282651101
mix:68585bad90f9ddd1b8fdfe91,synthetic,0.0015725917703196
mix:b119ef7a741a3dd3888264ca,real,0.0011863448369039
mix:70769b835425a223c670118f,real,0.001622355389046
mix:104adb9fac1270993641433c,real,0.0020217091121532
mix:2f5ba9af19a07dec8654434c,real,0.0018917236994421
mix:389355e6f7e053a9c66a38a0,real,0.0013173298502695
mix:f5f8ca2886994766aece75dc,synthetic,-0.0022724158855976
mix:df1370b4193694e66d82f0b0,synthetic,0.0012817927718931
mix:1aed25bf8ca6de64c65498e9,real,0.0017145378934391
mix:abb1059260ab9fa674bf2005,synthetic,1.7717732751236383e-05
mix:f9c7d73791b7a782ad555447,real,0.0015977378585119
mix:b316c6a2f96319c7b3ff4d21,real,0.001038513897612
mix:6ac2bc7ef36f5f3a5d4bbda3,real,0.0021787838370046
mix:1a42d08d7a9ea62d7bd66a14,real,0.0021338938536217
mix:7752d4a75b0114b72a3543f4,real,0.0039991516298968
mix:a1b861d9319ab20fae2859f2,synthetic,0.0009802250588584
mix:091d7f4d2ba94e62e6b86111,real,0.0005607778736597
mix:2b28e553d0b5525787a6c6a1,real,0.0009724779261459
mix:99641b383a4df152a49ae01e,synthetic,0.0009480562196122
mix:7c0a914ca6ef8ef7c396cfc3,real,0.0044849254976187
mix:11a9c5d1cb167ae4982bbc0e,synthetic,0.0009948226759294
mix:0de6e54cbac9c42c8c8569e5,real,0.0018152699784627
mix:88c59bae06bcd9f0c72ca636,real,0.0016314203909738
mix:44142ea0264a94e4a2b0c6c8,real,0.0013192355531527
mix:169008f36ac68767bb99a32f,real,0.0006879442091557
mix:c55a69a32babdf3046a085bf,synthetic,0.0013564180866845
mix:826dd4cd4cf7ef5b5b1fd100,real,0.0015278909764315
mix:86e545a709de19567703cf31,real,0.0017396010939149
mix:33e5d7b84982b69c06441f02,real,0.0006740038933704
mix:06b6258fa8b7ab5b02d806df,synthetic,0.0015136888443011
mix:1f33a43d0aa308eb80b787c6,synthetic,-0.0002814791121952
mix:bf5396bfc484e27c6acbac8f,real,0.0043778927864183
mix:6e01a61478ae50b658e701d5,real,0.0012512884989861
mix:6e070a1f3c47b024f7e14ff8,real,0.0019831095955
mix:e3403b56958500ee463d9070,real,0.0018870475905648
mix:be3d3374f8d8cb04659770fe,real,0.0014720122282974
mix:1cd6b165cf0924097b5d3168,real,0.0002632198405565
mix:cd8fbb3ead32d2c7ea71f799,real,0.0014719434259238
mix:23a13c6c83b52d2ef0953bdb,synthetic,0.0012220962896051
mix:1d32ac700a96a1395c626200,real,0.0006615819346177
mix:98b5e9613b43d974bff71b04,real,0.0012761989296697
mix:bb478e6c32e150fe77c63886,real,0.0003013391311126
mix:53c45355c9ec3f8cafa3cfd1,synthetic,0.0009071098968092
mix:9741d39bc025fd9d37291890,real,0.002728176090424
mix:9a31be5c95777b5029acd302,real,-0.0008034980711232
mix:00477f89e82934fe8a8190a6,real,0.0023385754435652
mix:a53a9cc7197728bd6bb17547,real,0.0015831590152906
mix:958b55313e0d1e8999095ab4,real,0.0005039359403909
mix:847bcc92110a64545181cf81,real,0.0015976073573444
mix:2921a66fb9bded07b1c4393f,real,0.0001431686073066
mix:09def541c00922773ba127c5,real,0.0020564153794691
mix:cb78e77025c62eb992a69de6,real,0.0021293452869284
mix:2f039d1482b0bb111a233453,synthetic,-0.0012400168689516
mix:eb07ea1c300bbcaf80fd25b6,synthetic,0.0003553039829306
mix:05544556012eb132d7d7b754,real,0.0017761723594705
mix:81b7542276c92d89a62acc24,real,0.0018615801535461
mix:e1b07c5b1bfc4374619cc9e8,real,-9.589420817061805e-05
mix:d467b7f82369d884254c6833,real,0.0014354640113787
mix:f0dd3ef642daa32d5c77d03e,real,0.0017779228188826
mix:9c12fc899e76615b37983b7d,synthetic,0.0013693753669055
mix:bda7939702234b8c0f12cd19,synthetic,-1.62319173271834e-05
mix:805a8e45103d733645816a2b,real,-0.0012893510552045
mix:4bb676477d58acaf00e91339,real,0.0016984540767572
mix:4c4cb21c51112eb9e51ce9f8,real,0.0002538765752725
mix:bf3740f8edea34b3fb98445f,real,-0.0062821289279737
mix:a8f4bc85312eeafeafcf8964,synthetic,0.001090827201716
mix:37b46b562b50fa9331311979,synthetic,-7.879594962606522e-05
mix:a39724b13dfcde9b2078d482,synthetic,0.0009618654907324
mix:d1345aa598dff84c7f4aa3ce,real,0.0017124061780366
mix:e54e84e498abed4e29f555cf,real,0.0020016169567812
mix:30c9cf9247cbb9147aa382f4,real,0.0004058675371513
mix:1795d24413f75faaba7243f4,real,-0.0008369652300352
mix:d11aca785f7c1d8fe2bdafa7,synthetic,0.0013252084456131
mix:554b531fb6b52ca71e6e326f,real,0.0010894515894903
mix:56bdcae3f0975b9677497b8b,real,0.0002462986530359
mix:fd01d87afaa69cb31a64d82e,synthetic,0.00099748116864
mix:1754c121ea5edd4ece631b54,real,0.0018814138915049
mix:29f93409b54cb6e11fe872fe,real,0.0019263393660693
mix:c4add71aec65a63641bb50e3,synthetic,0.0013727882569326
mix:683c6c6d494de1592a84bf60,real,-0.0015988046529576
mix:acc3865e67be49ab7dce02d4,real,0.0011303151016356
mix:3d4ac9a117956a0b3f9ee186,real,0.0013585024373459
mix:ba1e823a6d0d1e1a4d9a9cad,real,0.0015014802219591
mix:0f42fe894200a0023e66db41,real,0.0009814459167628
mix:e79ec63583acf0b9d93c68c4,real,0.0035269378638144
mix:ebc6b0191d70ddde4f896310,real,-0.0071541701592155
mix:3738db300799024d43afd98e,real,0.0028978247030495
mix:51ff6f24df778fa540589b40,real,0.0022371532965066
mix:80b181983a5dc760220b10d4,synthetic,0.0009600861596466
mix:c4f8f8e2a65a4b6f68b41ae2,real,0.0012301255094702
mix:1cfccc33f1655d5e1acffdbc,real,0.0022199409160226
mix:d4c5caee6a69b6b039e95159,real,0.0017078541152767
mix:beaa6fd2a77c2648f3aa6a89,real,0.0016176168217805
mix:b5ddc6468ab1103d16503bbd,real,4.0662663024029694e-06
mix:a42aee105b5aa7129bc70d7c,real,-0.0027467185005903
mix:2e974ba105c91b866e89bba5,real,0.0011769673995674
mix:b785008713e93d62a9493597,synthetic,0.0009954248830313
mix:a32c798923a9487da2ba680a,synthetic,0.0010208623375715
mix:8a52962163620a430843c1e6,synthetic,0.0013880584235751
mix:cc7944d66e86f2620f119951,real,0.0018445092264394
mix:030c83901cb91582d09d3348,real,-0.0013507350155858
mix:b74074a957807448a4e72607,real,-0.0015747242931945
mix:a509ff88016a5d3efcd79ed7,real,8.454484429756498e-05
mix:d4bf7b0c39d28d66d033c002,real,0.0007154772044229
mix:54db3ba38e8ff957d32097ef,real,-0.0066707249887432
mix:ddea583f73c4d53cfe2ff60f,real,0.0016324576919331
mix:e5e40018df58a867e6022bac,real,-0.0041348220458291
mix:affd8114d8bc5f8d766be910,real,0.0019839639294517
mix:ee303fa1b2f206415a0c8bcc,real,0.0017734812934191
mix:b0c9d320319de7de0d572b82,real,0.0013542308117584
mix:12427dfcb26196fa509fdf3f,real,0.0014703663564906
mix:2b312806916ce084b7c57d49,real,0.0020470995301172
mix:a3b46696b5dd82c0558e9ff1,real,0.0030179449716341
mix:0e588cad7346bf40022a7f57,synthetic,0.0010112119955004
mix:ad1c76a66433c80310277f8c,synthetic,0.0010085062896324
mix:bb3255120ce011b389ef5d3e,synthetic,0.0014949637845281
mix:5411857420f49a5c03ba79e8,real,0.0013126693607416
mix:fcafa315961eec014546e76c,real,0.002876478970893
mix:655bab9a3697c8f1e529b606,real,0.0016080583097007
mix:815acc49a39ba3c1f996cccf,real,0.0016685499229248
mix:a2a2832e2ee80f51cbab9277,real,0.0002342083665052
mix:f1f7ce3f7ec21bbb40695882,synthetic,0.0012766881235101
mix:ca1adb9d73c0a0b1db9c9f05,synthetic,0.0009874054211279
mix:2138cd7a8782d485dc4dd75e,real,-0.001539866814726
mix:715785196759fd9c71615123,real,0.001464120931856
mix:fea91b6687dd48da9a490452,real,0.0025727878041605
mix:19fbc505ec71918da06f76e0,real,0.0015633420537482
mix:ea0474961bb97655748b6230,real,0.0013067577401185
mix:cfe36ba8134210992bd75d92,synthetic,0.0018838776975451
mix:e7c485918c7ae0a952851ecc,real,-0.0033020494120643
mix:8da9fbb9e09887f9cc9d8da8,real,0.0016078024517707
mix:258de35a7d30911f4ff0e95f,real,0.0021256417010496
mix:d819b7f60a706a60ead1e7ad,real,-0.0004593720708081
mix:df6f442d706855341244374e,real,0.0020830527994551
mix:f23c20eebae9ab7a79c32ec5,real,0.0012579224764448
mix:06bf1024d287a630669d772e,real,0.0001707255654497
mix:d5867b6f56aedbde8a6b7b75,synthetic,0.0009902922975792
mix:96cc98d7f2944b5f969c8882,real,0.0029035852653197
mix:d7068ee3cf96c6943011eecc,real,0.0014601331307023
mix:e1bfbd90b455f5f6db639be7,real,0.0019520457139769
mix:6a766d958403b89b08b57df0,synthetic,0.0009656205527419
mix:69582ac88f697b8b364c17ef,real,-0.0014957811208662
mix:61aeb44de4fd0eece2bc97ef,synthetic,0.0020973571757054
mix:ea1de994b2d9fa33e3fa9769,real,0.0018757940447311
mix:5343a76146c7fdc4e3235fe5,synthetic,0.0009699243632163
mix:f3133eca74cdb87480fa01b8,real,-0.0003623764450043
mix:122c58212edc5ceaf54f9195,real,0.0017939101623049
mix:a4d4c66544b5a74bd3a3da7f,synthetic,0.0016511925951515
mix:7c2b7314d88df40e726fae59,real,0.0014107921911661
mix:e13d53913c2d244e7a89b126,real,0.0015229424307605
mix:8fb4cc768b6d6e1dbd8f2a21,synthetic,0.0006101026102308
mix:b0abef37df3a1ce0027e6e6f,real,0.001668284889055
mix:0876d222594f9db7359f838f,real,0.00207898159327
mix:eb7e60a4dca4ae10e18bd00f,real,0.0025523382880992
mix:7e9eb9ff79e57ef6018cbeaf,real,0.0030917689471426
mix:8a84d739a136fa7a630bf077,real,0.0013635051451715
mix:d790e400bd4549e175e684bb,synthetic,0.0009853692031166
mix:2fb4132ff10fccda923d36fd,real,0.0029826564999897
mix:84113add23335abdeced5ab5,synthetic,0.0002448129096929
mix:e124082b576251d2f5f68ea7,synthetic,0.0002442204433422
mix:5b06d499e21626571f32b6cc,real,0.0012434018312927
mix:bf6394c4ede9272837225827,real,0.0012623089319792
mix:67b62e6ff86ad9477aa96bf6,real,0.00245397575394
mix:f84406521172ec5a2d0d7c89,synthetic,0.0013593949458879
mix:8d5a0e4582d5ef30ad65bf7b,synthetic,0.0002090196795816
mix:9493b8bfdd29f0fbed4f4e4a,real,0.0027763992036356
mix:e30a0558d531ee4975ff7b4f,synthetic,2.9647782133734107e-05
mix:6c6212d9821dc0c5c53757be,synthetic,0.0005130249890218
mix:940dc0654b8ecc53606de93b,real,0.0025814584680452
mix:c93e5c7bbe6ec06f6d692f62,real,0.002685918687455
mix:68b9595fcc75045b3d16a57f,real,0.0017680192865266
mix:793a55e429debf2b9f9cfb3f,synthetic,0.0010749844995372
mix:3b3b8631ad8aedcfa816beb7,real,0.0039266966204252
mix:f3192d0f918bc78cd6515e42,real,0.0022168271467549
mix:49931164e7903db5089d153f,synthetic,0.0010824172056396
mix:87d66f73d3b4c1ce226bd3c8,real,0.0016662020875065
mix:8fef4269573fda0d61cf042a,real,0.0016201820573434
mix:df975c802cb36a74921c7174,real,0.0018696061408164
mix:b7ef52273f6e248c144c2c04,real,0.0009799250676216
mix:ff247a067289b920a44b6617,real,0.0024352173749829
mix:2a3f1a3f9f5e2999378f2bf4,real,0.0017529528475076
mix:4bb321cfe22dc48401608e43,real,0.0020478755169207
mix:578bd310d287513351345b87,real,0.0024284238405846
mix:b4b9f40cfb0a849736edfc90,real,0.0031204630150709
mix:8e86a2c63ac6be44074831a1,real,0.001976465568726
mix:4e32d9d33ff50b85e3a33862,real,0.0042060862374953
mix:fdf5140cebdc3f1cca9eb59f,real,-0.0003653857382961
mix:5b0ad4fc502f5f52bf57dd49,real,0.0006879427519447
mix:2d51957827c2490f8cc3a89b,real,0.0020921484812443
mix:ad135be6b9e103710c6f1d7c,real,0.0016734993016282
mix:ae44cfa2e58f7df96363eec6,real,0.0020205050602283
mix:9440ef2e4784f32fe94a7a54,real,0.002589557443442
mix:0203f8982fb894312efc4686,real,0.0054632085614879
mix:f14b663ef17c18324cd7f1e9,real,0.0031359401296104
mix:5e70ad50c74d487e2bbf05b6,synthetic,0.0010640105840435
mix:7d3e90f5f4ea30fb8e7f7915,synthetic,-0.0027960821957415
mix:01e6e232a4b43a213db7d7cf,real,0.0013588379955462
mix:8f8a10abd7c26d5346baf049,real,0.0022560729141968
mix:dfffd5d4c9d23c2fdd5737e8,real,0.0014719628265628
mix:d6329ba61a447da8572ca90a,real,0.0028234054071933
mix:608b0f471399615829f27388,synthetic,-0.0014364575734591
mix:07b6930e846bc05f6b8fcb42,synthetic,0.0010309709155533
mix:dcc92407ad29283f581c20a9,real,-0.001310096916367
mix:dffa70a34205bee2e0028689,real,-0.0021395903814803
mix:b59dd918c8ed6fb16b99f4cb,real,0.0031888123951907
mix:e801eae3f859d0b608beaacc,real,0.0020022174435166
mix:fdb35d40a144932f658bb84b,real,0.0013417205600733
mix:4f8fe8dbfaf5b881552d83e9,real,0.0015245765516568
mix:0e23ab90a2d3efd97f323d83,real,-0.0023790551140837
mix:bbd9fbf84b5cb6a5ada598b7,real,0.0010558008844135
mix:c410df31b3f4e95c520bcb79,real,-0.0017939060624552
mix:b47ba7d42cd0bfa85a188f90,synthetic,0.0011478493288024
mix:460f65522f733c5c4a9366dd,synthetic,0.0018328314381167
mix:3d575c682405861d54ba21c3,synthetic,0.0010156610901894
mix:f4e5af909a8efa331a91c62f,synthetic,0.0019528770771182
mix:3a3c70e09396269c684bb495,real,0.0021393013932272
mix:9e3c79d2b30ec8ca455498d6,synthetic,0.0009956680870831
mix:9a0efb36282b4be073b7bea8,real,0.0014459837523052
mix:a78819e5c617925f9edbd0d8,real,-0.0056045555474149
mix:b508d329befdaf008664854f,real,0.0017617081525979
mix:2b5a076bdfcd6715436f331a,real,0.0012658761351676
mix:f6c001f7eb3a52037cc6479b,real,0.0011951590377831
mix:9fce58372b13fdb82bcbbef9,real,0.0016982073955112
mix:235fd270f90f8d819cdd0099,real,0.001506662956021
mix:0234eb8c9cb080dde8e9bfd0,real,0.000771423388833
mix:ea40b301baba781ede83b1a8,synthetic,0.0017031646834485
mix:963aab64e6d92fc9f4485a03,real,0.0012348975137756
mix:249ad859989f858cc479bbc1,real,0.0015154435263488
mix:26b3d125c204e8de091f78e4,real,0.0019931950824785
mix:1c4a6802803e7542995ff326,synthetic,0.00126575010013
mix:5e3f0f4bd87d887be242d211,real,0.0023640010543749
mix:cffe9587af3ddec0fe44a4be,real,0.0019336490391071
mix:08561004f68b7c4bd6cc156c,real,0.0039471500428089
mix:8a40631035f3987b09d73b41,real,0.0023606335955854
mix:8d75dc9b80408152da2ec412,synthetic,0.0009131188418317
mix:e6f0dd462d028802197eb41d,synthetic,0.0027574063342413
mix:6a7b693b9fcf2be942d786e5,real,-0.0057887136164867
mix:54e7a565695461f2ffe9d2d1,synthetic,0.0009744167899296
mix:f845fdc65c0081e8d3def260,real,0.0024319875482546
mix:bba12aa60ac9e19e6c223a32,synthetic,0.0009706357394065
mix:28a4e9072979463382acf6ef,synthetic,0.0016862286918294
mix:77b5889859b2df5bfc5da749,real,1.781652422859138e-06
mix:4b8e869944b21defdacc0224,real,0.0013247040229099
mix:e03099fee8b789405898b211,real,0.0023853558449887
mix:8aecf71aad6b02d0110f2b5f,real,-0.0027727464275555
mix:0c5eb71aa87a00933823400c,synthetic,0.0011887272794883
mix:533d1b26e86fa606361f3a2a,synthetic,0.0013211857091615
mix:4c20c9cf7301971b9e1107f9,synthetic,0.0012709822911008
mix:8b6d43916636363bdc781f57,synthetic,-0.0015699450051154
mix:491f5c4980527e951b3a7d1e,real,0.001609674630205
mix:f7faec7eacd6935577a7f817,synthetic,0.0010020493179717
mix:2cf703a382c6add7be0af823,real,-0.0023297007073051
mix:6be76454ef59249cefb2911a,real,-0.0007952506895571
mix:2d65a4db1651fe9f2422a1aa,synthetic,0.0002276637431991
mix:f68152c350a48c0d36aeb075,real,0.0019749442362015
mix:fb19d1406526802d9e90c7cf,real,0.0015585578935333
mix:198762b99ab57542e4719ba3,real,0.0029132939610246
mix:5ca959ac6d90131b596c2fb6,real,0.0016752810942025
mix:bc9fb07f8d49040de5e0c669,real,-0.003801303795618
mix:c895b223d30445ae2bab2c1c,real,0.0019590054209668
mix:c0f75984e2608c3cddfeea0b,real,0.0011569811163327
mix:ddff2680ee196408b4425ca4,real,0.0019868679426843
mix:03ea945246fe31b8a6a24266,real,-0.0029064115353654
mix:08b1cabb2e85a6771585dc4b,real,0.0053469025149079
mix:05f67e622f26cd86f158141b,synthetic,0.0013368118779991
mix:c25db9f5e586b8b9c953e10e,synthetic,0.0004636404068583
mix:44f5abdfe9c23ef677a40b61,real,0.0001093522916784
mix:d9030d9714abee9b8b71e435,synthetic,0.001403129522576
mix:9ec3c7a98ab55280a976e7dc,real,0.0009845462554668
mix:93bea82f26d9d36abc5420f2,real,0.0014996686381446
mix:da003d9650df381d217cef01,real,-0.0021056660915916
mix:9f27f5beb2e79d8c6358085f,real,0.0012151094935753
mix:700c42a3a1d62e308062b246,real,0.0042698557488389
mix:d5832c97b2cf8bc2a48337c1,synthetic,0.0009182552559461
mix:1caa1bee9aca8ae283cb3cb5,synthetic,0.0023230769746703
mix:50d59fc58d211e68a3b7bdb7,synthetic,0.0034834410296755
mix:9f4fa0fbdd460506f623ae8f,real,0.000452180397196
mix:2c6f2275b1d5b88cee4ab482,real,0.0013518106154599
mix:e2a9c2fc76d8e339e45baa13,synthetic,-0.0028132122710542
mix:f4561f5feaa0efe7993ea293,real,0.0012544438553504
mix:d59359180e39374f4b9ee997,synthetic,-0.0013608494262517
mix:d26cb9de3459a89aced73fff,real,0.0017071575146094
mix:635b5bf2478b2f1902587986,real,0.0016581296369007
mix:3bc1519b5d21dbb8d4ddb4a0,real,0.0001393629220509
mix:71e91263b8d945ed5877991c,real,-0.0005273340436928
mix:15bfc8eb49d33540c625ef6c,real,0.0015944311515884
mix:b1b2319a389be0629c4365d4,real,-0.0001400023006062
mix:8108326732f938a57df5c4c6,synthetic,0.0014843240835329
mix:4f5277a4076337461449ac6b,real,0.0008620152317151
mix:c235055678cc36c4f32dc9ba,real,0.0020081382449895
mix:120ed107a9957e200ed9fc8a,synthetic,0.0014213585095862
mix:e07b9b317de68617d7796fb3,real,0.0010756499999374
mix:a1c0cdf5aca247cf7688b6b7,real,-0.0027822829424463
mix:64fc32db277ec0c86ea89fa9,synthetic,0.0010875855720022
mix:6a4ac348f0beae04d03f08d5,real,0.0012853320539251
mix:1af79026be0f986b5634783c,real,0.0014899853954677
mix:51125647534d630bc36ddeda,synthetic,0.0009935778179874
mix:ee8dbcb01594ddc5ae06a045,synthetic,0.0015138591708554
mix:14aa916427298a9d14c2374e,synthetic,0.0017450763094011
mix:ff393b10c00982785c4195bc,synthetic,0.0024050098812498
mix:8ed3a8bc38657447bf7b2121,synthetic,0.0010999192156214
mix:88681c49c2e2603893f16ce1,real,0.0016952642363127
mix:b45613e01702509938948dbe,real,-0.0045481336710622
mix:7cc6c8019f1db37d8684a1b7,real,0.0013340123957581
mix:a0ac7ab4ef456de9e9a2b755,real,0.0011303298543912
mix:f44dc67567475285c4407089,synthetic,0.0010341884430954
mix:8ffddff4536aaf1ec4306d4e,real,0.0011406193645116
mix:6eac5bb58b050a591312f15b,real,0.0015964951083811
mix:602bbf0dd1daacd556048bda,real,0.0013652664902383
mix:05b4a0209720ab93f4d38257,real,0.0001345094855933
mix:3d28512a28cf8aa0c15f0d98,real,0.0015022765326734
mix:f2080ba40699dc0b97ea8381,real,0.0021319410128505
mix:cc04408aee54ec9cb0e5d0f6,real,0.0021944934800667
mix:b1cb6d990234d89eb428345b,real,-0.0031578103671375
mix:ec85a96f5f1a1accfb988230,real,-0.001959509955297
mix:72a2583311f6cc8ba9f6e2eb,synthetic,0.0018975950016565
mix:79aaf30b2795023ce0b96870,real,0.0022001945389446
mix:c47bb43c9103344f88f5394a,real,0.0043538727525097
mix:bd42525759b6b5af66daa66c,real,0.0003879659505981
mix:ee52a79db1a57c76b912977b,synthetic,0.0002842072794024
mix:014d0d1dbda18c28a88e87bf,synthetic,0.0009856723331434
mix:501350001665af000c6fa6cb,real,-0.0014349122658435
mix:f6d78fc54e3e4ef1d8d6dad3,real,0.0013529880543031
mix:64852e840a8f3472623d26be,real,0.0018058266959178
mix:bbd087e374503e4af50f65b6,real,0.0029762443354654
mix:22956c3c4c9ce180006d7276,real,0.0008555519306846
mix:9ee9bfb44ca2435a0a0eba76,synthetic,0.0002296633356604
mix:c8538a3fcc05292f4c28f6ce,real,0.0015437205958218
mix:a8588625117b8e4405f73f72,real,-0.0044195688817928
mix:a2c564d75742d03daefa86ea,synthetic,0.0010451050173546
mix:18c5aadc61f85dafc19c7c04,real,0.0011618730637184
mix:51865da11d4439213f2531ad,synthetic,0.0016487687326245
mix:d971cc6258ef9299b827d4bf,synthetic,0.0009741147055267
mix:e673c27dd03c66d705bce064,real,0.0017004853093111
mix:566e60d3f5261cdbbd62736d,real,0.0014816150579295
mix:3b29a6307d5e63f5ca9b9534,real,-0.0006643404459514
mix:323000a901842d423d1c6893,synthetic,-0.0002289507683044
mix:8e75af081b20ad8a3a79fc7b,real,-0.0014685430414076
mix:c0795627aafb495aa436ad3a,real,0.004045978733454
mix:4fe6bcbbcf33c4f8bd7d13a0,real,-0.0051378808575895
mix:026a3c28a8c78440e616a8e3,synthetic,0.0013919065125787
mix:b98f48c77ba046298e093b4c,real,0.0009128417806664
mix:dacaf1cb7112e806e33acb8f,real,0.0016522803647353
mix:c0ed9a2a21825805770f1466,synthetic,0.00052866248846
mix:d59760fe9d35b4248ece0962,real,0.0021879703035864
mix:88c2f408f975de05e41d1ebd,real,0.0025783638937877
mix:163d827da53ddea84b89cc10,real,0.0016691023262607
mix:8d60647bd0fda50d934d6ea4,synthetic,0.0010917197785863
mix:804d0bc62c8d3bbb82ac354d,real,0.0016413929424386
mix:f28c6ed71572132d57caff0c,real,0.0013746165979311
mix:027216fafd799fde9f1fffa7,real,0.00252914725164
mix:0b8c8b72c12c63d80c5868e3,real,0.0022626415747531
mix:99cbe237dc3d8ac1f10303e6,real,0.0020513839145018
mix:614da45ea8c8e6b2efb067ef,real,0.0023887928858107
mix:a69b4debe5b81187d50fbcee,real,-0.0009456836040569
mix:d20362eb4f8c15e6e88a3586,real,0.0045911469649474
mix:68c2709acbda7b1a57e92eb6,real,0.0018949077130185
mix:bd7e620daff0a0d6c13cca7d,synthetic,0.0002834196548021
mix:735d83a560d4ab5d7a8ffd9c,real,0.0015725790643188
mix:b294c298d7007fc9dcd47765,real,0.0044022024762276
mix:7eac24f0495943a6c3c6151f,real,0.0002677575177366
mix:1f198b47c0f71e3536a6e60c,real,0.0034006458532667
mix:402dab19cbb72d857a8da455,real,0.001648840764232
mix:b9b138164f12cba0d7f92c1e,synthetic,0.0002522407224021
mix:90295a89d07872f103ec4d0b,real,0.0014714694668225
mix:501b48ff51143cca3fac3ba8,real,0.0026767292695251
mix:beea9359959ea0ad5006313b,real,0.0021095509822069
mix:e37ef8a6d5bbce44fe5d2ade,real,0.0013147805972456
mix:d49427c0cfa170d37f110217,real,0.0012569119208105
mix:5eed68a77fdb2b8548edb649,real,0.0033455358279274
mix:d39264def09f0783fd120fb4,real,0.001926472578736
mix:521bbead66925c5c90460652,real,-0.0005495776132976
mix:453c1512f5bf911259294822,real,0.0029885174320682
mix:9bcfa8d828fb2fba668e0db9,real,0.0017669849941334
mix:ae171c302b015e1e363a7af7,real,0.0016328402812645
mix:2c4b73373e277f1ecbaf4b88,real,0.0013764811667868
mix:c4c55edaf73e5bba3da7d973,synthetic,0.0010086541389443
mix:9c7c76f7be580ce973ef739c,real,0.0016327612092003
mix:5ac388b39408fc2c907aef80,real,0.0017035710609067
mix:8160de6d2ce372e8456880ac,real,0.0029853796677821
mix:3f3c6a0625cf12869e4081f5,real,0.0036525226922582
mix:570bc4007954fc49d3d78f52,real,0.0022419893194551
mix:578f144a80dacbffe5900f18,real,0.0014780442548694
mix:4cc07561bec64ef1c66f18db,synthetic,0.0010171881201531
mix:f8879d7f71e66db20de67617,synthetic,0.001494077860582
mix:3cec96aa53496eb52c5b3084,real,0.0021889063074336
mix:02589e4ca8c8bbad15b452a8,real,0.001745604987805
mix:8f0ff315208fb8316e3bef11,synthetic,-0.0009091843757655
mix:9087a16ddeec6c53922a100b,real,0.0002205744754114
mix:9d334e3590edf7606436deab,real,-0.0052644645741751
mix:ea5364ea7818320da28f36bb,real,-0.0018693267975355
mix:a81cbadfdbd6efecf6bc7a1b,real,0.0017197771932055
mix:c99949f16658628c592bc09a,real,0.0013847786819391
mix:76350ddf3eeb0bc44043bef4,synthetic,0.0013622455132722
mix:1d9e151a1b839b3788fb398d,real,0.0012605080786109
mix:661742e6b580939561f875a6,real,-0.0006767909813744
mix:1e696c7fb660e1e40f4fcb93,real,0.0019214896494904
mix:a2a05bd40a19630693180f7b,real,-0.0056236664016298
mix:be75d8bf6dc59ed5732c0e5b,real,0.0021060806243202
mix:9e2b9feafd03fd3b7f49876a,real,0.0020522464851708
mix:94dd7217b295a81c5b073fe3,real,0.0021032410599595
mix:f5a1693e33fe85eeeaac3017,real,0.0019638546073077
mix:1a83537e3019b42a9ffe4b96,real,0.0012221375689077
mix:efa04017cf3bcbe9525e8830,synthetic,5.3916686280937e-06
mix:4a2aac26701b4f7df3c583f8,real,0.003103257970358
mix:52a92cf4d333f10d8967859b,real,0.0031859656801686
mix:11a2596b4e5d82f3752b9e21,real,0.0014062494157074
mix:718d1cac515a06127e05919a,real,0.0005852131328489
mix:9a62a6934f4a855861585587,real,-0.0021186839554539
mix:20d3c0bfdd27fde959b83f2f,real,0.002553603519262
mix:2017d202c34e3960f4705872,real,0.0014565007489225
mix:f16486c3e58d3c5fc21541f2,synthetic,0.0001356266436389
mix:26cce6f9274b976a638c91e0,synthetic,0.0011956464634999
mix:d1698b0cd39f06f791ffe1cc,real,0.0021386558192361
mix:5081088c67a92622bd77f679,real,0.0023643619605324
mix:b5ba108b67608812c0ab503e,real,0.0013445497035222
mix:71a1fda9b1f126e7e9061e60,synthetic,0.0010098009759216
mix:f06ad83bb6e86140c6cbb057,synthetic,0.0010320924149163
mix:07ec5ccf1d6d171012c2ed17,synthetic,0.002081944185153
mix:c003d7e3138be5cb4223faf0,real,0.0002540344363822
mix:e6d3eda238e4cb4be5f03354,synthetic,0.0015360812697141
mix:1f1b342decdf4b30a86802fc,synthetic,0.00135747556989
mix:8c5305a8b2ca004932110dcf,synthetic,0.0013744993875382
mix:03d02a93622d8780369d684f,real,0.0014838662556168
mix:de772e4f20e001a89c79e4f7,real,0.0022299458885798
mix:1e9cd7ba3678d57376080deb,synthetic,6.092060058949674e-05
mix:b84d11ae10f7d7837c7e38eb,synthetic,0.0001999605462236
mix:f72bb76c795e609a90bb467d,real,0.001496561044187
mix:7f4933f55fb739e9986b7766,synthetic,0.0014700045301495
mix:239d1016a56fb90f974038cb,real,-0.0007681547187619
mix:119e50edb7acf65fdaf37a33,real,0.0012539023396916
mix:9cde829e3af3900da45edf18,real,0.0014206912595461
mix:6c886fa635b82f5d0435b276,real,0.0014189346672608
mix:ec176942f77b6434e95d711a,synthetic,0.000998849810304
mix:3780ee4a995628d4abf597f4,real,0.0006643955825031
mix:48d8837578c12f9097819d74,real,-0.0041628269974205
mix:485b34833988916e88afa7b5,real,-0.0080301831054317
mix:c3e42648441702295ebf24ba,synthetic,0.0010851597655671
mix:10f3c99c2646b9b4d1ca520d,synthetic,0.0010468215351689
mix:ab4686a43a20de35202214d8,synthetic,0.0010057549910348
mix:7848510708848df50b47f72f,real,0.0019325577297796
mix:0805115cee26e66c04074385,real,0.0016779467312975
mix:f09ad75d2a633a51262c0328,synthetic,0.0002341074795717
mix:ab51ceca70ccd93b81ac33a7,synthetic,-0.0009477519187641
mix:f29278f45922e28ff8bdadd9,synthetic,0.0012362114903323
mix:c0887bff3fd8117727da0920,real,-0.0089507094543312
mix:5d13d15399809fc7f5c6ce83,real,0.0012462495492977
mix:225f8d9a60e6c1d1bdc840cf,real,0.0015608333812007
mix:58faaa70da2aed231b00d05f,synthetic,0.00136496088587
mix:832ce33581f20b6fd7b1cd81,real,0.0018190853471612
mix:c7ea20724fee7f287dfadc99,real,-0.0027644179947171
mix:bb60f549523806fd5fadea3d,real,-0.0022692153621745
mix:5218ace8f81c31c93963fa85,real,0.0017790523828229
mix:f7b6c590c4cda7b10637efbe,synthetic,0.0003386986559297
mix:96988f90983354beeac1fe89,synthetic,0.0009930148345166
mix:12ea8e8dea4e8b2cd72afad3,synthetic,7.005650689227888e-05
mix:9a3860916745b140e5490fc2,real,0.0034613141279579
mix:9b1ed45af47806fa978a1c5e,real,0.0014354847457401
mix:91d1648dc2387322342d32a5,real,0.0026109652344049
mix:d3f048a0da14fea1ae97cc23,real,0.0018876216430823
mix:27b84bfa8edf4025cba493b4,real,0.0024345656150876
mix:6d626112254459865ee18813,real,-0.0019112094258883
mix:c8c52ec6665185908a053224,real,0.0010175557470996
mix:17d9618534d7df68c2bc0c61,real,0.0012601767321029
mix:1fb879d98cb3586d7d9deabf,real,0.0024618840962384
mix:030c41ec667d40fdcab75684,real,0.0014475485644572
mix:1ea1c26a4f2600a262827059,real,0.0020902880821577
mix:a73b731b2968b82fb0ba4448,real,0.0024325540238517
mix:4d1700670aa8d1b4869221d1,real,-0.0066052333178663
mix:676d06f02ebb33406951518d,real,-0.0059966101673123
mix:cb27ad09de3c9a80034b3b3e,real,0.004596171346026
mix:e185c15ee91a8a321e061ec4,real,0.0014448635695952
mix:4bdf89c381c2c895963f168c,synthetic,8.351366410690582e-06
mix:9b8d496d9a0061fd9534d2e5,real,-0.0069183764508686
mix:aca6c00360e9196a34315922,synthetic,0.0012071226134809
mix:2ebeb35b8704d6d5565458d9,real,0.0015815247881243
mix:99e3d69c76112e87e57f546d,real,0.0013023961268155
mix:ee0a369b470d85cdc0c0f8c3,real,0.0019097020281392
mix:632e09b25c09308463cd6668,synthetic,0.0009861866536142
mix:bf5ff3615e639ffa2c1016c2,synthetic,0.0012928626449814
mix:1af2a1c695903198b5add8f2,real,0.0010896116182067
mix:06318c70f69f24750d817cb5,synthetic,0.0009870857987995
mix:180ca011af9ad322e076f588,real,-0.0050025077204646
mix:c740a7bc351fa51597269233,synthetic,0.0009656098910705
mix:a663976294002c7ce166f35d,real,-0.0018984680499337
mix:f7c81bb1a50a778ffcf980c8,real,0.0016254758407311
mix:9166d00671a5916876160fab,real,0.001424752923972
mix:fc084837b36073de4caf6759,real,-0.002515473360732
mix:0ad7d74ddbab753337f82810,real,0.0002411298285018
mix:837033de79f4e0c775787f7a,real,-0.0055144307187636
mix:6aebed6fceff1fe67bfdaba4,real,0.0004524933632646
mix:7468540ec8abbc087d74e76c,real,-0.0014386939261522
mix:7955c28cc8cafe7400e74bb2,real,0.0020281879210524
mix:f4736e6c352b4c34dd8342ca,real,0.0015595674524858
mix:0faa244e9793ff6aea7e04c6,real,0.0022268861634997
mix:6b41a1f678501ca1133bfd80,real,-0.0007169598759065
mix:e7307b2b146dfe53c6425e9e,real,0.0005913223343731
mix:020270bf2f4c9468b18a21c2,real,0.0019146904773466
mix:920e73f1adae1a5604e8f003,real,0.0028974503420791
mix:789f64a7b89e1b20fe0cd5bd,real,0.0019784039753146
mix:1b0d7111554c82634b95f574,real,0.0020086133000819
mix:54aaedeb931adf2d28a5af8a,real,0.0020750220340231
mix:d8f2906fbb50b38c9526b639,real,0.0011977671320435
mix:3938d299507e2492db2dfebd,real,-0.0103433796632052
mix:89c63615403e2c60f74d4b4a,real,0.0028010603194967
mix:a715000849a6a554d1b8b302,synthetic,0.0009843501461374
mix:c94896ed7c52e5bb7b35c42f,real,0.0007682598650148
mix:b21b0019e61219936749d6bc,real,0.0026831287799113
mix:c21e129585925ee6bbe78553,real,0.001721499257902
mix:3e1e41355acdd56d8e1b0f80,real,0.0038647718606494
mix:f5cea6c394c65b5460015d3d,real,-0.0001223837827219
mix:56d8b248b81ba7b4f98d5c1e,real,-0.0005109835140218
mix:a79d280e0c41c3cffd419811,real,0.000916378711988
mix:8166721b10a1f02b15053427,synthetic,-0.0037325932701609
mix:7f95fde9696b4241c76f0f39,synthetic,0.0013511108887525
mix:e1f018e169a440c22d267084,real,0.0009378142338907
mix:957ccf622a6cd814ace363be,real,7.989066845501516e-05
mix:dcc606647b0e3792f22c3a88,real,0.001721505325155
mix:786fb23066ba2be3d9ccb98c,real,0.0024556578579628
mix:651867b8dd2fb880e79858c3,synthetic,0.0001471248928389
mix:2f710502b4745369aa119ada,real,-0.0032627739441018
mix:c6e5bd59555f9911f23ec8db,real,0.0030406627172927
mix:6477c0b0a45cc689e88f36d7,synthetic,0.001274741988315
mix:ca1e04d02c03ec160aef5ffb,real,0.0010674752307081
mix:7bcd6f12173b8a12ee28cb51,real,0.0016732937686338
mix:959e830980442da3f2d4999f,real,0.0016454821991455
mix:328a609eb5ece2f9b1a24a53,real,0.0013727822978253
mix:d79a12309f8b03dbf4754421,synthetic,0.0020102976058706
mix:dc231c8abec2a0ee932883da,synthetic,0.0008223624416174
mix:1b376d4d3961556891bbeb4f,real,0.002735263778928
mix:069f1663ae83df9110f12e1d,real,-0.0030629765149395
mix:605d28682d04f6c7bf968e5e,real,-0.0014807458716285
mix:08e12cb1a4b40ac3abafe013,real,0.0026757461998428
mix:7417af1f662c2ecf9d9e98fc,synthetic,0.0009737498245106
mix:50ee6013cb12ae9e654eb863,synthetic,0.0013855761144972
mix:81caad61c0f732a6b27d9883,real,0.0014543951258726
mix:75fd544589e4a48005ec6e66,real,0.0017350182197561
mix:b1ecaa4f978b12124927284c,synthetic,0.0009808324339129
mix:922e06e7a43fd4e87ae5887d,real,0.0016981476228654
mix:bcf863ebc2dd889ec3123ee5,synthetic,0.001072595672097
mix:00f64d5e6821bef121dcad1b,real,-0.0022738050476341
mix:b49f22e263d7b1b5fb8029e7,synthetic,0.001582696707548
mix:358af3d19889e784abdf6688,synthetic,0.0013830880302258
mix:fbf3208c088fdafc7c5cc182,real,0.0006436302071911
mix:6d7622b35e6860f27d1083c5,real,-0.0021666213101751
mix:1e44e37494f347297987b739,synthetic,0.0010709241524311
mix:d0b3352c2eddc7bfe9201e88,real,0.0013988872015938
mix:7f6d1bd80d9fa82994d1aa62,real,0.0017280893854582
mix:7aaa162bcec2e9e79db7af01,synthetic,0.001315936853834
mix:f18dd2888b3e3bb9910e00ea,real,0.0011707925023073
mix:3a5b8da9dba96ce1db888e1a,real,0.0015646977374696
mix:064db60f75fcb10eb9bb4fc3,real,0.0040362991888088
mix:5d9359be257733bfa8641f83,real,0.0014949803250393
mix:627c4a803751692da77c6d3e,real,0.0014224228211446
mix:29d743af4f750894afc3be14,synthetic,0.0009490960047783
mix:db0ee03e9ba6826808aae24c,real,-0.0001679954848912
mix:5269f89731b82f4d97420795,real,-0.001849462599105
mix:d4e0380ecf587de398d0233f,real,-0.0001243326374358
mix:805b4d3c5a02089b9ba044e3,real,-0.0049072800989382
mix:a8b819c7f5b1c54335ca336b,real,0.0027760851089854
mix:25685f23886d8b691baf8205,real,0.0024161413500031
mix:5d26c32f866130122147f239,real,0.0012244277375062
mix:6435d09435607dde0c777843,real,0.0011818750658727
mix:31e4ae312575c47c4309e559,synthetic,-0.0002030215764546
mix:e6ca0e0a6ee0f8dc962b0e9d,synthetic,0.0009872949672252
mix:782dbe77156af1491b3ecde6,real,0.0015239881453309
mix:8941a753df3f6692475eac7c,synthetic,0.0002531073805997
mix:39ac4bbdfa68b93f96aba7b7,real,0.0019496351965781
mix:e867b4ee300a35242afc5733,real,-0.0058168618229964
mix:e5c7c4d76fbae05f75f45731,real,-0.0012117834573623
mix:3bbc6d711fcc11f20364fbf4,real,0.001512183910024
mix:bcd2a34b14255bd3b52c444b,real,0.0025173671186844
mix:b613551b792e824961a6987a,real,0.0017993053757705
mix:948763b8503b24a98da4e3c0,real,-0.0054492776683595
mix:a1461b014b75aa59b03f9268,real,0.0018919626461795
mix:2ceabebf1256ade7114c4851,real,0.0025010870019647
mix:c46a85d2c7315e640482eb1e,real,0.0021737868074266
mix:8d96858d63b3970819086ec4,real,0.0018213728459273
mix:68f3725a0df16ee79b6e1d64,real,0.003403624804276
mix:0e8ea64769515f08617b627c,synthetic,-0.0017882631730848
mix:4f26731ef97f77297c5c5812,real,0.0010371260839825
mix:fc8d5374860e719cfc87d47d,real,0.0014660151487088
mix:26f159fc61520c640ba9fc30,real,0.0013271905730863
mix:400fb9a9f9ff3a532466ee94,real,0.0024222460831676
mix:839654465925fe5970c5e984,real,0.001436213492551
mix:0eb8013d9cd72bc30e3afc0e,synthetic,0.0010009728517306
mix:d7e248b2097c8ec73117d510,real,0.0014592508388963
mix:105727eb24ab5b03c490c45d,real,-0.0011119856639964
mix:71f7a8ed22e295798814f653,synthetic,-0.0024813725305502
mix:9ec4f623f52dbdb2c59de958,real,0.0016599545670175
mix:43f22e67d00e1f5286a9d6b0,synthetic,0.0004625529603516
mix:7482ac087d6f2836c0f7edc8,synthetic,0.0009885628668161
mix:47a12f97c1efed48c86911de,synthetic,0.0010335973950656
mix:36d86a6c28bf8ba86c62e946,real,0.0011872495004671
mix:d119e96b1bb08431cf215244,synthetic,0.0017693680012106
mix:96ec85c0e803299edfedd20e,real,0.0012403188971849
mix:989a63041937e5a65c96f2fb,synthetic,0.0015865367375002
mix:2f2172b2cead83d8cc58d3f8,real,-0.0012576375933133
mix:20f8fdb136658b1f4010c628,synthetic,0.0010049234595308
mix:1988924864ed88fe1249f034,synthetic,0.0002662503347502
mix:904b2672957d330aa22c9e5b,real,0.0023093227999669
mix:c02baf807f4029f99073a8aa,synthetic,0.0009560465126558
mix:a4f7cb4ed7c4a890f98eadcf,real,0.0025008567585599
mix:c2fb8767cced099f00e71556,real,0.0013522651832815
mix:f2d1c35324e85b38afeae819,real,-0.0019510484287532
mix:0279776493869255692dad46,real,6.365389036386333e-05
mix:7ee95854cb0bc5a9ee647f92,real,0.0016991212680327
mix:ff36b85a8933ceb5d3116246,synthetic,0.0009948542474734
mix:d90125810beb7cd31e938fcd,real,0.0003663733889113
mix:89fb8657d25061043006c516,synthetic,0.0010008133532595
mix:314f353436ff142d99b8e874,real,0.0013250863309352
mix:721b4e8a341f0de35859f0b0,real,-0.0025680642987953
mix:8d34b40923d59850c37768dd,real,0.0005495909054512
mix:175fab802d6f4e61c8d77262,synthetic,0.0002621198001422
mix:2eba7a35e6d1df139f760587,real,-0.0009213567445871
mix:19b022a2bf962e41ae30e079,synthetic,0.0012550687155171
mix:3df147e1b91330446dee375d,real,0.0020509979118036
mix:e55454ad8d063e9deef715c5,real,0.0025709405183095
mix:5903a0891457a9f9fe7d9d48,real,0.0015339003890458
mix:d2fd6ac6d64957d30371a5c6,real,0.001190750276674
mix:ade3b26eab6aa857f80353cf,synthetic,0.000849460530962
mix:ef236aacc97712c4b69bfedc,synthetic,0.0025387998595949
mix:e2fc8fbe2586af7e6c0cbd90,real,0.0018594610438139
mix:c086d497a1d0445222a0d9d3,real,0.0017338562171354
mix:cb635ea0d84c72c4ab644d4a,real,0.0018730452134662
mix:038c814b4a8b89956d334257,synthetic,0.0011896906063135
mix:0d54544817e5b243275e79c5,synthetic,0.0011450738972864
mix:aec000416780dedcecadd2df,synthetic,0.0009599851512542
mix:35a9042130ffdd49f85554d5,real,0.0016047762286262
mix:ffa1bd26dee8f4c8f1d4ccf7,synthetic,0.0016380396255693
mix:a011ba6fc5dce8fa6fdb98e0,real,0.0018742134346042
mix:5dcf7da2543e820c51dce9b7,real,0.0011241536736849
mix:56333859bfec2681c741f1a9,real,0.001240209842375
mix:a0c7f98e5a217e75f81ca9ac,synthetic,0.0009930473691742
mix:625d3a05a3951bec6d3dda0e,synthetic,0.0005408638591329
mix:d704b9dadf64a0f110874b97,real,-0.001317326462543
mix:0a60391300c0291931cfc5ed,real,-0.0020989134057894
mix:49e767c5e09e239058f20275,synthetic,0.0013363251859137
mix:7b25de58b44dcf4f3933126f,synthetic,-0.0016548791556075
mix:a166fd871b49638a799a76a1,real,0.0038565452427263
mix:392f4fbd0e68dfa21c912ed2,real,0.0014888540785514
mix:88ffb7721f10b48d1223a045,synthetic,-0.0006977041767636
mix:6d32a037eda61bda68cf4013,synthetic,0.0009941619759271
mix:8cfc85ab29260e8b0e4c5326,real,-0.0001123583006677
mix:7d36065cde9c1474df0e0e0a,synthetic,0.0015409803590495
mix:2a6da4d2d096ec234fba9dc0,real,0.0018216269740591
mix:c2171d65addabff829b144f3,real,-0.0018440905299902
mix:6ac68628f31920a97a5d9c59,synthetic,0.0009437370166232
mix:febe1a72d03f533ca8a5eedb,real,0.0024560965242166
mix:1084638783a4132ee0e96644,real,0.0015635090125903
mix:0e90d6e0498917fe5baa6dae,synthetic,0.0010510333848565
mix:eac24518b5ab27bdc9a1814f,real,0.0011785433539077
mix:3cbf0112698c6b9c26086dd1,real,0.0019658380625394
mix:92b65ff6309bf5650293fbc4,real,0.0026802336489144
mix:aa905e113a1e78cdeb647423,real,0.0011415844365135
mix:97d9504d88eb71c06bbcaaf7,real,0.0019898345835703
mix:c62147b1ac99b51d661bbc80,real,0.00206541705054
mix:fe58d008d0345ad41a80f785,real,0.0026929201835735
mix:5a149da311c4ca6facef8e02,real,0.0017428753472295
mix:70c3542338ebc4f09cad0849,real,0.0009195937130761
mix:cf28c9a4400081c90bd43a77,real,0.0040992703369122
mix:ca8551461d5b883003e76b7a,real,0.0014889172281191
mix:a9c72bbda8ee8baed84b934c,synthetic,0.0003305904868489
mix:3094695aa44c2562056f2003,real,0.0014347751652122
mix:746d661201ae70c26e41e725,real,0.0024690285526551
mix:a1537823ec1794eb8bca0db2,real,0.0024072747458625
mix:54f3888eb704488981b1c8f1,real,0.0018145443716395
mix:2a792efd887c3688ce520306,real,0.0020123070059178
mix:1ed78f3667a65a2d986febdf,real,0.0017684381090556
mix:7cbed04c0d0000fd5df1481e,real,-0.005129926191882
mix:c8b3b7016f3d2ce873fde438,real,0.0010812949034402
mix:d7b9ac4965cb7f13f29eed42,real,0.001133384738261
mix:95f3aa52e0c316c0285dfc3b,real,0.0014872533739244
mix:ce95304e3da1f87233684845,real,0.000688153762165
mix:862041a059ddd219d3a17ce7,real,0.0011574166899494
mix:f5fafe4e152cd90ab66e7f91,synthetic,0.0016128081239275
mix:aedc2a9bd9e29ecd1a37d1f9,real,0.0013079561011859
mix:efe6b4f03812720aeeef1353,real,0.0014122931426999
mix:d95ed529f5a07f50832353ec,real,0.0029394671181053
mix:2c1150affbc9beb50bcf4fdb,synthetic,0.0009989092516273
mix:80d05a7e7599824aaa4c76b5,real,0.0023555500391859
mix:15393da6bb217fd0b05e7b83,real,0.001169667513316
mix:a537815bc2a765e63a465dbe,real,0.0021648368695355
mix:da66c70b47eec6c51dda1f89,real,0.0024106657420026
mix:8839af16b01f60096edb3cd1,real,0.0018243081261059
mix:66f37381904682b5f9d66f01,real,0.0014732597716461
mix:fd2b0f0fc91d046064ea84c9,synthetic,0.0010673822381531
mix:6dc68739808635642ce0e018,real,0.0014267257590072
mix:604e6d9f00cdb4c3fdf8b408,synthetic,0.0013474588660359
mix:2d04837ff1540b5b941e516e,synthetic,0.0009818165083764
mix:0a24bb0994e4c7b45771b340,real,-0.0028388872946378
mix:d4f01bbdafe3bbd92a2a0eab,real,0.0010733398993909
mix:568ae3307e46972f8d2df6db,real,0.0002334513534567
mix:c85e9651d78067ced9264d99,synthetic,0.001344854366794
mix:6abf56e60a19daffc800f818,real,-0.0019485687081708
mix:742c3cb24c84436302188cea,real,0.0018091234417551
mix:fb8837a672434608d3f0b786,real,-0.0056877424422125
mix:822af4ff1165638aa09ac086,synthetic,0.0010763523553935
mix:4bd8e24013e8746d4a2eb1dc,real,0.0023457530340284
mix:ff226a0f3679d2c2a3d604c0,real,0.0018917291025683
mix:23e7eb387ff0f3508154ea05,synthetic,0.0009866517226103
mix:407f4d40d4d0f92c53eee03a,synthetic,0.0011191310486373
mix:8d0cea7af9b18b0c407bcdb3,synthetic,0.0010165677406904
mix:bcf99c697b7ca9de24d90ebc,synthetic,0.0010629329284901
mix:aabdc3f2f3f836a170c654a4,synthetic,0.000981382869354
mix:d7bcf7908eae175429e55b55,synthetic,0.0002460051997422
mix:be1a9454ba26cd448d187cfe,real,-0.0073087358139061
mix:b891f5c264b5837032cfe630,real,-0.0032159526423359
mix:02ddcdaa1be35cb0dfa6dc8c,real,0.0031934554179744
mix:6f5dcead631559f032db0b96,real,0.0011652889554693
mix:526d0fdcdd46c8ba4e7087b3,real,0.0013188989886273
mix:9566774be99208d9a530eccf,real,-0.0029950842675925
mix:8b51472172d33d6fd41f33b5,real,0.0028011309067915
mix:a1619a23e7513ecbccac71ba,real,-0.0011261832661641
mix:2bb87abea7fba31b57c82aa3,real,0.0016892915059293
mix:ea9e910a7d1a783314f21302,real,0.0019499889698985
mix:73276454b49db8cd55de1028,real,0.0020253637528913
mix:011d64910ff28847aad54055,real,-0.0005217031784924
mix:23f02faef01037c0aa1e984a,real,-0.0010948197090843
mix:57d46f4c36828bf094fb0f52,real,0.0021195818151534
mix:b347db4d17975d7a88932549,real,0.0005875177435536
mix:949d81a23ba3a8b404b0791e,real,0.0034968326634434
mix:68846fd9512aad3477f05081,synthetic,0.0006993919507927
mix:2b8c7821fd1210de7f387555,real,0.0018683062116775
mix:2599c10da850e242d3bdf9d4,real,0.0016028376704885
mix:66c8f157f9e93d4cae370165,synthetic,0.0013701235094931
mix:dfeb2fb4eeff978d3df46198,real,0.0020536180978329
mix:4601ec638ad805d5233ca800,synthetic,0.0010213181578371
mix:a01a5393c2e9f8e38f0da407,real,-0.0065501443867151
mix:b3e447b8f436c12fd345d180,real,0.0009179053793392
mix:dc4e7dd598ae216f3f2ebe6f,real,0.0004735389745399
mix:2cb99797acc5c04cc10457fd,synthetic,0.0012937946535657
mix:ebb115f069601cabb1ea22be,real,0.0022311410462726
mix:0ba8547c60a20dcaef055db8,real,0.0019864917901647
mix:4d9fa9c78a79eed1e981a8d3,real,-0.0020651501990019
mix:da8227ce6c8479fbf98e5f09,synthetic,0.0018855925566155
mix:faffb0b061c4a09af9326a02,real,0.000257730703218
mix:01bbea51684ff6fb7c8d6d21,synthetic,0.0014854187396572
mix:c05e394ad40c1d4e7b8eef71,real,-0.0011821572421635
mix:504bdbb454a38571e6409a1e,synthetic,0.0010567469080939
mix:4a341e5197a4dbce76b5b4a2,synthetic,0.0015574775433011
mix:c70cfa627314f23cba86c8a2,real,0.002139596450892
mix:cf09fe3df8ea5133536105fd,synthetic,0.000188664027044
mix:64d488f19ad081e9f523ef04,real,-0.0008756813232967
mix:1e3b5a7735f06eeda0b5bb26,real,0.0019507262151845
mix:4c639a7e490c6a2832fd9cd7,real,0.0012980430102293
mix:5e4637b07560fe08bb7028f2,synthetic,0.0002535110970601
mix:0cb6e0386e65d1943bb0bd37,synthetic,0.0006220424407661
mix:c941140f753d442f9565f8c5,real,0.0019467600620406
mix:a39486691eeecb91a4bf8ec4,real,5.195176025847179e-05
mix:628507e5e57eea1d82266b75,real,-0.0001965614645591
mix:84801c0c065a946c1f7b197f,real,0.0017668963586488
mix:6b2e923b12f47d09706583b8,real,-0.0102295462690435
mix:66974d8826846cfd46fe1c85,synthetic,-0.0001745066945246
mix:bf93adb841aa081268d32918,synthetic,7.489282366583545e-05
mix:a1e8365cc8bf4ae9fb186705,real,0.0018672311897838
mix:1e098b03fc0d5a997a8af2cc,real,0.0022030672866178
mix:4f6816f737feab84227d99f2,real,0.0006584376469036
mix:641522b01718a3808008df50,synthetic,-0.0005276372620359
mix:0ed4cb6f32df19e6848e3bdf,synthetic,0.0009851869932827
mix:4faa3493dab76a2166843520,real,0.0026196980158751
mix:985a1e9b2d612476fd2ecdf7,real,0.0018126331659288
mix:5a8ce065eb43a8d1c7678a2f,real,0.0017910007992824
mix:4d1c97bfc4bf3a68903b721a,synthetic,0.0009113344147765
mix:2ba4cf93890a840dd516df58,synthetic,0.0009945292364963
mix:8c421ad2b754a8eb35dc55d5,synthetic,0.0009494663211096
mix:64ff810c155abbb2a3cc6e11,real,0.0020838984887002
mix:910468cc91359e352770d9d7,real,0.0014106947980163
mix:ffa73467e0120a6b75d961bc,real,0.0023061450057447
mix:130895f14e76029bd59c1b41,real,0.0017945617657215
mix:150e165b32f52183315cc25a,real,0.0002155157033871
mix:b2e1be67f5b5ec6c7292a2a7,real,0.0015989253941843
mix:89f34e48f7f8c849dc0da72f,real,0.0029550456236162
mix:4d4e4338d2639790c8490084,real,0.0044620434920423
mix:82d56cb507e4c77846d8cc12,synthetic,0.0003228926877988
mix:f6f65fd1485d8d5a13e7feef,real,0.0020807717708831
mix:d5ed03bb92a8950bb8c7325b,real,0.0014652169384619
mix:3b0d9a8a98086ba749d1ab15,real,0.0001353596409609
mix:ed5cf4f3250abd9a1c0d4518,real,-0.0048291863573033
mix:1b3036803ef40a70393097f2,real,0.0015034120910435
mix:93fb2fb1b35fa08043e3932c,real,0.0014947592423929
mix:ad68d73ceff37779a358a560,real,0.0045627029954665
mix:e2d4c4099e8e22f821cf4987,real,0.0020880480364801
mix:8d8a83acc89c674eb9adfa59,synthetic,0.0014986218683729
mix:8f9c2a302ca85874687336f4,real,0.0028816767684546
mix:af387aefe910d3b820b8ccd6,real,0.0012001241686679
mix:6db10d87a0e48f2e214e1f10,real,0.0029641681038149
mix:2dc04b4cecf8ff38c4d04d08,real,0.0011326459983772
mix:25267d41a8fc69799283b6ef,real,0.001314537857742
mix:2bc2942d886c824bc37bb0f7,real,0.0013452453780121
mix:07dc4e61d87894b8ea74056d,real,0.002345553137078
mix:c7bbd75edce7e1528208f800,real,0.0027327328436602
mix:01f0be62c729c35819d0b94f,synthetic,0.0010072082724033
mix:07aef69a9b2ff189defa20eb,real,-0.0097831491736506
mix:ed8948a184770df3d60e9a69,real,0.0032705209868944
mix:c49ed2b8d2af5f81ce8968fd,real,0.0014881462220139
mix:0257f0cadca1b4d587a94c00,synthetic,0.0013823790019012
mix:a7edf91398d7b814c7cdd415,real,0.0019074949779645
