algorithm_id,bag_id,true_proportion,raw,clipped,out_of_range
Q-CC,bag:adult:GaussianCopula:s42:test:p000:b00,0.0,0.007,0.007,False
Q-CC,bag:adult:GaussianCopula:s42:test:p000:b01,0.0,0.003,0.003,False
Q-CC,bag:adult:GaussianCopula:s42:test:p000:b02,0.0,0.004,0.004,False
Q-CC,bag:adult:GaussianCopula:s42:test:p005:b00,0.05,0.057,0.057,False
Q-CC,bag:adult:GaussianCopula:s42:test:p005:b01,0.05,0.06,0.06,False
Q-CC,bag:adult:GaussianCopula:s42:test:p005:b02,0.05,0.058,0.058,False
Q-CC,bag:adult:GaussianCopula:s42:test:p010:b00,0.1,0.097,0.097,False
Q-CC,bag:adult:GaussianCopula:s42:test:p010:b01,0.1,0.105,0.105,False
Q-CC,bag:adult:GaussianCopula:s42:test:p010:b02,0.1,0.102,0.102,False
Q-CC,bag:adult:GaussianCopula:s42:test:p025:b00,0.25,0.254,0.254,False
Q-CC,bag:adult:GaussianCopula:s42:test:p025:b01,0.25,0.25,0.25,False
Q-CC,bag:adult:GaussianCopula:s42:test:p025:b02,0.25,0.247,0.247,False
Q-CC,bag:adult:GaussianCopula:s42:test:p050:b00,0.5,0.488,0.488,False
Q-CC,bag:adult:GaussianCopula:s42:test:p050:b01,0.5,0.495,0.495,False
Q-CC,bag:adult:GaussianCopula:s42:test:p050:b02,0.5,0.492,0.492,False
Q-CC,bag:adult:GaussianCopula:s42:test:p075:b00,0.75,0.735,0.735,False
Q-CC,bag:adult:GaussianCopula:s42:test:p075:b01,0.75,0.737,0.737,False
Q-CC,bag:adult:GaussianCopula:s42:test:p075:b02,0.75,0.732,0.732,False
Q-CC,bag:adult:GaussianCopula:s42:test:p100:b00,1.0,0.98,0.98,False
Q-CC,bag:adult:GaussianCopula:s42:test:p100:b01,1.0,0.982,0.982,False
Q-CC,bag:adult:GaussianCopula:s42:test:p100:b02,1.0,0.977,0.977,False
Q-PCC,bag:adult:GaussianCopula:s42:test:p000:b00,0.0,0.0257902239488903,0.0257902239488903,False
Q-PCC,bag:adult:GaussianCopula:s42:test:p000:b01,0.0,0.021986393059371,0.021986393059371,False
Q-PCC,bag:adult:GaussianCopula:s42:test:p000:b02,0.0,0.0252696905536577,0.0252696905536577,False
Q-PCC,bag:adult:GaussianCopula:s42:test:p005:b00,0.05,0.0754899328427854,0.0754899328427854,False
Q-PCC,bag:adult:GaussianCopula:s42:test:p005:b01,0.05,0.0783198391213081,0.0783198391213081,False
Q-PCC,bag:adult:GaussianCopula:s42:test:p005:b02,0.05,0.0751387181398458,0.0751387181398458,False
Q-PCC,bag:adult:GaussianCopula:s42:test:p010:b00,0.1,0.116057597174542,0.116057597174542,False
Q-PCC,bag:adult:GaussianCopula:s42:test:p010:b01,0.1,0.121613224664703,0.121613224664703,False
Q-PCC,bag:adult:GaussianCopula:s42:test:p010:b02,0.1,0.1160820083683356,0.1160820083683356,False
Q-PCC,bag:adult:GaussianCopula:s42:test:p025:b00,0.25,0.2650330170006491,0.2650330170006491,False
Q-PCC,bag:adult:GaussianCopula:s42:test:p025:b01,0.25,0.2589356177698355,0.2589356177698355,False
Q-PCC,bag:adult:GaussianCopula:s42:test:p025:b02,0.25,0.2609607375655323,0.2609607375655323,False
Q-PCC,bag:adult:GaussianCopula:s42:test:p050:b00,0.5,0.4915658444331493,0.4915658444331493,False
Q-PCC,bag:adult:GaussianCopula:s42:test:p050:b01,0.5,0.4938121054463554,0.4938121054463554,False
Q-PCC,bag:adult:GaussianCopula:s42:test:p050:b02,0.5,0.4966861415277235,0.4966861415277235,False
Q-PCC,bag:adult:GaussianCopula:s42:test:p075:b00,0.75,0.7288196838172153,0.7288196838172153,False
Q-PCC,bag:adult:GaussianCopula:s42:test:p075:b01,0.75,0.7309065027330071,0.7309065027330071,False
Q-PCC,bag:adult:GaussianCopula:s42:test:p075:b02,0.75,0.7304721804175061,0.7304721804175061,False
Q-PCC,bag:adult:GaussianCopula:s42:test:p100:b00,1.0,0.9660176252126692,0.9660176252126692,False
Q-PCC,bag:adult:GaussianCopula:s42:test:p100:b01,1.0,0.9667505498826504,0.9667505498826504,False
Q-PCC,bag:adult:GaussianCopula:s42:test:p100:b02,1.0,0.9652688888311386,0.9652688888311386,False
Q-ACC,bag:adult:GaussianCopula:s42:test:p000:b00,0.0,0.0001066384086061,0.0001066384086061,False
Q-ACC,bag:adult:GaussianCopula:s42:test:p000:b01,0.0,-0.0040167133908331,0.0,True
Q-ACC,bag:adult:GaussianCopula:s42:test:p000:b02,0.0,-0.0029858754409732,0.0,True
Q-ACC,bag:adult:GaussianCopula:s42:test:p005:b00,0.05,0.0516485359015975,0.0516485359015975,False
Q-ACC,bag:adult:GaussianCopula:s42:test:p005:b01,0.05,0.054741049751177,0.054741049751177,False
Q-ACC,bag:adult:GaussianCopula:s42:test:p005:b02,0.05,0.0526793738514574,0.0526793738514574,False
Q-ACC,bag:adult:GaussianCopula:s42:test:p010:b00,0.1,0.0928820538959906,0.0928820538959906,False
Q-ACC,bag:adult:GaussianCopula:s42:test:p010:b01,0.1,0.1011287574948692,0.1011287574948692,False
Q-ACC,bag:adult:GaussianCopula:s42:test:p010:b02,0.1,0.0980362436452898,0.0980362436452898,False
Q-ACC,bag:adult:GaussianCopula:s42:test:p025:b00,0.25,0.2547236120239836,0.2547236120239836,False
Q-ACC,bag:adult:GaussianCopula:s42:test:p025:b01,0.25,0.2506002602245443,0.2506002602245443,False
Q-ACC,bag:adult:GaussianCopula:s42:test:p025:b02,0.25,0.2475077463749647,0.2475077463749647,False
Q-ACC,bag:adult:GaussianCopula:s42:test:p050:b00,0.5,0.4959396922911832,0.4959396922911832,False
Q-ACC,bag:adult:GaussianCopula:s42:test:p050:b01,0.5,0.5031555579402021,0.5031555579402021,False
Q-ACC,bag:adult:GaussianCopula:s42:test:p050:b02,0.5,0.5000630440906225,0.5000630440906225,False
Q-ACC,bag:adult:GaussianCopula:s42:test:p075:b00,0.75,0.7505566659065607,0.7505566659065607,False
Q-ACC,bag:adult:GaussianCopula:s42:test:p075:b01,0.75,0.7526183418062803,0.7526183418062803,False
Q-ACC,bag:adult:GaussianCopula:s42:test:p075:b02,0.75,0.7474641520569811,0.7474641520569811,False
Q-ACC,bag:adult:GaussianCopula:s42:test:p100:b00,1.0,1.0031119636222183,1.0,True
Q-ACC,bag:adult:GaussianCopula:s42:test:p100:b01,1.0,1.005173639521938,1.0,True
Q-ACC,bag:adult:GaussianCopula:s42:test:p100:b02,1.0,1.000019449772639,1.0,True
Q-PACC,bag:adult:GaussianCopula:s42:test:p000:b00,0.0,-0.0022615353975568,0.0,True
Q-PACC,bag:adult:GaussianCopula:s42:test:p000:b01,0.0,-0.0063303931164682,0.0,True
Q-PACC,bag:adult:GaussianCopula:s42:test:p000:b02,0.0,-0.00281833626086,0.0,True
Q-PACC,bag:adult:GaussianCopula:s42:test:p005:b00,0.05,0.0509009342373978,0.0509009342373978,False
Q-PACC,bag:adult:GaussianCopula:s42:test:p005:b01,0.05,0.0539280104507196,0.0539280104507196,False
Q-PACC,bag:adult:GaussianCopula:s42:test:p005:b02,0.05,0.0505252491198,0.0505252491198,False
Q-PACC,bag:adult:GaussianCopula:s42:test:p010:b00,0.1,0.094295096319964,0.094295096319964,False
Q-PACC,bag:adult:GaussianCopula:s42:test:p010:b01,0.1,0.1002378047245414,0.1002378047245414,False
Q-PACC,bag:adult:GaussianCopula:s42:test:p010:b02,0.1,0.0943212083310339,0.0943212083310339,False
Q-PACC,bag:adult:GaussianCopula:s42:test:p025:b00,0.25,0.2536501792595522,0.2536501792595522,False
Q-PACC,bag:adult:GaussianCopula:s42:test:p025:b01,0.25,0.2471279518929419,0.2471279518929419,False
Q-PACC,bag:adult:GaussianCopula:s42:test:p025:b02,0.25,0.2492941692016936,0.2492941692016936,False
Q-PACC,bag:adult:GaussianCopula:s42:test:p050:b00,0.5,0.4959663784431661,0.4959663784431661,False
Q-PACC,bag:adult:GaussianCopula:s42:test:p050:b01,0.5,0.4983691446879684,0.4983691446879684,False
Q-PACC,bag:adult:GaussianCopula:s42:test:p050:b02,0.5,0.5014434253891229,0.5014434253891229,False
Q-PACC,bag:adult:GaussianCopula:s42:test:p075:b00,0.75,0.749750561746122,0.749750561746122,False
Q-PACC,bag:adult:GaussianCopula:s42:test:p075:b01,0.75,0.7519827769786352,0.7519827769786352,False
Q-PACC,bag:adult:GaussianCopula:s42:test:p075:b02,0.75,0.7515181938367319,0.7515181938367319,False
Q-PACC,bag:adult:GaussianCopula:s42:test:p100:b00,1.0,1.003474952442876,1.0,True
Q-PACC,bag:adult:GaussianCopula:s42:test:p100:b01,1.0,1.0042589426589106,1.0,True
Q-PACC,bag:adult:GaussianCopula:s42:test:p100:b02,1.0,1.0026740488554386,1.0,True
Q-EMQ,bag:adult:GaussianCopula:s42:test:p000:b00,0.0,1.5421006532035943e-10,1.5421006532035943e-10,False
Q-EMQ,bag:adult:GaussianCopula:s42:test:p000:b01,0.0,2.91193398792333e-10,2.91193398792333e-10,False
Q-EMQ,bag:adult:GaussianCopula:s42:test:p000:b02,0.0,6.441788383199683e-11,6.441788383199683e-11,False
Q-EMQ,bag:adult:GaussianCopula:s42:test:p005:b00,0.05,0.0475687628357589,0.0475687628357589,False
Q-EMQ,bag:adult:GaussianCopula:s42:test:p005:b01,0.05,0.0492224622782337,0.0492224622782337,False
Q-EMQ,bag:adult:GaussianCopula:s42:test:p005:b02,0.05,0.0471856093332331,0.0471856093332331,False
Q-EMQ,bag:adult:GaussianCopula:s42:test:p010:b00,0.1,0.0947437636282256,0.0947437636282256,False
Q-EMQ,bag:adult:GaussianCopula:s42:test:p010:b01,0.1,0.0982164405066837,0.0982164405066837,False
Q-EMQ,bag:adult:GaussianCopula:s42:test:p010:b02,0.1,0.0951596155189356,0.0951596155189356,False
Q-EMQ,bag:adult:GaussianCopula:s42:test:p025:b00,0.25,0.2536625338676114,0.2536625338676114,False
Q-EMQ,bag:adult:GaussianCopula:s42:test:p025:b01,0.25,0.2493872845325351,0.2493872845325351,False
Q-EMQ,bag:adult:GaussianCopula:s42:test:p025:b02,0.25,0.2512220851996947,0.2512220851996947,False
Q-EMQ,bag:adult:GaussianCopula:s42:test:p050:b00,0.5,0.5007663873459759,0.5007663873459759,False
Q-EMQ,bag:adult:GaussianCopula:s42:test:p050:b01,0.5,0.5029630422710174,0.5029630422710174,False
Q-EMQ,bag:adult:GaussianCopula:s42:test:p050:b02,0.5,0.5080156574456868,0.5080156574456868,False
Q-EMQ,bag:adult:GaussianCopula:s42:test:p075:b00,0.75,0.7596563646301151,0.7596563646301151,False
Q-EMQ,bag:adult:GaussianCopula:s42:test:p075:b01,0.75,0.7598620761194541,0.7598620761194541,False
Q-EMQ,bag:adult:GaussianCopula:s42:test:p075:b02,0.75,0.7557145803741588,0.7557145803741588,False
Q-EMQ,bag:adult:GaussianCopula:s42:test:p100:b00,1.0,0.9999999999686308,0.9999999999686308,False
Q-EMQ,bag:adult:GaussianCopula:s42:test:p100:b01,1.0,0.9999999996147536,0.9999999996147536,False
Q-EMQ,bag:adult:GaussianCopula:s42:test:p100:b02,1.0,0.9999999989720432,0.9999999989720432,False
Q-HDy,bag:adult:GaussianCopula:s42:test:p000:b00,0.0,5.9608609865491405e-06,5.9608609865491405e-06,False
Q-HDy,bag:adult:GaussianCopula:s42:test:p000:b01,0.0,5.9608609865491405e-06,5.9608609865491405e-06,False
Q-HDy,bag:adult:GaussianCopula:s42:test:p000:b02,0.0,5.9608609865491405e-06,5.9608609865491405e-06,False
Q-HDy,bag:adult:GaussianCopula:s42:test:p005:b00,0.05,0.048259001442792,0.048259001442792,False
Q-HDy,bag:adult:GaussianCopula:s42:test:p005:b01,0.05,0.0523965916429838,0.0523965916429838,False
Q-HDy,bag:adult:GaussianCopula:s42:test:p005:b02,0.05,0.0476015142291864,0.0476015142291864,False
Q-HDy,bag:adult:GaussianCopula:s42:test:p010:b00,0.1,0.0931804725417971,0.0931804725417971,False
Q-HDy,bag:adult:GaussianCopula:s42:test:p010:b01,0.1,0.1008895108236835,0.1008895108236835,False
Q-HDy,bag:adult:GaussianCopula:s42:test:p010:b02,0.1,0.0979991221445029,0.0979991221445029,False
Q-HDy,bag:adult:GaussianCopula:s42:test:p025:b00,0.25,0.2527040043046527,0.2527040043046527,False
Q-HDy,bag:adult:GaussianCopula:s42:test:p025:b01,0.25,0.2496829583350772,0.2496829583350772,False
Q-HDy,bag:adult:GaussianCopula:s42:test:p025:b02,0.25,0.2468502370749043,0.2468502370749043,False
Q-HDy,bag:adult:GaussianCopula:s42:test:p050:b00,0.5,0.4941290595044469,0.4941290595044469,False
Q-HDy,bag:adult:GaussianCopula:s42:test:p050:b01,0.5,0.5008460193617722,0.5008460193617722,False
Q-HDy,bag:adult:GaussianCopula:s42:test:p050:b02,0.5,0.5000524460849476,0.5000524460849476,False
Q-HDy,bag:adult:GaussianCopula:s42:test:p075:b00,0.75,0.7486745145449702,0.7486745145449702,False
Q-HDy,bag:adult:GaussianCopula:s42:test:p075:b01,0.75,0.7506243945751464,0.7506243945751464,False
Q-HDy,bag:adult:GaussianCopula:s42:test:p075:b02,0.75,0.7460829301068983,0.7460829301068983,False
Q-HDy,bag:adult:GaussianCopula:s42:test:p100:b00,1.0,0.9999940391390134,0.9999940391390134,False
Q-HDy,bag:adult:GaussianCopula:s42:test:p100:b01,1.0,0.9999940391390134,0.9999940391390134,False
Q-HDy,bag:adult:GaussianCopula:s42:test:p100:b02,1.0,0.9994149489353704,0.9994149489353704,False
Q-DyS,bag:adult:GaussianCopula:s42:test:p000:b00,0.0,5.9608609865491405e-06,5.9608609865491405e-06,False
Q-DyS,bag:adult:GaussianCopula:s42:test:p000:b01,0.0,5.9608609865491405e-06,5.9608609865491405e-06,False
Q-DyS,bag:adult:GaussianCopula:s42:test:p000:b02,0.0,5.179279818051347e-06,5.179279818051347e-06,False
Q-DyS,bag:adult:GaussianCopula:s42:test:p005:b00,0.05,0.0504303547733385,0.0504303547733385,False
Q-DyS,bag:adult:GaussianCopula:s42:test:p005:b01,0.05,0.0515936932311043,0.0515936932311043,False
Q-DyS,bag:adult:GaussianCopula:s42:test:p005:b02,0.05,0.0493280224421151,0.0493280224421151,False
Q-DyS,bag:adult:GaussianCopula:s42:test:p010:b00,0.1,0.0919849491409142,0.0919849491409142,False
Q-DyS,bag:adult:GaussianCopula:s42:test:p010:b01,0.1,0.1004626999871443,0.1004626999871443,False
Q-DyS,bag:adult:GaussianCopula:s42:test:p010:b02,0.1,0.0982897427760748,0.0982897427760748,False
Q-DyS,bag:adult:GaussianCopula:s42:test:p025:b00,0.25,0.2525754129344095,0.2525754129344095,False
Q-DyS,bag:adult:GaussianCopula:s42:test:p025:b01,0.25,0.2409127121374493,0.2409127121374493,False
Q-DyS,bag:adult:GaussianCopula:s42:test:p025:b02,0.25,0.2500581499623635,0.2500581499623635,False
Q-DyS,bag:adult:GaussianCopula:s42:test:p050:b00,0.5,0.4937583872589302,0.4937583872589302,False
Q-DyS,bag:adult:GaussianCopula:s42:test:p050:b01,0.5,0.5005467993078804,0.5005467993078804,False
Q-DyS,bag:adult:GaussianCopula:s42:test:p050:b02,0.5,0.5047340833635191,0.5047340833635191,False
Q-DyS,bag:adult:GaussianCopula:s42:test:p075:b00,0.75,0.7517199850809587,0.7517199850809587,False
Q-DyS,bag:adult:GaussianCopula:s42:test:p075:b01,0.75,0.7564289305067122,0.7564289305067122,False
Q-DyS,bag:adult:GaussianCopula:s42:test:p075:b02,0.75,0.7429456490460227,0.7429456490460227,False
Q-DyS,bag:adult:GaussianCopula:s42:test:p100:b00,1.0,0.9999940391390134,0.9999940391390134,False
Q-DyS,bag:adult:GaussianCopula:s42:test:p100:b01,1.0,0.9999940391390134,0.9999940391390134,False
Q-DyS,bag:adult:GaussianCopula:s42:test:p100:b02,1.0,0.9998172848526092,0.9998172848526092,False
Q-MS,bag:adult:GaussianCopula:s42:test:p000:b00,0.0,-0.0007346571022628,0.0,True
Q-MS,bag:adult:GaussianCopula:s42:test:p000:b01,0.0,-0.0040167133908331,0.0,True
Q-MS,bag:adult:GaussianCopula:s42:test:p000:b02,0.0,-0.0013830897703549,0.0,True
Q-MS,bag:adult:GaussianCopula:s42:test:p005:b00,0.05,0.0498586065282573,0.0498586065282573,False
Q-MS,bag:adult:GaussianCopula:s42:test:p005:b01,0.05,0.0523418553688823,0.0523418553688823,False
Q-MS,bag:adult:GaussianCopula:s42:test:p005:b02,0.05,0.0495112714156898,0.0495112714156898,False
Q-MS,bag:adult:GaussianCopula:s42:test:p010:b00,0.1,0.0949503365761184,0.0949503365761184,False
Q-MS,bag:adult:GaussianCopula:s42:test:p010:b01,0.1,0.1004643587344491,0.1004643587344491,False
Q-MS,bag:adult:GaussianCopula:s42:test:p010:b02,0.1,0.0979096502820764,0.0979096502820764,False
Q-MS,bag:adult:GaussianCopula:s42:test:p025:b00,0.25,0.2523582626285329,0.2523582626285329,False
Q-MS,bag:adult:GaussianCopula:s42:test:p025:b01,0.25,0.2506002602245443,0.2506002602245443,False
Q-MS,bag:adult:GaussianCopula:s42:test:p025:b02,0.25,0.2477901762909652,0.2477901762909652,False
Q-MS,bag:adult:GaussianCopula:s42:test:p050:b00,0.5,0.4959571235840423,0.4959571235840423,False
Q-MS,bag:adult:GaussianCopula:s42:test:p050:b01,0.5,0.50112744485941,0.50112744485941,False
Q-MS,bag:adult:GaussianCopula:s42:test:p050:b02,0.5,0.5000999339802664,0.5000999339802664,False
Q-MS,bag:adult:GaussianCopula:s42:test:p075:b00,0.75,0.7502391343552751,0.7502391343552751,False
Q-MS,bag:adult:GaussianCopula:s42:test:p075:b01,0.75,0.7508447491150194,0.7508447491150194,False
Q-MS,bag:adult:GaussianCopula:s42:test:p075:b02,0.75,0.7485695142378559,0.7485695142378559,False
Q-MS,bag:adult:GaussianCopula:s42:test:p100:b00,1.0,1.003777400835073,1.0,True
Q-MS,bag:adult:GaussianCopula:s42:test:p100:b01,1.0,1.0048879726331528,1.0,True
Q-MS,bag:adult:GaussianCopula:s42:test:p100:b02,1.0,1.0004740444757243,1.0,True
