experiment_id,run_type,seed,protocol,detector,calibration_policy,calibration_deployment_status,calibration_uses_target_real_records,calibration_uses_target_labels,quantifier,quantifier_status,test_table,test_generator,generator_quality,bag_id,bag_index,bag_size,contamination_mode,nominal_prevalence,true_prevalence,estimated_prevalence,prevalence_error,prevalence_absolute_error,prevalence_squared_error,source_validation_auroc,source_validation_ece,detection_auroc,detection_auprc,detection_brier,detection_ece,detection_fpr,detection_tpr,detector_threshold,calibration_reference_fpr,calibration_reference_tpr,ranking_shift,calibration_shift,threshold_fpr_shift,artifact_auroc,artifact_gate_passed,expected_positive_rate,true_positive_mass,false_positive_mass,false_positive_share,observed_positive_rate,detection_error_contribution,bag_sampling_error_contribution,quantifier_adjustment_contribution,error_decomposition_sum,error_decomposition_residual,clean_utility,contaminated_utility,detector_cleanup_utility,oracle_cleanup_utility,contaminated_utility_delta,detector_cleanup_delta,oracle_cleanup_delta,cleanup_precision,cleanup_recall,governance_prevalence_threshold,true_prevalence_decision_remediate,estimated_decision_remediate,prevalence_decision_error,best_available_decision_remediate,decision_error,policy_utility,decision_regret,oracle_cleanup_gap,detectability_harm_quadrant
governance-calibration-probe-v1,pilot,2026,P3,char3gram,source_only,deployable_without_target_data,False,False,cc,ok,credit,CTGAN,0.8992893213626543,2026-P3-char3gram-source_only-credit-CTGAN-replace-0.000-0,0,1000,replace,0.0,0.0,1.0,1.0,1.0,1.0,0.9006605447155767,0.02159026508973931,0.6215704834948919,0.5878491815503728,0.4681973401086264,0.46951140152405957,1.0,1.0,0.7721722246291797,0.04995159728944821,0.6559535333978703,-0.2790900612206848,0.44792113643432024,0.9500484027105518,0.5414813645543894,True,1.0,0.0,1.0,1.0,1.0,1.0,0.0,0.0,1.0,0.0,0.7096937211718883,0.7126466168786023,,0.7126466168786023,0.002952895706713976,,0.002952895706713976,0.0,1.0,0.1,False,True,1,False,1.0,,,,low_detectability__low_harm
governance-calibration-probe-v1,pilot,2026,P3,char3gram,source_only,deployable_without_target_data,False,False,pcc,ok,credit,CTGAN,0.8992893213626543,2026-P3-char3gram-source_only-credit-CTGAN-replace-0.000-0,0,1000,replace,0.0,0.0,0.9661655431911543,0.9661655431911543,0.9661655431911543,0.9334758568498583,0.9006605447155767,0.02159026508973931,0.6215704834948919,0.5878491815503728,0.4681973401086264,0.46951140152405957,1.0,1.0,0.7721722246291797,0.04995159728944821,0.6559535333978703,-0.2790900612206848,0.44792113643432024,0.9500484027105518,0.5414813645543894,True,1.0,0.0,1.0,1.0,1.0,1.0,0.0,-0.03383445680884567,0.9661655431911543,0.0,0.7096937211718883,0.7126466168786023,,0.7126466168786023,0.002952895706713976,,0.002952895706713976,0.0,1.0,0.1,False,True,1,False,1.0,,,,low_detectability__low_harm
governance-calibration-probe-v1,pilot,2026,P3,char3gram,source_only,deployable_without_target_data,False,False,pacc,ok,credit,CTGAN,0.8992893213626543,2026-P3-char3gram-source_only-credit-CTGAN-replace-0.000-0,0,1000,replace,0.0,0.0,1.0,1.0,1.0,1.0,0.9006605447155767,0.02159026508973931,0.6215704834948919,0.5878491815503728,0.4681973401086264,0.46951140152405957,1.0,1.0,0.7721722246291797,0.04995159728944821,0.6559535333978703,-0.2790900612206848,0.44792113643432024,0.9500484027105518,0.5414813645543894,True,1.0,0.0,1.0,1.0,1.0,1.0,0.0,0.0,1.0,0.0,0.7096937211718883,0.7126466168786023,,0.7126466168786023,0.002952895706713976,,0.002952895706713976,0.0,1.0,0.1,False,True,1,False,1.0,,,,low_detectability__low_harm
governance-calibration-probe-v1,pilot,2026,P3,char3gram,target_real_anchor,deployable_with_clean_target_threshold_anchor,True,False,cc,ok,credit,CTGAN,0.8992893213626543,2026-P3-char3gram-target_real_anchor-credit-CTGAN-replace-0.000-0,0,1000,replace,0.0,0.0,0.045,0.045,0.045,0.002025,0.9006605447155767,0.02159026508973931,0.6215704834948919,0.5878491815503728,0.4681973401086264,0.46951140152405957,0.052361396303901436,0.07802874743326489,0.9787261180411946,0.05,,-0.2790900612206848,0.44792113643432024,0.0023613963039014335,0.5414813645543894,True,0.052361396303901436,0.0,0.052361396303901436,1.0,0.045,0.052361396303901436,-0.007361396303901438,0.0,0.045,0.0,0.7096937211718883,0.7126466168786023,0.7151434957799756,0.7126466168786023,0.002952895706713976,0.0054497746080872655,0.002952895706713976,0.0,1.0,0.1,False,False,0,False,0.0,0.7126466168786023,0.0024968789013732895,-0.0024968789013732895,low_detectability__low_harm
governance-calibration-probe-v1,pilot,2026,P3,char3gram,target_real_anchor,deployable_with_clean_target_threshold_anchor,True,False,pcc,ok,credit,CTGAN,0.8992893213626543,2026-P3-char3gram-target_real_anchor-credit-CTGAN-replace-0.000-0,0,1000,replace,0.0,0.0,0.9661655431911543,0.9661655431911543,0.9661655431911543,0.9334758568498583,0.9006605447155767,0.02159026508973931,0.6215704834948919,0.5878491815503728,0.4681973401086264,0.46951140152405957,0.052361396303901436,0.07802874743326489,0.9787261180411946,0.05,,-0.2790900612206848,0.44792113643432024,0.0023613963039014335,0.5414813645543894,True,0.052361396303901436,0.0,0.052361396303901436,1.0,0.045,0.052361396303901436,-0.007361396303901438,0.9211655431911543,0.9661655431911543,0.0,0.7096937211718883,0.7126466168786023,0.7151434957799756,0.7126466168786023,0.002952895706713976,0.0054497746080872655,0.002952895706713976,0.0,1.0,0.1,False,True,1,False,1.0,0.7151434957799756,0.0,-0.0024968789013732895,low_detectability__low_harm
governance-calibration-probe-v1,pilot,2026,P3,char3gram,target_real_anchor,deployable_with_clean_target_threshold_anchor,True,False,pacc,ok,credit,CTGAN,0.8992893213626543,2026-P3-char3gram-target_real_anchor-credit-CTGAN-replace-0.000-0,0,1000,replace,0.0,0.0,1.0,1.0,1.0,1.0,0.9006605447155767,0.02159026508973931,0.6215704834948919,0.5878491815503728,0.4681973401086264,0.46951140152405957,0.052361396303901436,0.07802874743326489,0.9787261180411946,0.05,,-0.2790900612206848,0.44792113643432024,0.0023613963039014335,0.5414813645543894,True,0.052361396303901436,0.0,0.052361396303901436,1.0,0.045,0.052361396303901436,-0.007361396303901438,0.955,1.0,0.0,0.7096937211718883,0.7126466168786023,0.7151434957799756,0.7126466168786023,0.002952895706713976,0.0054497746080872655,0.002952895706713976,0.0,1.0,0.1,False,True,1,False,1.0,0.7151434957799756,0.0,-0.0024968789013732895,low_detectability__low_harm
governance-calibration-probe-v1,pilot,2026,P3,char3gram,oracle_target,diagnostic_oracle_not_deployable,True,True,cc,ok,credit,CTGAN,0.8992893213626543,2026-P3-char3gram-oracle_target-credit-CTGAN-replace-0.000-0,0,1000,replace,0.0,0.0,0.045,0.045,0.045,0.002025,0.9006605447155767,0.3808122079918312,0.6215704834948919,0.5878491815503728,0.2393989402437161,0.03210316274891588,0.052874743326488706,0.08008213552361396,0.5815656363906166,0.04996577686516085,0.07700205338809035,-0.2790900612206848,-0.3487090452429153,0.002908966461327857,0.5414813645543894,True,0.052874743326488706,0.0,0.052874743326488706,1.0,0.045,0.052874743326488706,-0.007874743326488708,0.0,0.045,0.0,0.7096937211718883,0.7126466168786023,0.7151434957799756,0.7126466168786023,0.002952895706713976,0.0054497746080872655,0.002952895706713976,0.0,1.0,0.1,False,False,0,False,0.0,0.7126466168786023,0.0024968789013732895,-0.0024968789013732895,low_detectability__low_harm
governance-calibration-probe-v1,pilot,2026,P3,char3gram,oracle_target,diagnostic_oracle_not_deployable,True,True,pcc,ok,credit,CTGAN,0.8992893213626543,2026-P3-char3gram-oracle_target-credit-CTGAN-replace-0.000-0,0,1000,replace,0.0,0.0,0.4790868896189744,0.4790868896189744,0.4790868896189744,0.22952424780478334,0.9006605447155767,0.3808122079918312,0.6215704834948919,0.5878491815503728,0.2393989402437161,0.03210316274891588,0.052874743326488706,0.08008213552361396,0.5815656363906166,0.04996577686516085,0.07700205338809035,-0.2790900612206848,-0.3487090452429153,0.002908966461327857,0.5414813645543894,True,0.052874743326488706,0.0,0.052874743326488706,1.0,0.045,0.052874743326488706,-0.007874743326488708,0.4340868896189744,0.4790868896189744,0.0,0.7096937211718883,0.7126466168786023,0.7151434957799756,0.7126466168786023,0.002952895706713976,0.0054497746080872655,0.002952895706713976,0.0,1.0,0.1,False,True,1,False,1.0,0.7151434957799756,0.0,-0.0024968789013732895,low_detectability__low_harm
governance-calibration-probe-v1,pilot,2026,P3,char3gram,oracle_target,diagnostic_oracle_not_deployable,True,True,pacc,ok,credit,CTGAN,0.8992893213626543,2026-P3-char3gram-oracle_target-credit-CTGAN-replace-0.000-0,0,1000,replace,0.0,0.0,0.0,0.0,0.0,0.0,0.9006605447155767,0.3808122079918312,0.6215704834948919,0.5878491815503728,0.2393989402437161,0.03210316274891588,0.052874743326488706,0.08008213552361396,0.5815656363906166,0.04996577686516085,0.07700205338809035,-0.2790900612206848,-0.3487090452429153,0.002908966461327857,0.5414813645543894,True,0.052874743326488706,0.0,0.052874743326488706,1.0,0.045,0.052874743326488706,-0.007874743326488708,-0.045,0.0,0.0,0.7096937211718883,0.7126466168786023,0.7151434957799756,0.7126466168786023,0.002952895706713976,0.0054497746080872655,0.002952895706713976,0.0,1.0,0.1,False,False,0,False,0.0,0.7126466168786023,0.0024968789013732895,-0.0024968789013732895,low_detectability__low_harm
governance-calibration-probe-v1,pilot,2026,P3,char3gram,source_only,deployable_without_target_data,False,False,cc,ok,credit,CTGAN,0.8992893213626543,2026-P3-char3gram-source_only-credit-CTGAN-replace-0.000-1,1,1000,replace,0.0,0.0,1.0,1.0,1.0,1.0,0.9006605447155767,0.02159026508973931,0.6215704834948919,0.5878491815503728,0.4681973401086264,0.46951140152405957,1.0,1.0,0.7721722246291797,0.04995159728944821,0.6559535333978703,-0.2790900612206848,0.44792113643432024,0.9500484027105518,0.5414813645543894,True,1.0,0.0,1.0,1.0,1.0,1.0,0.0,0.0,1.0,0.0,,,,,,,,0.0,1.0,0.1,False,True,1,False,,,,,harm_not_evaluated
governance-calibration-probe-v1,pilot,2026,P3,char3gram,source_only,deployable_without_target_data,False,False,pcc,ok,credit,CTGAN,0.8992893213626543,2026-P3-char3gram-source_only-credit-CTGAN-replace-0.000-1,1,1000,replace,0.0,0.0,0.9669442018747179,0.9669442018747179,0.9669442018747179,0.9349810895391352,0.9006605447155767,0.02159026508973931,0.6215704834948919,0.5878491815503728,0.4681973401086264,0.46951140152405957,1.0,1.0,0.7721722246291797,0.04995159728944821,0.6559535333978703,-0.2790900612206848,0.44792113643432024,0.9500484027105518,0.5414813645543894,True,1.0,0.0,1.0,1.0,1.0,1.0,0.0,-0.03305579812528214,0.9669442018747179,0.0,,,,,,,,0.0,1.0,0.1,False,True,1,False,,,,,harm_not_evaluated
governance-calibration-probe-v1,pilot,2026,P3,char3gram,source_only,deployable_without_target_data,False,False,pacc,ok,credit,CTGAN,0.8992893213626543,2026-P3-char3gram-source_only-credit-CTGAN-replace-0.000-1,1,1000,replace,0.0,0.0,1.0,1.0,1.0,1.0,0.9006605447155767,0.02159026508973931,0.6215704834948919,0.5878491815503728,0.4681973401086264,0.46951140152405957,1.0,1.0,0.7721722246291797,0.04995159728944821,0.6559535333978703,-0.2790900612206848,0.44792113643432024,0.9500484027105518,0.5414813645543894,True,1.0,0.0,1.0,1.0,1.0,1.0,0.0,0.0,1.0,0.0,,,,,,,,0.0,1.0,0.1,False,True,1,False,,,,,harm_not_evaluated
governance-calibration-probe-v1,pilot,2026,P3,char3gram,target_real_anchor,deployable_with_clean_target_threshold_anchor,True,False,cc,ok,credit,CTGAN,0.8992893213626543,2026-P3-char3gram-target_real_anchor-credit-CTGAN-replace-0.000-1,1,1000,replace,0.0,0.0,0.042,0.042,0.042,0.0017640000000000002,0.9006605447155767,0.02159026508973931,0.6215704834948919,0.5878491815503728,0.4681973401086264,0.46951140152405957,0.052361396303901436,0.07802874743326489,0.9787261180411946,0.05,,-0.2790900612206848,0.44792113643432024,0.0023613963039014335,0.5414813645543894,True,0.052361396303901436,0.0,0.052361396303901436,1.0,0.042,0.052361396303901436,-0.010361396303901434,0.0,0.042,0.0,,,,,,,,0.0,1.0,0.1,False,False,0,False,,,,,harm_not_evaluated
governance-calibration-probe-v1,pilot,2026,P3,char3gram,target_real_anchor,deployable_with_clean_target_threshold_anchor,True,False,pcc,ok,credit,CTGAN,0.8992893213626543,2026-P3-char3gram-target_real_anchor-credit-CTGAN-replace-0.000-1,1,1000,replace,0.0,0.0,0.9669442018747179,0.9669442018747179,0.9669442018747179,0.9349810895391352,0.9006605447155767,0.02159026508973931,0.6215704834948919,0.5878491815503728,0.4681973401086264,0.46951140152405957,0.052361396303901436,0.07802874743326489,0.9787261180411946,0.05,,-0.2790900612206848,0.44792113643432024,0.0023613963039014335,0.5414813645543894,True,0.052361396303901436,0.0,0.052361396303901436,1.0,0.042,0.052361396303901436,-0.010361396303901434,0.9249442018747178,0.9669442018747179,0.0,,,,,,,,0.0,1.0,0.1,False,True,1,False,,,,,harm_not_evaluated
governance-calibration-probe-v1,pilot,2026,P3,char3gram,target_real_anchor,deployable_with_clean_target_threshold_anchor,True,False,pacc,ok,credit,CTGAN,0.8992893213626543,2026-P3-char3gram-target_real_anchor-credit-CTGAN-replace-0.000-1,1,1000,replace,0.0,0.0,1.0,1.0,1.0,1.0,0.9006605447155767,0.02159026508973931,0.6215704834948919,0.5878491815503728,0.4681973401086264,0.46951140152405957,0.052361396303901436,0.07802874743326489,0.9787261180411946,0.05,,-0.2790900612206848,0.44792113643432024,0.0023613963039014335,0.5414813645543894,True,0.052361396303901436,0.0,0.052361396303901436,1.0,0.042,0.052361396303901436,-0.010361396303901434,0.958,1.0,0.0,,,,,,,,0.0,1.0,0.1,False,True,1,False,,,,,harm_not_evaluated
governance-calibration-probe-v1,pilot,2026,P3,char3gram,oracle_target,diagnostic_oracle_not_deployable,True,True,cc,ok,credit,CTGAN,0.8992893213626543,2026-P3-char3gram-oracle_target-credit-CTGAN-replace-0.000-1,1,1000,replace,0.0,0.0,0.043,0.043,0.043,0.0018489999999999997,0.9006605447155767,0.3808122079918312,0.6215704834948919,0.5878491815503728,0.2393989402437161,0.03210316274891588,0.052874743326488706,0.08008213552361396,0.5815656363906166,0.04996577686516085,0.07700205338809035,-0.2790900612206848,-0.3487090452429153,0.002908966461327857,0.5414813645543894,True,0.052874743326488706,0.0,0.052874743326488706,1.0,0.043,0.052874743326488706,-0.00987474332648871,0.0,0.043,0.0,,,,,,,,0.0,1.0,0.1,False,False,0,False,,,,,harm_not_evaluated
governance-calibration-probe-v1,pilot,2026,P3,char3gram,oracle_target,diagnostic_oracle_not_deployable,True,True,pcc,ok,credit,CTGAN,0.8992893213626543,2026-P3-char3gram-oracle_target-credit-CTGAN-replace-0.000-1,1,1000,replace,0.0,0.0,0.48228696058036874,0.48228696058036874,0.48228696058036874,0.23260071234585014,0.9006605447155767,0.3808122079918312,0.6215704834948919,0.5878491815503728,0.2393989402437161,0.03210316274891588,0.052874743326488706,0.08008213552361396,0.5815656363906166,0.04996577686516085,0.07700205338809035,-0.2790900612206848,-0.3487090452429153,0.002908966461327857,0.5414813645543894,True,0.052874743326488706,0.0,0.052874743326488706,1.0,0.043,0.052874743326488706,-0.00987474332648871,0.43928696058036876,0.48228696058036874,0.0,,,,,,,,0.0,1.0,0.1,False,True,1,False,,,,,harm_not_evaluated
governance-calibration-probe-v1,pilot,2026,P3,char3gram,oracle_target,diagnostic_oracle_not_deployable,True,True,pacc,ok,credit,CTGAN,0.8992893213626543,2026-P3-char3gram-oracle_target-credit-CTGAN-replace-0.000-1,1,1000,replace,0.0,0.0,0.0,0.0,0.0,0.0,0.9006605447155767,0.3808122079918312,0.6215704834948919,0.5878491815503728,0.2393989402437161,0.03210316274891588,0.052874743326488706,0.08008213552361396,0.5815656363906166,0.04996577686516085,0.07700205338809035,-0.2790900612206848,-0.3487090452429153,0.002908966461327857,0.5414813645543894,True,0.052874743326488706,0.0,0.052874743326488706,1.0,0.043,0.052874743326488706,-0.00987474332648871,-0.043,0.0,0.0,,,,,,,,0.0,1.0,0.1,False,False,0,False,,,,,harm_not_evaluated
governance-calibration-probe-v1,pilot,2026,P3,char3gram,source_only,deployable_without_target_data,False,False,cc,ok,credit,CTGAN,0.8992893213626543,2026-P3-char3gram-source_only-credit-CTGAN-replace-0.050-0,0,1000,replace,0.05,0.05,1.0,0.95,0.95,0.9025,0.9006605447155767,0.02159026508973931,0.6215704834948919,0.5878491815503728,0.4681973401086264,0.46951140152405957,1.0,1.0,0.7721722246291797,0.04995159728944821,0.6559535333978703,-0.2790900612206848,0.44792113643432024,0.9500484027105518,0.5414813645543894,True,1.0,0.05,0.95,0.95,1.0,0.95,0.0,0.0,0.95,0.0,0.7026441499024423,0.7002609014181375,,0.6994998766511921,-0.002383248484304823,,-0.003144273251250218,0.05,1.0,0.1,False,True,1,False,1.0,,,,low_detectability__low_harm
governance-calibration-probe-v1,pilot,2026,P3,char3gram,source_only,deployable_without_target_data,False,False,pcc,ok,credit,CTGAN,0.8992893213626543,2026-P3-char3gram-source_only-credit-CTGAN-replace-0.050-0,0,1000,replace,0.05,0.05,0.9674395292035189,0.9174395292035189,0.9174395292035189,0.8416952897451744,0.9006605447155767,0.02159026508973931,0.6215704834948919,0.5878491815503728,0.4681973401086264,0.46951140152405957,1.0,1.0,0.7721722246291797,0.04995159728944821,0.6559535333978703,-0.2790900612206848,0.44792113643432024,0.9500484027105518,0.5414813645543894,True,1.0,0.05,0.95,0.95,1.0,0.95,0.0,-0.032560470796481056,0.9174395292035189,0.0,0.7026441499024423,0.7002609014181375,,0.6994998766511921,-0.002383248484304823,,-0.003144273251250218,0.05,1.0,0.1,False,True,1,False,1.0,,,,low_detectability__low_harm
governance-calibration-probe-v1,pilot,2026,P3,char3gram,source_only,deployable_without_target_data,False,False,pacc,ok,credit,CTGAN,0.8992893213626543,2026-P3-char3gram-source_only-credit-CTGAN-replace-0.050-0,0,1000,replace,0.05,0.05,1.0,0.95,0.95,0.9025,0.9006605447155767,0.02159026508973931,0.6215704834948919,0.5878491815503728,0.4681973401086264,0.46951140152405957,1.0,1.0,0.7721722246291797,0.04995159728944821,0.6559535333978703,-0.2790900612206848,0.44792113643432024,0.9500484027105518,0.5414813645543894,True,1.0,0.05,0.95,0.95,1.0,0.95,0.0,0.0,0.95,0.0,0.7026441499024423,0.7002609014181375,,0.6994998766511921,-0.002383248484304823,,-0.003144273251250218,0.05,1.0,0.1,False,True,1,False,1.0,,,,low_detectability__low_harm
governance-calibration-probe-v1,pilot,2026,P3,char3gram,target_real_anchor,deployable_with_clean_target_threshold_anchor,True,False,cc,ok,credit,CTGAN,0.8992893213626543,2026-P3-char3gram-target_real_anchor-credit-CTGAN-replace-0.050-0,0,1000,replace,0.05,0.05,0.05,0.0,0.0,0.0,0.9006605447155767,0.02159026508973931,0.6215704834948919,0.5878491815503728,0.4681973401086264,0.46951140152405957,0.052361396303901436,0.07802874743326489,0.9787261180411946,0.05,,-0.2790900612206848,0.44792113643432024,0.0023613963039014335,0.5414813645543894,True,0.05364476386036961,0.0039014373716632447,0.049743326488706364,0.9272727272727272,0.05,0.003644763860369604,-0.003644763860369604,0.0,0.0,0.0,0.7026441499024423,0.7002609014181375,0.7055043471110214,0.6994998766511921,-0.002383248484304823,0.002860197208579107,-0.003144273251250218,0.1,0.1,0.1,False,False,0,True,1.0,0.7002609014181375,0.00524344569288393,-0.006004470459829325,low_detectability__low_harm
governance-calibration-probe-v1,pilot,2026,P3,char3gram,target_real_anchor,deployable_with_clean_target_threshold_anchor,True,False,pcc,ok,credit,CTGAN,0.8992893213626543,2026-P3-char3gram-target_real_anchor-credit-CTGAN-replace-0.050-0,0,1000,replace,0.05,0.05,0.9674395292035189,0.9174395292035189,0.9174395292035189,0.8416952897451744,0.9006605447155767,0.02159026508973931,0.6215704834948919,0.5878491815503728,0.4681973401086264,0.46951140152405957,0.052361396303901436,0.07802874743326489,0.9787261180411946,0.05,,-0.2790900612206848,0.44792113643432024,0.0023613963039014335,0.5414813645543894,True,0.05364476386036961,0.0039014373716632447,0.049743326488706364,0.9272727272727272,0.05,0.003644763860369604,-0.003644763860369604,0.9174395292035189,0.9174395292035189,0.0,0.7026441499024423,0.7002609014181375,0.7055043471110214,0.6994998766511921,-0.002383248484304823,0.002860197208579107,-0.003144273251250218,0.1,0.1,0.1,False,True,1,True,0.0,0.7055043471110214,0.0,-0.006004470459829325,low_detectability__low_harm
governance-calibration-probe-v1,pilot,2026,P3,char3gram,target_real_anchor,deployable_with_clean_target_threshold_anchor,True,False,pacc,ok,credit,CTGAN,0.8992893213626543,2026-P3-char3gram-target_real_anchor-credit-CTGAN-replace-0.050-0,0,1000,replace,0.05,0.05,1.0,0.95,0.95,0.9025,0.9006605447155767,0.02159026508973931,0.6215704834948919,0.5878491815503728,0.4681973401086264,0.46951140152405957,0.052361396303901436,0.07802874743326489,0.9787261180411946,0.05,,-0.2790900612206848,0.44792113643432024,0.0023613963039014335,0.5414813645543894,True,0.05364476386036961,0.0039014373716632447,0.049743326488706364,0.9272727272727272,0.05,0.003644763860369604,-0.003644763860369604,0.95,0.95,0.0,0.7026441499024423,0.7002609014181375,0.7055043471110214,0.6994998766511921,-0.002383248484304823,0.002860197208579107,-0.003144273251250218,0.1,0.1,0.1,False,True,1,True,0.0,0.7055043471110214,0.0,-0.006004470459829325,low_detectability__low_harm
governance-calibration-probe-v1,pilot,2026,P3,char3gram,oracle_target,diagnostic_oracle_not_deployable,True,True,cc,ok,credit,CTGAN,0.8992893213626543,2026-P3-char3gram-oracle_target-credit-CTGAN-replace-0.050-0,0,1000,replace,0.05,0.05,0.05,0.0,0.0,0.0,0.9006605447155767,0.3808122079918312,0.6215704834948919,0.5878491815503728,0.2393989402437161,0.03210316274891588,0.052874743326488706,0.08008213552361396,0.5815656363906166,0.04996577686516085,0.07700205338809035,-0.2790900612206848,-0.3487090452429153,0.002908966461327857,0.5414813645543894,True,0.05423511293634496,0.004004106776180698,0.050231006160164265,0.926171320397539,0.05,0.004235112936344959,-0.004235112936344959,0.0,0.0,0.0,0.7026441499024423,0.7002609014181375,0.7055043471110214,0.6994998766511921,-0.002383248484304823,0.002860197208579107,-0.003144273251250218,0.1,0.1,0.1,False,False,0,True,1.0,0.7002609014181375,0.00524344569288393,-0.006004470459829325,low_detectability__low_harm
governance-calibration-probe-v1,pilot,2026,P3,char3gram,oracle_target,diagnostic_oracle_not_deployable,True,True,pcc,ok,credit,CTGAN,0.8992893213626543,2026-P3-char3gram-oracle_target-credit-CTGAN-replace-0.050-0,0,1000,replace,0.05,0.05,0.4860252564222747,0.4360252564222747,0.4360252564222747,0.1901180242381104,0.9006605447155767,0.3808122079918312,0.6215704834948919,0.5878491815503728,0.2393989402437161,0.03210316274891588,0.052874743326488706,0.08008213552361396,0.5815656363906166,0.04996577686516085,0.07700205338809035,-0.2790900612206848,-0.3487090452429153,0.002908966461327857,0.5414813645543894,True,0.05423511293634496,0.004004106776180698,0.050231006160164265,0.926171320397539,0.05,0.004235112936344959,-0.004235112936344959,0.4360252564222747,0.4360252564222747,0.0,0.7026441499024423,0.7002609014181375,0.7055043471110214,0.6994998766511921,-0.002383248484304823,0.002860197208579107,-0.003144273251250218,0.1,0.1,0.1,False,True,1,True,0.0,0.7055043471110214,0.0,-0.006004470459829325,low_detectability__low_harm
governance-calibration-probe-v1,pilot,2026,P3,char3gram,oracle_target,diagnostic_oracle_not_deployable,True,True,pacc,ok,credit,CTGAN,0.8992893213626543,2026-P3-char3gram-oracle_target-credit-CTGAN-replace-0.050-0,0,1000,replace,0.05,0.05,0.07477336316572572,0.024773363165725718,0.024773363165725718,0.0006137195225409357,0.9006605447155767,0.3808122079918312,0.6215704834948919,0.5878491815503728,0.2393989402437161,0.03210316274891588,0.052874743326488706,0.08008213552361396,0.5815656363906166,0.04996577686516085,0.07700205338809035,-0.2790900612206848,-0.3487090452429153,0.002908966461327857,0.5414813645543894,True,0.05423511293634496,0.004004106776180698,0.050231006160164265,0.926171320397539,0.05,0.004235112936344959,-0.004235112936344959,0.024773363165725718,0.024773363165725718,0.0,0.7026441499024423,0.7002609014181375,0.7055043471110214,0.6994998766511921,-0.002383248484304823,0.002860197208579107,-0.003144273251250218,0.1,0.1,0.1,False,False,0,True,1.0,0.7002609014181375,0.00524344569288393,-0.006004470459829325,low_detectability__low_harm
governance-calibration-probe-v1,pilot,2026,P3,char3gram,source_only,deployable_without_target_data,False,False,cc,ok,credit,CTGAN,0.8992893213626543,2026-P3-char3gram-source_only-credit-CTGAN-replace-0.050-1,1,1000,replace,0.05,0.05,1.0,0.95,0.95,0.9025,0.9006605447155767,0.02159026508973931,0.6215704834948919,0.5878491815503728,0.4681973401086264,0.46951140152405957,1.0,1.0,0.7721722246291797,0.04995159728944821,0.6559535333978703,-0.2790900612206848,0.44792113643432024,0.9500484027105518,0.5414813645543894,True,1.0,0.05,0.95,0.95,1.0,0.95,0.0,0.0,0.95,0.0,,,,,,,,0.05,1.0,0.1,False,True,1,False,,,,,harm_not_evaluated
governance-calibration-probe-v1,pilot,2026,P3,char3gram,source_only,deployable_without_target_data,False,False,pcc,ok,credit,CTGAN,0.8992893213626543,2026-P3-char3gram-source_only-credit-CTGAN-replace-0.050-1,1,1000,replace,0.05,0.05,0.9666704575529312,0.9166704575529312,0.9166704575529312,0.8402847277503003,0.9006605447155767,0.02159026508973931,0.6215704834948919,0.5878491815503728,0.4681973401086264,0.46951140152405957,1.0,1.0,0.7721722246291797,0.04995159728944821,0.6559535333978703,-0.2790900612206848,0.44792113643432024,0.9500484027105518,0.5414813645543894,True,1.0,0.05,0.95,0.95,1.0,0.95,0.0,-0.03332954244706876,0.9166704575529312,0.0,,,,,,,,0.05,1.0,0.1,False,True,1,False,,,,,harm_not_evaluated
governance-calibration-probe-v1,pilot,2026,P3,char3gram,source_only,deployable_without_target_data,False,False,pacc,ok,credit,CTGAN,0.8992893213626543,2026-P3-char3gram-source_only-credit-CTGAN-replace-0.050-1,1,1000,replace,0.05,0.05,1.0,0.95,0.95,0.9025,0.9006605447155767,0.02159026508973931,0.6215704834948919,0.5878491815503728,0.4681973401086264,0.46951140152405957,1.0,1.0,0.7721722246291797,0.04995159728944821,0.6559535333978703,-0.2790900612206848,0.44792113643432024,0.9500484027105518,0.5414813645543894,True,1.0,0.05,0.95,0.95,1.0,0.95,0.0,0.0,0.95,0.0,,,,,,,,0.05,1.0,0.1,False,True,1,False,,,,,harm_not_evaluated
governance-calibration-probe-v1,pilot,2026,P3,char3gram,target_real_anchor,deployable_with_clean_target_threshold_anchor,True,False,cc,ok,credit,CTGAN,0.8992893213626543,2026-P3-char3gram-target_real_anchor-credit-CTGAN-replace-0.050-1,1,1000,replace,0.05,0.05,0.039,-0.011000000000000003,0.011000000000000003,0.00012100000000000007,0.9006605447155767,0.02159026508973931,0.6215704834948919,0.5878491815503728,0.4681973401086264,0.46951140152405957,0.052361396303901436,0.07802874743326489,0.9787261180411946,0.05,,-0.2790900612206848,0.44792113643432024,0.0023613963039014335,0.5414813645543894,True,0.05364476386036961,0.0039014373716632447,0.049743326488706364,0.9272727272727272,0.039,0.003644763860369604,-0.014644763860369607,0.0,-0.011000000000000003,0.0,,,,,,,,0.02564102564102564,0.02,0.1,False,False,0,False,,,,,harm_not_evaluated
governance-calibration-probe-v1,pilot,2026,P3,char3gram,target_real_anchor,deployable_with_clean_target_threshold_anchor,True,False,pcc,ok,credit,CTGAN,0.8992893213626543,2026-P3-char3gram-target_real_anchor-credit-CTGAN-replace-0.050-1,1,1000,replace,0.05,0.05,0.9666704575529312,0.9166704575529312,0.9166704575529312,0.8402847277503003,0.9006605447155767,0.02159026508973931,0.6215704834948919,0.5878491815503728,0.4681973401086264,0.46951140152405957,0.052361396303901436,0.07802874743326489,0.9787261180411946,0.05,,-0.2790900612206848,0.44792113643432024,0.0023613963039014335,0.5414813645543894,True,0.05364476386036961,0.0039014373716632447,0.049743326488706364,0.9272727272727272,0.039,0.003644763860369604,-0.014644763860369607,0.9276704575529312,0.9166704575529312,0.0,,,,,,,,0.02564102564102564,0.02,0.1,False,True,1,False,,,,,harm_not_evaluated
governance-calibration-probe-v1,pilot,2026,P3,char3gram,target_real_anchor,deployable_with_clean_target_threshold_anchor,True,False,pacc,ok,credit,CTGAN,0.8992893213626543,2026-P3-char3gram-target_real_anchor-credit-CTGAN-replace-0.050-1,1,1000,replace,0.05,0.05,1.0,0.95,0.95,0.9025,0.9006605447155767,0.02159026508973931,0.6215704834948919,0.5878491815503728,0.4681973401086264,0.46951140152405957,0.052361396303901436,0.07802874743326489,0.9787261180411946,0.05,,-0.2790900612206848,0.44792113643432024,0.0023613963039014335,0.5414813645543894,True,0.05364476386036961,0.0039014373716632447,0.049743326488706364,0.9272727272727272,0.039,0.003644763860369604,-0.014644763860369607,0.961,0.95,0.0,,,,,,,,0.02564102564102564,0.02,0.1,False,True,1,False,,,,,harm_not_evaluated
governance-calibration-probe-v1,pilot,2026,P3,char3gram,oracle_target,diagnostic_oracle_not_deployable,True,True,cc,ok,credit,CTGAN,0.8992893213626543,2026-P3-char3gram-oracle_target-credit-CTGAN-replace-0.050-1,1,1000,replace,0.05,0.05,0.043,-0.007000000000000006,0.007000000000000006,4.9000000000000087e-05,0.9006605447155767,0.3808122079918312,0.6215704834948919,0.5878491815503728,0.2393989402437161,0.03210316274891588,0.052874743326488706,0.08008213552361396,0.5815656363906166,0.04996577686516085,0.07700205338809035,-0.2790900612206848,-0.3487090452429153,0.002908966461327857,0.5414813645543894,True,0.05423511293634496,0.004004106776180698,0.050231006160164265,0.926171320397539,0.043,0.004235112936344959,-0.011235112936344965,0.0,-0.007000000000000006,0.0,,,,,,,,0.023255813953488372,0.02,0.1,False,False,0,False,,,,,harm_not_evaluated
governance-calibration-probe-v1,pilot,2026,P3,char3gram,oracle_target,diagnostic_oracle_not_deployable,True,True,pcc,ok,credit,CTGAN,0.8992893213626543,2026-P3-char3gram-oracle_target-credit-CTGAN-replace-0.050-1,1,1000,replace,0.05,0.05,0.48250132680625346,0.43250132680625347,0.43250132680625347,0.18705739768916968,0.9006605447155767,0.3808122079918312,0.6215704834948919,0.5878491815503728,0.2393989402437161,0.03210316274891588,0.052874743326488706,0.08008213552361396,0.5815656363906166,0.04996577686516085,0.07700205338809035,-0.2790900612206848,-0.3487090452429153,0.002908966461327857,0.5414813645543894,True,0.05423511293634496,0.004004106776180698,0.050231006160164265,0.926171320397539,0.043,0.004235112936344959,-0.011235112936344965,0.4395013268062535,0.43250132680625347,0.0,,,,,,,,0.023255813953488372,0.02,0.1,False,True,1,False,,,,,harm_not_evaluated
governance-calibration-probe-v1,pilot,2026,P3,char3gram,oracle_target,diagnostic_oracle_not_deployable,True,True,pacc,ok,credit,CTGAN,0.8992893213626543,2026-P3-char3gram-oracle_target-credit-CTGAN-replace-0.050-1,1,1000,replace,0.05,0.05,0.0,-0.05,0.05,0.0025000000000000005,0.9006605447155767,0.3808122079918312,0.6215704834948919,0.5878491815503728,0.2393989402437161,0.03210316274891588,0.052874743326488706,0.08008213552361396,0.5815656363906166,0.04996577686516085,0.07700205338809035,-0.2790900612206848,-0.3487090452429153,0.002908966461327857,0.5414813645543894,True,0.05423511293634496,0.004004106776180698,0.050231006160164265,0.926171320397539,0.043,0.004235112936344959,-0.011235112936344965,-0.043,-0.05,0.0,,,,,,,,0.023255813953488372,0.02,0.1,False,False,0,False,,,,,harm_not_evaluated
governance-calibration-probe-v1,pilot,2026,P3,char3gram,source_only,deployable_without_target_data,False,False,cc,ok,credit,CTGAN,0.8992893213626543,2026-P3-char3gram-source_only-credit-CTGAN-replace-0.100-0,0,1000,replace,0.1,0.1,1.0,0.9,0.9,0.81,0.9006605447155767,0.02159026508973931,0.6215704834948919,0.5878491815503728,0.4681973401086264,0.46951140152405957,1.0,1.0,0.7721722246291797,0.04995159728944821,0.6559535333978703,-0.2790900612206848,0.44792113643432024,0.9500484027105518,0.5414813645543894,True,1.0,0.1,0.9,0.9,1.0,0.9,0.0,0.0,0.9,0.0,0.7029820508795144,0.7044921393168718,,0.7030089633467149,0.0015100884373574486,,2.6912467200546075e-05,0.1,1.0,0.1,True,True,0,False,1.0,,,,low_detectability__low_harm
governance-calibration-probe-v1,pilot,2026,P3,char3gram,source_only,deployable_without_target_data,False,False,pcc,ok,credit,CTGAN,0.8992893213626543,2026-P3-char3gram-source_only-credit-CTGAN-replace-0.100-0,0,1000,replace,0.1,0.1,0.9674123654573245,0.8674123654573245,0.8674123654573245,0.752404211748271,0.9006605447155767,0.02159026508973931,0.6215704834948919,0.5878491815503728,0.4681973401086264,0.46951140152405957,1.0,1.0,0.7721722246291797,0.04995159728944821,0.6559535333978703,-0.2790900612206848,0.44792113643432024,0.9500484027105518,0.5414813645543894,True,1.0,0.1,0.9,0.9,1.0,0.9,0.0,-0.03258763454267555,0.8674123654573245,0.0,0.7029820508795144,0.7044921393168718,,0.7030089633467149,0.0015100884373574486,,2.6912467200546075e-05,0.1,1.0,0.1,True,True,0,False,1.0,,,,low_detectability__low_harm
governance-calibration-probe-v1,pilot,2026,P3,char3gram,source_only,deployable_without_target_data,False,False,pacc,ok,credit,CTGAN,0.8992893213626543,2026-P3-char3gram-source_only-credit-CTGAN-replace-0.100-0,0,1000,replace,0.1,0.1,1.0,0.9,0.9,0.81,0.9006605447155767,0.02159026508973931,0.6215704834948919,0.5878491815503728,0.4681973401086264,0.46951140152405957,1.0,1.0,0.7721722246291797,0.04995159728944821,0.6559535333978703,-0.2790900612206848,0.44792113643432024,0.9500484027105518,0.5414813645543894,True,1.0,0.1,0.9,0.9,1.0,0.9,0.0,0.0,0.9,0.0,0.7029820508795144,0.7044921393168718,,0.7030089633467149,0.0015100884373574486,,2.6912467200546075e-05,0.1,1.0,0.1,True,True,0,False,1.0,,,,low_detectability__low_harm
governance-calibration-probe-v1,pilot,2026,P3,char3gram,target_real_anchor,deployable_with_clean_target_threshold_anchor,True,False,cc,ok,credit,CTGAN,0.8992893213626543,2026-P3-char3gram-target_real_anchor-credit-CTGAN-replace-0.100-0,0,1000,replace,0.1,0.1,0.048,-0.052000000000000005,0.052000000000000005,0.0027040000000000007,0.9006605447155767,0.02159026508973931,0.6215704834948919,0.5878491815503728,0.4681973401086264,0.46951140152405957,0.052361396303901436,0.07802874743326489,0.9787261180411946,0.05,,-0.2790900612206848,0.44792113643432024,0.0023613963039014335,0.5414813645543894,True,0.054928131416837785,0.007802874743326489,0.04712525667351129,0.8579439252336448,0.048,-0.04507186858316222,-0.006928131416837784,0.0,-0.052000000000000005,0.0,0.7029820508795144,0.7044921393168718,0.7015556901178915,0.7030089633467149,0.0015100884373574486,-0.0014263607616228358,2.6912467200546075e-05,0.25,0.12,0.1,True,False,1,False,0.0,0.7044921393168718,0.0,0.0014532732288233818,low_detectability__low_harm
governance-calibration-probe-v1,pilot,2026,P3,char3gram,target_real_anchor,deployable_with_clean_target_threshold_anchor,True,False,pcc,ok,credit,CTGAN,0.8992893213626543,2026-P3-char3gram-target_real_anchor-credit-CTGAN-replace-0.100-0,0,1000,replace,0.1,0.1,0.9674123654573245,0.8674123654573245,0.8674123654573245,0.752404211748271,0.9006605447155767,0.02159026508973931,0.6215704834948919,0.5878491815503728,0.4681973401086264,0.46951140152405957,0.052361396303901436,0.07802874743326489,0.9787261180411946,0.05,,-0.2790900612206848,0.44792113643432024,0.0023613963039014335,0.5414813645543894,True,0.054928131416837785,0.007802874743326489,0.04712525667351129,0.8579439252336448,0.048,-0.04507186858316222,-0.006928131416837784,0.9194123654573244,0.8674123654573244,1.1102230246251565e-16,0.7029820508795144,0.7044921393168718,0.7015556901178915,0.7030089633467149,0.0015100884373574486,-0.0014263607616228358,2.6912467200546075e-05,0.25,0.12,0.1,True,True,0,False,1.0,0.7015556901178915,0.0029364491989802843,0.0014532732288233818,low_detectability__low_harm
governance-calibration-probe-v1,pilot,2026,P3,char3gram,target_real_anchor,deployable_with_clean_target_threshold_anchor,True,False,pacc,ok,credit,CTGAN,0.8992893213626543,2026-P3-char3gram-target_real_anchor-credit-CTGAN-replace-0.100-0,0,1000,replace,0.1,0.1,1.0,0.9,0.9,0.81,0.9006605447155767,0.02159026508973931,0.6215704834948919,0.5878491815503728,0.4681973401086264,0.46951140152405957,0.052361396303901436,0.07802874743326489,0.9787261180411946,0.05,,-0.2790900612206848,0.44792113643432024,0.0023613963039014335,0.5414813645543894,True,0.054928131416837785,0.007802874743326489,0.04712525667351129,0.8579439252336448,0.048,-0.04507186858316222,-0.006928131416837784,0.952,0.8999999999999999,1.1102230246251565e-16,0.7029820508795144,0.7044921393168718,0.7015556901178915,0.7030089633467149,0.0015100884373574486,-0.0014263607616228358,2.6912467200546075e-05,0.25,0.12,0.1,True,True,0,False,1.0,0.7015556901178915,0.0029364491989802843,0.0014532732288233818,low_detectability__low_harm
governance-calibration-probe-v1,pilot,2026,P3,char3gram,oracle_target,diagnostic_oracle_not_deployable,True,True,cc,ok,credit,CTGAN,0.8992893213626543,2026-P3-char3gram-oracle_target-credit-CTGAN-replace-0.100-0,0,1000,replace,0.1,0.1,0.048,-0.052000000000000005,0.052000000000000005,0.0027040000000000007,0.9006605447155767,0.3808122079918312,0.6215704834948919,0.5878491815503728,0.2393989402437161,0.03210316274891588,0.052874743326488706,0.08008213552361396,0.5815656363906166,0.04996577686516085,0.07700205338809035,-0.2790900612206848,-0.3487090452429153,0.002908966461327857,0.5414813645543894,True,0.05559548254620124,0.008008213552361396,0.04758726899383984,0.85595567867036,0.048,-0.04440451745379877,-0.007595482546201238,0.0,-0.052000000000000005,0.0,0.7029820508795144,0.7044921393168718,0.7015556901178915,0.7030089633467149,0.0015100884373574486,-0.0014263607616228358,2.6912467200546075e-05,0.25,0.12,0.1,True,False,1,False,0.0,0.7044921393168718,0.0,0.0014532732288233818,low_detectability__low_harm
governance-calibration-probe-v1,pilot,2026,P3,char3gram,oracle_target,diagnostic_oracle_not_deployable,True,True,pcc,ok,credit,CTGAN,0.8992893213626543,2026-P3-char3gram-oracle_target-credit-CTGAN-replace-0.100-0,0,1000,replace,0.1,0.1,0.48537292307629243,0.38537292307629245,0.38537292307629245,0.14851228984036602,0.9006605447155767,0.3808122079918312,0.6215704834948919,0.5878491815503728,0.2393989402437161,0.03210316274891588,0.052874743326488706,0.08008213552361396,0.5815656363906166,0.04996577686516085,0.07700205338809035,-0.2790900612206848,-0.3487090452429153,0.002908966461327857,0.5414813645543894,True,0.05559548254620124,0.008008213552361396,0.04758726899383984,0.85595567867036,0.048,-0.04440451745379877,-0.007595482546201238,0.43737292307629244,0.38537292307629245,0.0,0.7029820508795144,0.7044921393168718,0.7015556901178915,0.7030089633467149,0.0015100884373574486,-0.0014263607616228358,2.6912467200546075e-05,0.25,0.12,0.1,True,True,0,False,1.0,0.7015556901178915,0.0029364491989802843,0.0014532732288233818,low_detectability__low_harm
governance-calibration-probe-v1,pilot,2026,P3,char3gram,oracle_target,diagnostic_oracle_not_deployable,True,True,pacc,ok,credit,CTGAN,0.8992893213626543,2026-P3-char3gram-oracle_target-credit-CTGAN-replace-0.100-0,0,1000,replace,0.1,0.1,0.05502208463573617,-0.044977915364263835,0.044977915364263835,0.002023012870514881,0.9006605447155767,0.3808122079918312,0.6215704834948919,0.5878491815503728,0.2393989402437161,0.03210316274891588,0.052874743326488706,0.08008213552361396,0.5815656363906166,0.04996577686516085,0.07700205338809035,-0.2790900612206848,-0.3487090452429153,0.002908966461327857,0.5414813645543894,True,0.05559548254620124,0.008008213552361396,0.04758726899383984,0.85595567867036,0.048,-0.04440451745379877,-0.007595482546201238,0.00702208463573617,-0.044977915364263835,0.0,0.7029820508795144,0.7044921393168718,0.7015556901178915,0.7030089633467149,0.0015100884373574486,-0.0014263607616228358,2.6912467200546075e-05,0.25,0.12,0.1,True,False,1,False,0.0,0.7044921393168718,0.0,0.0014532732288233818,low_detectability__low_harm
governance-calibration-probe-v1,pilot,2026,P3,char3gram,source_only,deployable_without_target_data,False,False,cc,ok,credit,CTGAN,0.8992893213626543,2026-P3-char3gram-source_only-credit-CTGAN-replace-0.100-1,1,1000,replace,0.1,0.1,1.0,0.9,0.9,0.81,0.9006605447155767,0.02159026508973931,0.6215704834948919,0.5878491815503728,0.4681973401086264,0.46951140152405957,1.0,1.0,0.7721722246291797,0.04995159728944821,0.6559535333978703,-0.2790900612206848,0.44792113643432024,0.9500484027105518,0.5414813645543894,True,1.0,0.1,0.9,0.9,1.0,0.9,0.0,0.0,0.9,0.0,,,,,,,,0.1,1.0,0.1,True,True,0,False,,,,,harm_not_evaluated
governance-calibration-probe-v1,pilot,2026,P3,char3gram,source_only,deployable_without_target_data,False,False,pcc,ok,credit,CTGAN,0.8992893213626543,2026-P3-char3gram-source_only-credit-CTGAN-replace-0.100-1,1,1000,replace,0.1,0.1,0.9673086159393102,0.8673086159393102,0.8673086159393102,0.7522242352825619,0.9006605447155767,0.02159026508973931,0.6215704834948919,0.5878491815503728,0.4681973401086264,0.46951140152405957,1.0,1.0,0.7721722246291797,0.04995159728944821,0.6559535333978703,-0.2790900612206848,0.44792113643432024,0.9500484027105518,0.5414813645543894,True,1.0,0.1,0.9,0.9,1.0,0.9,0.0,-0.03269138406068983,0.8673086159393102,0.0,,,,,,,,0.1,1.0,0.1,True,True,0,False,,,,,harm_not_evaluated
governance-calibration-probe-v1,pilot,2026,P3,char3gram,source_only,deployable_without_target_data,False,False,pacc,ok,credit,CTGAN,0.8992893213626543,2026-P3-char3gram-source_only-credit-CTGAN-replace-0.100-1,1,1000,replace,0.1,0.1,1.0,0.9,0.9,0.81,0.9006605447155767,0.02159026508973931,0.6215704834948919,0.5878491815503728,0.4681973401086264,0.46951140152405957,1.0,1.0,0.7721722246291797,0.04995159728944821,0.6559535333978703,-0.2790900612206848,0.44792113643432024,0.9500484027105518,0.5414813645543894,True,1.0,0.1,0.9,0.9,1.0,0.9,0.0,0.0,0.9,0.0,,,,,,,,0.1,1.0,0.1,True,True,0,False,,,,,harm_not_evaluated
governance-calibration-probe-v1,pilot,2026,P3,char3gram,target_real_anchor,deployable_with_clean_target_threshold_anchor,True,False,cc,ok,credit,CTGAN,0.8992893213626543,2026-P3-char3gram-target_real_anchor-credit-CTGAN-replace-0.100-1,1,1000,replace,0.1,0.1,0.047,-0.053000000000000005,0.053000000000000005,0.0028090000000000007,0.9006605447155767,0.02159026508973931,0.6215704834948919,0.5878491815503728,0.4681973401086264,0.46951140152405957,0.052361396303901436,0.07802874743326489,0.9787261180411946,0.05,,-0.2790900612206848,0.44792113643432024,0.0023613963039014335,0.5414813645543894,True,0.054928131416837785,0.007802874743326489,0.04712525667351129,0.8579439252336448,0.047,-0.04507186858316222,-0.007928131416837784,0.0,-0.053000000000000005,0.0,,,,,,,,0.0851063829787234,0.04,0.1,True,False,1,False,,,,,harm_not_evaluated
governance-calibration-probe-v1,pilot,2026,P3,char3gram,target_real_anchor,deployable_with_clean_target_threshold_anchor,True,False,pcc,ok,credit,CTGAN,0.8992893213626543,2026-P3-char3gram-target_real_anchor-credit-CTGAN-replace-0.100-1,1,1000,replace,0.1,0.1,0.9673086159393102,0.8673086159393102,0.8673086159393102,0.7522242352825619,0.9006605447155767,0.02159026508973931,0.6215704834948919,0.5878491815503728,0.4681973401086264,0.46951140152405957,0.052361396303901436,0.07802874743326489,0.9787261180411946,0.05,,-0.2790900612206848,0.44792113643432024,0.0023613963039014335,0.5414813645543894,True,0.054928131416837785,0.007802874743326489,0.04712525667351129,0.8579439252336448,0.047,-0.04507186858316222,-0.007928131416837784,0.9203086159393101,0.8673086159393101,1.1102230246251565e-16,,,,,,,,0.0851063829787234,0.04,0.1,True,True,0,False,,,,,harm_not_evaluated
governance-calibration-probe-v1,pilot,2026,P3,char3gram,target_real_anchor,deployable_with_clean_target_threshold_anchor,True,False,pacc,ok,credit,CTGAN,0.8992893213626543,2026-P3-char3gram-target_real_anchor-credit-CTGAN-replace-0.100-1,1,1000,replace,0.1,0.1,1.0,0.9,0.9,0.81,0.9006605447155767,0.02159026508973931,0.6215704834948919,0.5878491815503728,0.4681973401086264,0.46951140152405957,0.052361396303901436,0.07802874743326489,0.9787261180411946,0.05,,-0.2790900612206848,0.44792113643432024,0.0023613963039014335,0.5414813645543894,True,0.054928131416837785,0.007802874743326489,0.04712525667351129,0.8579439252336448,0.047,-0.04507186858316222,-0.007928131416837784,0.953,0.8999999999999999,1.1102230246251565e-16,,,,,,,,0.0851063829787234,0.04,0.1,True,True,0,False,,,,,harm_not_evaluated
governance-calibration-probe-v1,pilot,2026,P3,char3gram,oracle_target,diagnostic_oracle_not_deployable,True,True,cc,ok,credit,CTGAN,0.8992893213626543,2026-P3-char3gram-oracle_target-credit-CTGAN-replace-0.100-1,1,1000,replace,0.1,0.1,0.051,-0.04900000000000001,0.04900000000000001,0.002401000000000001,0.9006605447155767,0.3808122079918312,0.6215704834948919,0.5878491815503728,0.2393989402437161,0.03210316274891588,0.052874743326488706,0.08008213552361396,0.5815656363906166,0.04996577686516085,0.07700205338809035,-0.2790900612206848,-0.3487090452429153,0.002908966461327857,0.5414813645543894,True,0.05559548254620124,0.008008213552361396,0.04758726899383984,0.85595567867036,0.051,-0.04440451745379877,-0.004595482546201242,0.0,-0.04900000000000001,0.0,,,,,,,,0.0784313725490196,0.04,0.1,True,False,1,False,,,,,harm_not_evaluated
governance-calibration-probe-v1,pilot,2026,P3,char3gram,oracle_target,diagnostic_oracle_not_deployable,True,True,pcc,ok,credit,CTGAN,0.8992893213626543,2026-P3-char3gram-oracle_target-credit-CTGAN-replace-0.100-1,1,1000,replace,0.1,0.1,0.4864038767921501,0.38640387679215005,0.38640387679215005,0.14930795600000307,0.9006605447155767,0.3808122079918312,0.6215704834948919,0.5878491815503728,0.2393989402437161,0.03210316274891588,0.052874743326488706,0.08008213552361396,0.5815656363906166,0.04996577686516085,0.07700205338809035,-0.2790900612206848,-0.3487090452429153,0.002908966461327857,0.5414813645543894,True,0.05559548254620124,0.008008213552361396,0.04758726899383984,0.85595567867036,0.051,-0.04440451745379877,-0.004595482546201242,0.4354038767921501,0.3864038767921501,-5.551115123125783e-17,,,,,,,,0.0784313725490196,0.04,0.1,True,True,0,False,,,,,harm_not_evaluated
governance-calibration-probe-v1,pilot,2026,P3,char3gram,oracle_target,diagnostic_oracle_not_deployable,True,True,pacc,ok,credit,CTGAN,0.8992893213626543,2026-P3-char3gram-oracle_target-credit-CTGAN-replace-0.100-1,1,1000,replace,0.1,0.1,0.086237189794543,-0.013762810205456999,0.013762810205456999,0.00018941494475143133,0.9006605447155767,0.3808122079918312,0.6215704834948919,0.5878491815503728,0.2393989402437161,0.03210316274891588,0.052874743326488706,0.08008213552361396,0.5815656363906166,0.04996577686516085,0.07700205338809035,-0.2790900612206848,-0.3487090452429153,0.002908966461327857,0.5414813645543894,True,0.05559548254620124,0.008008213552361396,0.04758726899383984,0.85595567867036,0.051,-0.04440451745379877,-0.004595482546201242,0.03523718979454301,-0.013762810205456999,0.0,,,,,,,,0.0784313725490196,0.04,0.1,True,False,1,False,,,,,harm_not_evaluated
