protocol,test_table,test_generator,contamination_mode,true_prevalence,valuation_method,metric,n_seeds,mean,std,ci95_low,ci95_high
P1,adult,CTGAN,append,0.0,data_oob,real_mean_value,5,0.8121813712553033,0.01242783860902988,0.7967501714789842,0.8276125710316224
P1,adult,CTGAN,append,0.0,data_oob,synthetic_mean_value,0,,,,
P1,adult,CTGAN,append,0.0,data_oob,synthetic_negative_value_rate,0,,,,
P1,adult,CTGAN,append,0.0,data_oob,source_task_value_gap,0,,,,
P1,adult,CTGAN,append,0.0,knn_shapley,real_mean_value,5,0.0007685599999999648,1.0456003060442964e-05,0.0007555771574347044,0.0007815428425652253
P1,adult,CTGAN,append,0.0,knn_shapley,synthetic_mean_value,0,,,,
P1,adult,CTGAN,append,0.0,knn_shapley,synthetic_negative_value_rate,0,,,,
P1,adult,CTGAN,append,0.0,knn_shapley,source_task_value_gap,0,,,,
P1,adult,CTGAN,append,0.050332383665717,data_oob,real_mean_value,5,0.8227520582699647,0.021172461258720018,0.7964629753716481,0.8490411411682812
P1,adult,CTGAN,append,0.050332383665717,data_oob,synthetic_mean_value,5,0.8499486120442237,0.04134762780427976,0.7986087511885206,0.9012884728999268
P1,adult,CTGAN,append,0.050332383665717,data_oob,synthetic_negative_value_rate,5,0.0,0.0,0.0,0.0
P1,adult,CTGAN,append,0.050332383665717,data_oob,source_task_value_gap,5,-0.027196553774258912,0.028157172202438102,-0.062158300789250095,0.007765193240732271
P1,adult,CTGAN,append,0.050332383665717,knn_shapley,real_mean_value,5,0.0007745719383378303,1.1074974183206364e-05,0.0007608205416135068,0.0007883233350621539
P1,adult,CTGAN,append,0.050332383665717,knn_shapley,synthetic_mean_value,5,0.0007770769441092243,6.45020782214588e-05,0.0006969870357723158,0.0008571668524461328
P1,adult,CTGAN,append,0.050332383665717,knn_shapley,synthetic_negative_value_rate,5,0.12267948717948718,0.01898693709916443,0.0991040909472953,0.14625488341167905
P1,adult,CTGAN,append,0.050332383665717,knn_shapley,source_task_value_gap,5,-2.50500577139393e-06,6.0242318786104634e-05,-7.730572417641433e-05,7.229571263362646e-05
P1,adult,CTGAN,append,0.0999099909990999,data_oob,real_mean_value,5,0.8060869050550986,0.012908946815516444,0.7900583305395447,0.8221154795706526
P1,adult,CTGAN,append,0.0999099909990999,data_oob,synthetic_mean_value,5,0.8373941920655346,0.03238069077451368,0.7971882540938522,0.8776001300372169
P1,adult,CTGAN,append,0.0999099909990999,data_oob,synthetic_negative_value_rate,5,0.0,0.0,0.0,0.0
P1,adult,CTGAN,append,0.0999099909990999,data_oob,source_task_value_gap,5,-0.03130728701043606,0.038009847230124724,-0.078502745893307,0.015888171872434874
P1,adult,CTGAN,append,0.0999099909990999,knn_shapley,real_mean_value,5,0.000751831852964253,1.6102247258436954e-05,0.0007318382722532766,0.0007718254336752295
P1,adult,CTGAN,append,0.0999099909990999,knn_shapley,synthetic_mean_value,5,0.0008367797481887622,5.0352940404187676e-05,0.0007742583148851827,0.0008993011814923417
P1,adult,CTGAN,append,0.0999099909990999,knn_shapley,synthetic_negative_value_rate,5,0.08585799343691485,0.02200690370261514,0.058532813397440514,0.11318317347638918
P1,adult,CTGAN,append,0.0999099909990999,knn_shapley,source_task_value_gap,5,-8.494789522450906e-05,5.0568098314217506e-05,-0.0001477364823589014,-2.2159308090116735e-05
P1,adult,CTGAN,append,0.2498124531132783,data_oob,real_mean_value,5,0.8147058562926179,0.015406445000519015,0.7955762281951672,0.8338354843900687
P1,adult,CTGAN,append,0.2498124531132783,data_oob,synthetic_mean_value,5,0.8127129580915724,0.011208673450008831,0.7987955518010741,0.8266303643820707
P1,adult,CTGAN,append,0.2498124531132783,data_oob,synthetic_negative_value_rate,5,0.0,0.0,0.0,0.0
P1,adult,CTGAN,append,0.2498124531132783,data_oob,source_task_value_gap,5,0.001992898201045512,0.02183400977613433,-0.02511760567440951,0.029103402076500536
P1,adult,CTGAN,append,0.2498124531132783,knn_shapley,real_mean_value,5,0.0007882753651597381,2.8992390794982725e-05,0.0007522765572877539,0.0008242741730317224
P1,adult,CTGAN,append,0.2498124531132783,knn_shapley,synthetic_mean_value,5,0.0007616760321734152,7.073378978517284e-05,0.0006738484319406528,0.0008495036324061775
P1,adult,CTGAN,append,0.2498124531132783,knn_shapley,synthetic_negative_value_rate,5,0.12373141275048857,0.030175528586426362,0.08626354527795443,0.1611992802230227
P1,adult,CTGAN,append,0.2498124531132783,knn_shapley,source_task_value_gap,5,2.6599332986322805e-05,9.734757035717313e-05,-9.4273640438787e-05,0.0001474723064114326
P1,adult,CTGAN,append,0.5,data_oob,real_mean_value,5,0.8181900072095157,0.0148467782319884,0.7997552971895404,0.836624717229491
P1,adult,CTGAN,append,0.5,data_oob,synthetic_mean_value,5,0.8290741039679117,0.0046803473519982895,0.8232626851618471,0.8348855227739763
P1,adult,CTGAN,append,0.5,data_oob,synthetic_negative_value_rate,5,0.0,0.0,0.0,0.0
P1,adult,CTGAN,append,0.5,data_oob,source_task_value_gap,5,-0.01088409675839599,0.017192045472367967,-0.03223084067691732,0.01046264716012534
P1,adult,CTGAN,append,0.5,knn_shapley,real_mean_value,5,0.0007692890059331648,4.074404149461037e-05,0.0007186985964679868,0.0008198794153983428
P1,adult,CTGAN,append,0.5,knn_shapley,synthetic_mean_value,5,0.0007804877497648818,4.64879017047889e-05,0.00072276539586601,0.0008382101036637535
P1,adult,CTGAN,append,0.5,knn_shapley,synthetic_negative_value_rate,5,0.11390574836767478,0.018113529234550594,0.09141483123672192,0.13639666549862764
P1,adult,CTGAN,append,0.5,knn_shapley,source_task_value_gap,5,-1.1198743831716992e-05,8.213962793488655e-05,-0.00011318856266431781,9.079107500088383e-05
P1,adult,CTGAN,append,0.75,data_oob,real_mean_value,5,0.7860366584066535,0.02735716043374744,0.7520682572029849,0.8200050596103221
P1,adult,CTGAN,append,0.75,data_oob,synthetic_mean_value,5,0.837457089595449,0.010890687927154051,0.8239345144806294,0.8509796647102685
P1,adult,CTGAN,append,0.75,data_oob,synthetic_negative_value_rate,5,0.0,0.0,0.0,0.0
P1,adult,CTGAN,append,0.75,data_oob,source_task_value_gap,5,-0.05142043118879558,0.022334429782410892,-0.07915228857002511,-0.023688573807566046
P1,adult,CTGAN,append,0.75,knn_shapley,real_mean_value,5,0.0007310619209904241,7.48616600063068e-05,0.0006381088929148223,0.0008240149490660258
P1,adult,CTGAN,append,0.75,knn_shapley,synthetic_mean_value,5,0.0007885087610095416,2.4471768453194313e-05,0.0007581230471488316,0.0008188944748702515
P1,adult,CTGAN,append,0.75,knn_shapley,synthetic_negative_value_rate,5,0.11483494054947993,0.02674449721094316,0.08162726121259083,0.14804261988636902
P1,adult,CTGAN,append,0.75,knn_shapley,source_task_value_gap,5,-5.744684001911767e-05,9.5715241898636e-05,-0.0001762930099640185,6.139932992578316e-05
P1,adult,CTGAN,replace,0.0,data_oob,real_mean_value,5,0.8121813712553033,0.01242783860902988,0.7967501714789842,0.8276125710316224
P1,adult,CTGAN,replace,0.0,data_oob,synthetic_mean_value,0,,,,
P1,adult,CTGAN,replace,0.0,data_oob,synthetic_negative_value_rate,0,,,,
P1,adult,CTGAN,replace,0.0,data_oob,source_task_value_gap,0,,,,
P1,adult,CTGAN,replace,0.0,knn_shapley,real_mean_value,5,0.0007685599999999648,1.0456003060442964e-05,0.0007555771574347044,0.0007815428425652253
P1,adult,CTGAN,replace,0.0,knn_shapley,synthetic_mean_value,0,,,,
P1,adult,CTGAN,replace,0.0,knn_shapley,synthetic_negative_value_rate,0,,,,
P1,adult,CTGAN,replace,0.0,knn_shapley,source_task_value_gap,0,,,,
P1,adult,CTGAN,replace,0.05,data_oob,real_mean_value,5,0.8168318244971635,0.016580412811177468,0.796244522834168,0.837419126160159
P1,adult,CTGAN,replace,0.05,data_oob,synthetic_mean_value,5,0.8378032498581376,0.022356538830913614,0.8100439404673477,0.8655625592489274
P1,adult,CTGAN,replace,0.05,data_oob,synthetic_negative_value_rate,5,0.0,0.0,0.0,0.0
P1,adult,CTGAN,replace,0.05,data_oob,source_task_value_gap,5,-0.02097142536097405,0.027717327140148344,-0.055387032597332346,0.013444181875384244
P1,adult,CTGAN,replace,0.05,knn_shapley,real_mean_value,5,0.000772978380714117,1.3177414790739787e-05,0.0007566164591790576,0.0007893403022491765
P1,adult,CTGAN,replace,0.05,knn_shapley,synthetic_mean_value,5,0.0008094107664310763,8.387090991626466e-05,0.0007052712770914593,0.0009135502557706932
P1,adult,CTGAN,replace,0.05,knn_shapley,synthetic_negative_value_rate,5,0.1,0.0316227766016838,0.06073513677044886,0.13926486322955114
P1,adult,CTGAN,replace,0.05,knn_shapley,source_task_value_gap,5,-3.643238571695918e-05,9.527340425798068e-05,-0.00015472994177040698,8.186517033648864e-05
P1,adult,CTGAN,replace,0.1,data_oob,real_mean_value,5,0.8174904443378441,0.013639655174631674,0.8005545755595903,0.8344263131160979
P1,adult,CTGAN,replace,0.1,data_oob,synthetic_mean_value,5,0.8020826428907746,0.0416944192896474,0.7503121835328068,0.8538531022487423
P1,adult,CTGAN,replace,0.1,data_oob,synthetic_negative_value_rate,5,0.0,0.0,0.0,0.0
P1,adult,CTGAN,replace,0.1,data_oob,source_task_value_gap,5,0.015407801447069524,0.04102841788568442,-0.035535707944844216,0.06635131083898327
P1,adult,CTGAN,replace,0.1,knn_shapley,real_mean_value,5,0.0007706219098177007,1.8072489885562125e-05,0.0007481819497688964,0.0007930618698665049
P1,adult,CTGAN,replace,0.1,knn_shapley,synthetic_mean_value,5,0.0007852028116403364,9.78352780976062e-05,0.0006637242690722855,0.0009066813542083872
P1,adult,CTGAN,replace,0.1,knn_shapley,synthetic_negative_value_rate,5,0.12000000000000002,0.03605551275463989,0.07523116787578704,0.164768832124213
P1,adult,CTGAN,replace,0.1,knn_shapley,source_task_value_gap,5,-1.458090182263551e-05,0.0001101259665434188,-0.00015132034974699084,0.0001221585461017198
P1,adult,CTGAN,replace,0.25,data_oob,real_mean_value,5,0.8168080597692036,0.00966985188741392,0.804801352812639,0.8288147667257681
P1,adult,CTGAN,replace,0.25,data_oob,synthetic_mean_value,5,0.830465097012274,0.008524166966155306,0.8198809457757211,0.8410492482488269
P1,adult,CTGAN,replace,0.25,data_oob,synthetic_negative_value_rate,5,0.0,0.0,0.0,0.0
P1,adult,CTGAN,replace,0.25,data_oob,source_task_value_gap,5,-0.01365703724307037,0.008826666921194642,-0.02461679178325382,-0.002697282702886921
P1,adult,CTGAN,replace,0.25,knn_shapley,real_mean_value,5,0.0007751674961561782,2.3711789256376428e-05,0.0007457254211035407,0.0008046095712088157
P1,adult,CTGAN,replace,0.25,knn_shapley,synthetic_mean_value,5,0.0008120975115313225,3.616701664168484e-05,0.000767190229044906,0.000857004794017739
P1,adult,CTGAN,replace,0.25,knn_shapley,synthetic_negative_value_rate,5,0.11600000000000002,0.016970562748477143,0.09492826320595803,0.137071736794042
P1,adult,CTGAN,replace,0.25,knn_shapley,source_task_value_gap,5,-3.6930015375144206e-05,5.1642875494126534e-05,-0.00010105311463992055,2.7193083889632134e-05
P1,adult,CTGAN,replace,0.5,data_oob,real_mean_value,5,0.8089953058248218,0.011074436151145953,0.7952445771555376,0.822746034494106
P1,adult,CTGAN,replace,0.5,data_oob,synthetic_mean_value,5,0.8336808638871787,0.00921460622802735,0.8222394190762129,0.8451223086981444
P1,adult,CTGAN,replace,0.5,data_oob,synthetic_negative_value_rate,5,0.0,0.0,0.0,0.0
P1,adult,CTGAN,replace,0.5,data_oob,source_task_value_gap,5,-0.024685558062356883,0.019485878107396472,-0.04888047138169798,-0.0004906447430157862
P1,adult,CTGAN,replace,0.5,knn_shapley,real_mean_value,5,0.0007613213089534014,4.1728637561899424e-05,0.0007095083619986976,0.0008131342559081052
P1,adult,CTGAN,replace,0.5,knn_shapley,synthetic_mean_value,5,0.0007964386910465266,2.3970033819931457e-05,0.0007666759630165911,0.0008262014190764622
P1,adult,CTGAN,replace,0.5,knn_shapley,synthetic_negative_value_rate,5,0.10600000000000001,0.02186321110907545,0.07885323788073244,0.1331467621192676
P1,adult,CTGAN,replace,0.5,knn_shapley,source_task_value_gap,5,-3.5117382093125155e-05,5.234840425650106e-05,-0.00010011651102183921,2.9881746835588897e-05
P1,adult,CTGAN,replace,0.75,data_oob,real_mean_value,5,0.797853397024849,0.0206300579157684,0.7722377968299808,0.8234689972197172
P1,adult,CTGAN,replace,0.75,data_oob,synthetic_mean_value,5,0.8336921808431441,0.01179597247670298,0.8190455464950195,0.8483388151912687
P1,adult,CTGAN,replace,0.75,data_oob,synthetic_negative_value_rate,5,0.0,0.0,0.0,0.0
P1,adult,CTGAN,replace,0.75,data_oob,source_task_value_gap,5,-0.035838783818295306,0.0102477827789586,-0.04856308675634072,-0.02311448088024989
P1,adult,CTGAN,replace,0.75,knn_shapley,real_mean_value,5,0.0007791688525210169,6.767290559821596e-05,0.0006951418419858702,0.0008631958630561636
P1,adult,CTGAN,replace,0.75,knn_shapley,synthetic_mean_value,5,0.0007719570491596113,2.5285367796604055e-05,0.0007405611182852271,0.0008033529800339954
P1,adult,CTGAN,replace,0.75,knn_shapley,synthetic_negative_value_rate,5,0.1216,0.022438062899160144,0.09373946510868128,0.14946053489131872
P1,adult,CTGAN,replace,0.75,knn_shapley,source_task_value_gap,5,7.211803361405591e-06,9.190516580282557e-05,-0.00010690353226491064,0.00012132713898772183
P1,adult,CTGAN,replace,1.0,data_oob,real_mean_value,0,,,,
P1,adult,CTGAN,replace,1.0,data_oob,synthetic_mean_value,5,0.831782475427967,0.002253479828080833,0.8289844106547606,0.8345805402011734
P1,adult,CTGAN,replace,1.0,data_oob,synthetic_negative_value_rate,5,0.0,0.0,0.0,0.0
P1,adult,CTGAN,replace,1.0,data_oob,source_task_value_gap,0,,,,
P1,adult,CTGAN,replace,1.0,knn_shapley,real_mean_value,0,,,,
P1,adult,CTGAN,replace,1.0,knn_shapley,synthetic_mean_value,5,0.0007731999999999612,1.4045639892862627e-05,0.0007557600346132592,0.0007906399653866633
P1,adult,CTGAN,replace,1.0,knn_shapley,synthetic_negative_value_rate,5,0.11099999999999999,0.010653637876331256,0.09777176139905946,0.12422823860094051
P1,adult,CTGAN,replace,1.0,knn_shapley,source_task_value_gap,0,,,,
P2,adult,TVAE,append,0.0,data_oob,real_mean_value,5,0.8121813712553033,0.01242783860902988,0.7967501714789842,0.8276125710316224
P2,adult,TVAE,append,0.0,data_oob,synthetic_mean_value,0,,,,
P2,adult,TVAE,append,0.0,data_oob,synthetic_negative_value_rate,0,,,,
P2,adult,TVAE,append,0.0,data_oob,source_task_value_gap,0,,,,
P2,adult,TVAE,append,0.0,knn_shapley,real_mean_value,5,0.0007685599999999648,1.0456003060442964e-05,0.0007555771574347044,0.0007815428425652253
P2,adult,TVAE,append,0.0,knn_shapley,synthetic_mean_value,0,,,,
P2,adult,TVAE,append,0.0,knn_shapley,synthetic_negative_value_rate,0,,,,
P2,adult,TVAE,append,0.0,knn_shapley,source_task_value_gap,0,,,,
P2,adult,TVAE,append,0.050332383665717,data_oob,real_mean_value,5,0.821281993727235,0.02131221232531925,0.7948193869608116,0.8477446004936584
P2,adult,TVAE,append,0.050332383665717,data_oob,synthetic_mean_value,5,0.7963998703213921,0.04766690945619931,0.7372135849439909,0.8555861556987934
P2,adult,TVAE,append,0.050332383665717,data_oob,synthetic_negative_value_rate,5,0.0,0.0,0.0,0.0
P2,adult,TVAE,append,0.050332383665717,data_oob,source_task_value_gap,5,0.02488212340584295,0.0580152797422888,-0.04715336079587722,0.09691760760756311
P2,adult,TVAE,append,0.050332383665717,knn_shapley,real_mean_value,5,0.0007805165093675021,1.953259626708036e-05,0.0007562635877912192,0.0008047694309437851
P2,adult,TVAE,append,0.050332383665717,knn_shapley,synthetic_mean_value,5,0.0006913107858400667,0.00019613566988708835,0.000447776185777691,0.0009348453859024425
P2,adult,TVAE,append,0.050332383665717,knn_shapley,synthetic_negative_value_rate,5,0.18144871794871795,0.05115954116489415,0.11792575751964542,0.2449716783777905
P2,adult,TVAE,append,0.050332383665717,knn_shapley,source_task_value_gap,5,8.920572352743551e-05,0.0002115729510575266,-0.00017349679279442227,0.0003519082398492933
P2,adult,TVAE,append,0.0999099909990999,data_oob,real_mean_value,5,0.8070862550143862,0.011818237242431086,0.7924119753082286,0.8217605347205439
P2,adult,TVAE,append,0.0999099909990999,data_oob,synthetic_mean_value,5,0.7787221654019618,0.023910486076150962,0.7490333756616527,0.8084109551422709
P2,adult,TVAE,append,0.0999099909990999,data_oob,synthetic_negative_value_rate,5,0.0,0.0,0.0,0.0
P2,adult,TVAE,append,0.0999099909990999,data_oob,source_task_value_gap,5,0.028364089612424336,0.025564031461705803,-0.0033778479025241073,0.06010602712737278
P2,adult,TVAE,append,0.0999099909990999,knn_shapley,real_mean_value,5,0.0007739865686828297,1.637947220538204e-05,0.0007536487677358276,0.0007943243696298318
P2,adult,TVAE,append,0.0999099909990999,knn_shapley,synthetic_mean_value,5,0.0006694270009619509,8.672582580594332e-05,0.0005617426653442201,0.0007771113365796817
P2,adult,TVAE,append,0.0999099909990999,knn_shapley,synthetic_negative_value_rate,5,0.1946976080435368,0.01918005156100508,0.1708824285365449,0.21851278755052872
P2,adult,TVAE,append,0.0999099909990999,knn_shapley,source_task_value_gap,5,0.0001045595677208789,9.238336765671262e-05,-1.0149533931283193e-05,0.000219268669373041
P2,adult,TVAE,append,0.2498124531132783,data_oob,real_mean_value,5,0.8137303662241357,0.018539756510741176,0.7907102180292845,0.836750514418987
P2,adult,TVAE,append,0.2498124531132783,data_oob,synthetic_mean_value,5,0.8126595407895486,0.02822393738894692,0.777614893846136,0.8477041877329612
P2,adult,TVAE,append,0.2498124531132783,data_oob,synthetic_negative_value_rate,5,0.0,0.0,0.0,0.0
P2,adult,TVAE,append,0.2498124531132783,data_oob,source_task_value_gap,5,0.0010708254345873191,0.01672722338381059,-0.019698765631002434,0.02184041650017707
P2,adult,TVAE,append,0.2498124531132783,knn_shapley,real_mean_value,5,0.0007897917342207222,3.0084523882174988e-05,0.0007524368640131242,0.0008271466044283202
P2,adult,TVAE,append,0.2498124531132783,knn_shapley,synthetic_mean_value,5,0.0007375521452077795,8.347495422675513e-05,0.0006339042997927105,0.0008411999906228486
P2,adult,TVAE,append,0.2498124531132783,knn_shapley,synthetic_negative_value_rate,5,0.1677107366223613,0.01622452562533111,0.14756532726545324,0.18785614597926936
P2,adult,TVAE,append,0.2498124531132783,knn_shapley,source_task_value_gap,5,5.223958901294245e-05,0.00011074798816715187,-8.527220076770649e-05,0.00018975137879359138
P2,adult,TVAE,append,0.5,data_oob,real_mean_value,5,0.8120068376942869,0.01374259651655207,0.7949431503578438,0.8290705250307301
P2,adult,TVAE,append,0.5,data_oob,synthetic_mean_value,5,0.807365722441505,0.008411100475822287,0.7969219617954019,0.817809483087608
P2,adult,TVAE,append,0.5,data_oob,synthetic_negative_value_rate,5,0.0,0.0,0.0,0.0
P2,adult,TVAE,append,0.5,data_oob,source_task_value_gap,5,0.004641115252782146,0.008401798084038088,-0.0057910949483453095,0.015073325453909603
P2,adult,TVAE,append,0.5,knn_shapley,real_mean_value,5,0.0007929302826801202,2.9240285077909454e-05,0.0007566236734016653,0.000829236891958575
P2,adult,TVAE,append,0.5,knn_shapley,synthetic_mean_value,5,0.0007580153141074519,2.25926533925437e-05,0.0007299628297660342,0.0007860677984488695
P2,adult,TVAE,append,0.5,knn_shapley,synthetic_negative_value_rate,5,0.16738292467052668,0.032260835679215186,0.1273258064556777,0.20744004288537565
P2,adult,TVAE,append,0.5,knn_shapley,source_task_value_gap,5,3.491496857266827e-05,4.3639412078037315e-05,-1.9270518307409175e-05,8.910045545274572e-05
P2,adult,TVAE,append,0.75,data_oob,real_mean_value,5,0.7857104211883691,0.02856774953113709,0.7502388750858537,0.8211819672908844
P2,adult,TVAE,append,0.75,data_oob,synthetic_mean_value,5,0.7994232525689007,0.009504159652457246,0.7876222796952637,0.8112242254425377
P2,adult,TVAE,append,0.75,data_oob,synthetic_negative_value_rate,5,0.0,0.0,0.0,0.0
P2,adult,TVAE,append,0.75,data_oob,source_task_value_gap,5,-0.013712831380531698,0.0315809957963789,-0.05292581688831979,0.025500154127256397
P2,adult,TVAE,append,0.75,knn_shapley,real_mean_value,5,0.0007785620538758276,4.144617768008364e-05,0.0007270998271873114,0.0008300242805643438
P2,adult,TVAE,append,0.75,knn_shapley,synthetic_mean_value,5,0.0007691860858185706,2.2079645352660183e-05,0.0007417705850910654,0.0007966015865460758
P2,adult,TVAE,append,0.75,knn_shapley,synthetic_negative_value_rate,5,0.160838102995792,0.015023238443169946,0.1421842886844771,0.17949191730710687
P2,adult,TVAE,append,0.75,knn_shapley,source_task_value_gap,5,9.37596805725689e-06,5.716845649955241e-05,-6.160804621111533e-05,8.03599823256291e-05
P2,adult,TVAE,replace,0.0,data_oob,real_mean_value,5,0.8121813712553033,0.01242783860902988,0.7967501714789842,0.8276125710316224
P2,adult,TVAE,replace,0.0,data_oob,synthetic_mean_value,0,,,,
P2,adult,TVAE,replace,0.0,data_oob,synthetic_negative_value_rate,0,,,,
P2,adult,TVAE,replace,0.0,data_oob,source_task_value_gap,0,,,,
P2,adult,TVAE,replace,0.0,knn_shapley,real_mean_value,5,0.0007685599999999648,1.0456003060442964e-05,0.0007555771574347044,0.0007815428425652253
P2,adult,TVAE,replace,0.0,knn_shapley,synthetic_mean_value,0,,,,
P2,adult,TVAE,replace,0.0,knn_shapley,synthetic_negative_value_rate,0,,,,
P2,adult,TVAE,replace,0.0,knn_shapley,source_task_value_gap,0,,,,
P2,adult,TVAE,replace,0.05,data_oob,real_mean_value,5,0.8179000359730104,0.016941836379228234,0.7968639676774639,0.8389361042685569
P2,adult,TVAE,replace,0.05,data_oob,synthetic_mean_value,5,0.7891895995103639,0.03346352069099707,0.7476391506152061,0.8307400484055217
P2,adult,TVAE,replace,0.05,data_oob,synthetic_negative_value_rate,5,0.0,0.0,0.0,0.0
P2,adult,TVAE,replace,0.05,data_oob,source_task_value_gap,5,0.028710436462646392,0.03852587643996436,-0.019125757312103947,0.07654663023739673
P2,adult,TVAE,replace,0.05,knn_shapley,real_mean_value,5,0.0007807263240918982,1.5464375611578007e-05,0.0007615247656403015,0.000799927882543495
P2,adult,TVAE,replace,0.05,knn_shapley,synthetic_mean_value,5,0.0006733998422532386,0.00013219226151498867,0.0005092614702889402,0.000837538214217537
P2,adult,TVAE,replace,0.05,knn_shapley,synthetic_negative_value_rate,5,0.196,0.0589915248150105,0.1227523474380575,0.2692476525619425
P2,adult,TVAE,replace,0.05,knn_shapley,source_task_value_gap,5,0.00010732648183865961,0.00014618238554883498,-7.418292346887098e-05,0.0002888358871461902
P2,adult,TVAE,replace,0.1,data_oob,real_mean_value,5,0.8174827601055312,0.013333396870818554,0.8009271612372731,0.8340383589737893
P2,adult,TVAE,replace,0.1,data_oob,synthetic_mean_value,5,0.7887051862080312,0.04659094774296137,0.7308548837534031,0.8465554886626593
P2,adult,TVAE,replace,0.1,data_oob,synthetic_negative_value_rate,5,0.0,0.0,0.0,0.0
P2,adult,TVAE,replace,0.1,data_oob,source_task_value_gap,5,0.028777573897499954,0.042619040886118245,-0.02414095480876732,0.08169610260376722
P2,adult,TVAE,replace,0.1,knn_shapley,real_mean_value,5,0.0007766513637282177,2.4342474443685465e-05,0.0007464261895842983,0.0008068765378721372
P2,adult,TVAE,replace,0.1,knn_shapley,synthetic_mean_value,5,0.0006805377264456837,0.00013748581474742793,0.0005098265400100904,0.0008512489128812771
P2,adult,TVAE,replace,0.1,knn_shapley,synthetic_negative_value_rate,5,0.166,0.047749345545253286,0.10671135669866771,0.2252886433013323
P2,adult,TVAE,replace,0.1,knn_shapley,source_task_value_gap,5,9.611363728253407e-05,0.00015717956403474664,-9.905056863277399e-05,0.0002912778431978421
P2,adult,TVAE,replace,0.25,data_oob,real_mean_value,5,0.816968924030294,0.007549725746411057,0.8075947013746633,0.8263431466859247
P2,adult,TVAE,replace,0.25,data_oob,synthetic_mean_value,5,0.8096867059498987,0.006965135855817742,0.8010383475151316,0.8183350643846657
P2,adult,TVAE,replace,0.25,data_oob,synthetic_negative_value_rate,5,0.0,0.0,0.0,0.0
P2,adult,TVAE,replace,0.25,data_oob,source_task_value_gap,5,0.007282218080395331,0.005254768030619757,0.0007575617978626843,0.013806874362927978
P2,adult,TVAE,replace,0.25,knn_shapley,real_mean_value,5,0.0008012783795708845,2.4581351849768173e-05,0.0007707565999518478,0.0008318001591899212
P2,adult,TVAE,replace,0.25,knn_shapley,synthetic_mean_value,5,0.0007228848612872093,5.507917642190326e-05,0.0006544950308734185,0.0007912746917010002
P2,adult,TVAE,replace,0.25,knn_shapley,synthetic_negative_value_rate,5,0.1792,0.0168285471743701,0.15830459883151096,0.20009540116848903
P2,adult,TVAE,replace,0.25,knn_shapley,source_task_value_gap,5,7.839351828367507e-05,7.672701611645866e-05,-1.687565531773163e-05,0.00017366269188508177
P2,adult,TVAE,replace,0.5,data_oob,real_mean_value,5,0.8019849366819447,0.015879645250295366,0.7822677528704055,0.8217021204934839
P2,adult,TVAE,replace,0.5,data_oob,synthetic_mean_value,5,0.8083954742314123,0.013284885707729446,0.791900109927873,0.8248908385349517
P2,adult,TVAE,replace,0.5,data_oob,synthetic_negative_value_rate,5,0.0,0.0,0.0,0.0
P2,adult,TVAE,replace,0.5,data_oob,source_task_value_gap,5,-0.006410537549467632,0.01371036284396955,-0.023434201495135195,0.010613126396199931
P2,adult,TVAE,replace,0.5,knn_shapley,real_mean_value,5,0.0007762113656335462,2.936880351209728e-05,0.0007397451796422547,0.0008126775516248376
P2,adult,TVAE,replace,0.5,knn_shapley,synthetic_mean_value,5,0.0007700286343663844,9.500632108452492e-06,0.0007582320415171402,0.0007818252272156286
P2,adult,TVAE,replace,0.5,knn_shapley,synthetic_negative_value_rate,5,0.15960000000000002,0.028333725487482232,0.12441903312720494,0.1947809668727951
P2,adult,TVAE,replace,0.5,knn_shapley,source_task_value_gap,5,6.182731267161795e-06,2.2553253875763418e-05,-2.1820832112723152e-05,3.418629464704674e-05
P2,adult,TVAE,replace,0.75,data_oob,real_mean_value,5,0.7996914101003596,0.024843770392990468,0.7688437948237428,0.8305390253769764
P2,adult,TVAE,replace,0.75,data_oob,synthetic_mean_value,5,0.823225890843576,0.016313620145468093,0.8029698560285766,0.8434819256585754
P2,adult,TVAE,replace,0.75,data_oob,synthetic_negative_value_rate,5,0.0,0.0,0.0,0.0
P2,adult,TVAE,replace,0.75,data_oob,source_task_value_gap,5,-0.023534480743216513,0.032012018026532835,-0.06328265103661224,0.016213689550179218
P2,adult,TVAE,replace,0.75,knn_shapley,real_mean_value,5,0.000773336789703075,6.779744180296277e-05,0.0006891551470460212,0.0008575184323601287
P2,adult,TVAE,replace,0.75,knn_shapley,synthetic_mean_value,5,0.0007768877367655945,2.389792439988645e-05,0.0007472145444064602,0.0008065609291247288
P2,adult,TVAE,replace,0.75,knn_shapley,synthetic_negative_value_rate,5,0.15253333333333335,0.0254837638943352,0.1208910611670124,0.1841756054996543
P2,adult,TVAE,replace,0.75,knn_shapley,source_task_value_gap,5,-3.550947062519504e-06,8.832957592180233e-05,-0.00011322660146122752,0.00010612470733618851
P2,adult,TVAE,replace,1.0,data_oob,real_mean_value,0,,,,
P2,adult,TVAE,replace,1.0,data_oob,synthetic_mean_value,5,0.8121307964696431,0.01272675713275856,0.7963284403240138,0.8279331526152724
P2,adult,TVAE,replace,1.0,data_oob,synthetic_negative_value_rate,5,0.0,0.0,0.0,0.0
P2,adult,TVAE,replace,1.0,data_oob,source_task_value_gap,0,,,,
P2,adult,TVAE,replace,1.0,knn_shapley,real_mean_value,0,,,,
P2,adult,TVAE,replace,1.0,knn_shapley,synthetic_mean_value,5,0.0007668799999999674,1.8344263408488834e-05,0.0007441025885520802,0.0007896574114478547
P2,adult,TVAE,replace,1.0,knn_shapley,synthetic_negative_value_rate,5,0.1676,0.007231873892705813,0.1586204425478775,0.1765795574521225
P2,adult,TVAE,replace,1.0,knn_shapley,source_task_value_gap,0,,,,
P3,credit,CTGAN,append,0.0,data_oob,real_mean_value,5,0.7794680749874607,0.010814482732242873,0.7660401211196385,0.792896028855283
P3,credit,CTGAN,append,0.0,data_oob,synthetic_mean_value,0,,,,
P3,credit,CTGAN,append,0.0,data_oob,synthetic_negative_value_rate,0,,,,
P3,credit,CTGAN,append,0.0,data_oob,source_task_value_gap,0,,,,
P3,credit,CTGAN,append,0.0,knn_shapley,real_mean_value,5,0.0007264799999999667,2.1016945544013417e-05,0.0007003840153657562,0.0007525759846341772
P3,credit,CTGAN,append,0.0,knn_shapley,synthetic_mean_value,0,,,,
P3,credit,CTGAN,append,0.0,knn_shapley,synthetic_negative_value_rate,0,,,,
P3,credit,CTGAN,append,0.0,knn_shapley,source_task_value_gap,0,,,,
P3,credit,CTGAN,append,0.050332383665717,data_oob,real_mean_value,5,0.7672102967589839,0.005271533254785005,0.7606648237011835,0.7737557698167843
P3,credit,CTGAN,append,0.050332383665717,data_oob,synthetic_mean_value,5,0.7767984971380277,0.049954777889604576,0.7147714478942403,0.8388255463818152
P3,credit,CTGAN,append,0.050332383665717,data_oob,synthetic_negative_value_rate,5,0.0,0.0,0.0,0.0
P3,credit,CTGAN,append,0.050332383665717,data_oob,source_task_value_gap,5,-0.009588200379044,0.048234097012334366,-0.06947874212512732,0.050302341367039316
P3,credit,CTGAN,append,0.050332383665717,knn_shapley,real_mean_value,5,0.0007105629653350005,1.2988164041220001e-05,0.0006944360296422529,0.000726689901027748
P3,credit,CTGAN,append,0.050332383665717,knn_shapley,synthetic_mean_value,5,0.0007232235071924146,0.00016675833362455808,0.0005161656879303486,0.0009302813264544807
P3,credit,CTGAN,append,0.050332383665717,knn_shapley,synthetic_negative_value_rate,5,0.1263974358974359,0.058388118821048524,0.053899010834496344,0.19889586096037548
P3,credit,CTGAN,append,0.050332383665717,knn_shapley,source_task_value_gap,5,-1.2660541857414204e-05,0.00017906197920755234,-0.0002349953548865429,0.0002096742711717145
P3,credit,CTGAN,append,0.0999099909990999,data_oob,real_mean_value,5,0.7819092364966552,0.014497781695597838,0.7639078629114139,0.7999106100818966
P3,credit,CTGAN,append,0.0999099909990999,data_oob,synthetic_mean_value,5,0.7775522108581157,0.031145141273468097,0.7388804102198802,0.8162240114963512
P3,credit,CTGAN,append,0.0999099909990999,data_oob,synthetic_negative_value_rate,5,0.0,0.0,0.0,0.0
P3,credit,CTGAN,append,0.0999099909990999,data_oob,source_task_value_gap,5,0.004357025638539613,0.038003241593880285,-0.04283023126362137,0.05154428254070059
P3,credit,CTGAN,append,0.0999099909990999,knn_shapley,real_mean_value,5,0.0007218943082739247,2.3502258307999244e-05,0.0006927124002563967,0.0007510762162914527
P3,credit,CTGAN,append,0.0999099909990999,knn_shapley,synthetic_mean_value,5,0.0006887440379108173,0.00012522175081575268,0.0005332606981308544,0.0008442273776907803
P3,credit,CTGAN,append,0.0999099909990999,knn_shapley,synthetic_negative_value_rate,5,0.1485233371534497,0.01666469203415956,0.12783138901348073,0.16921528529341867
P3,credit,CTGAN,append,0.0999099909990999,knn_shapley,source_task_value_gap,5,3.3150270363107315e-05,0.0001302002595336815,-0.00012851470445665142,0.00019481524518286607
P3,credit,CTGAN,append,0.2498124531132783,data_oob,real_mean_value,5,0.7814972471398645,0.016772643332214673,0.7606712597595411,0.8023232345201878
P3,credit,CTGAN,append,0.2498124531132783,data_oob,synthetic_mean_value,5,0.7554206284689606,0.020009940836542908,0.730575005326038,0.7802662516118832
P3,credit,CTGAN,append,0.2498124531132783,data_oob,synthetic_negative_value_rate,5,0.0,0.0,0.0,0.0
P3,credit,CTGAN,append,0.2498124531132783,data_oob,source_task_value_gap,5,0.026076618670903894,0.024584603930097988,-0.0044491989391975476,0.056602436281005336
P3,credit,CTGAN,append,0.2498124531132783,knn_shapley,real_mean_value,5,0.0007566550719301223,3.828049171688651e-05,0.0007091235635317269,0.0008041865803285177
P3,credit,CTGAN,append,0.2498124531132783,knn_shapley,synthetic_mean_value,5,0.0006455349572989557,5.959698417780202e-05,0.0005715355276438596,0.0007195343869540519
P3,credit,CTGAN,append,0.2498124531132783,knn_shapley,synthetic_negative_value_rate,5,0.17350122076196448,0.01687662906951646,0.1525461180353068,0.19445632348862216
P3,credit,CTGAN,append,0.2498124531132783,knn_shapley,source_task_value_gap,5,0.00011112011463116646,9.54079424242082e-05,-7.344492619670414e-06,0.00022958472188200335
P3,credit,CTGAN,append,0.5,data_oob,real_mean_value,5,0.755912338587593,0.016496697750948367,0.7354289829009913,0.7763956942741946
P3,credit,CTGAN,append,0.5,data_oob,synthetic_mean_value,5,0.7796190859762457,0.009091344119686852,0.768330691287549,0.7909074806649424
P3,credit,CTGAN,append,0.5,data_oob,synthetic_negative_value_rate,5,0.0,0.0,0.0,0.0
P3,credit,CTGAN,append,0.5,data_oob,source_task_value_gap,5,-0.023706747388652815,0.022993185752022145,-0.05225655834095046,0.004843063563644823
P3,credit,CTGAN,append,0.5,knn_shapley,real_mean_value,5,0.0007275391513421679,5.327192860287974e-05,0.0006613933154810907,0.000793684987203245
P3,credit,CTGAN,append,0.5,knn_shapley,synthetic_mean_value,5,0.0007255260070889445,3.889968109008934e-05,0.0006772256735377729,0.0007738263406401162
P3,credit,CTGAN,append,0.5,knn_shapley,synthetic_negative_value_rate,5,0.15261147216400345,0.015574915338846293,0.13327266051268644,0.17195028381532046
P3,credit,CTGAN,append,0.5,knn_shapley,source_task_value_gap,5,2.013144253223205e-06,8.611139039453433e-05,-0.0001049082690349395,0.0001089345575413859
P3,credit,CTGAN,append,0.75,data_oob,real_mean_value,5,0.7701496111236362,0.023046052809503944,0.7415341570493724,0.7987650651979
P3,credit,CTGAN,append,0.75,data_oob,synthetic_mean_value,5,0.781441715311368,0.014341750550151012,0.7636340799820265,0.7992493506407095
P3,credit,CTGAN,append,0.75,data_oob,synthetic_negative_value_rate,5,0.0,0.0,0.0,0.0
P3,credit,CTGAN,append,0.75,data_oob,source_task_value_gap,5,-0.011292104187731678,0.020896492897186862,-0.037238527106889276,0.01465431873142592
P3,credit,CTGAN,append,0.75,knn_shapley,real_mean_value,5,0.000753419357905127,5.7596307645535514e-05,0.0006819040962721973,0.0008249346195380567
P3,credit,CTGAN,append,0.75,knn_shapley,synthetic_mean_value,5,0.0007048178358759916,3.167687632924036e-05,0.0006654857989624209,0.0007441498727895623
P3,credit,CTGAN,append,0.75,knn_shapley,synthetic_negative_value_rate,5,0.15362438978871143,0.01997929127713907,0.12881682310026135,0.1784319564771615
P3,credit,CTGAN,append,0.75,knn_shapley,source_task_value_gap,5,4.860152202913544e-05,7.931473657465055e-05,-4.988073090262348e-05,0.00014708377496089437
P3,credit,CTGAN,replace,0.0,data_oob,real_mean_value,5,0.7794680749874607,0.010814482732242873,0.7660401211196385,0.792896028855283
P3,credit,CTGAN,replace,0.0,data_oob,synthetic_mean_value,0,,,,
P3,credit,CTGAN,replace,0.0,data_oob,synthetic_negative_value_rate,0,,,,
P3,credit,CTGAN,replace,0.0,data_oob,source_task_value_gap,0,,,,
P3,credit,CTGAN,replace,0.0,knn_shapley,real_mean_value,5,0.0007264799999999667,2.1016945544013417e-05,0.0007003840153657562,0.0007525759846341772
P3,credit,CTGAN,replace,0.0,knn_shapley,synthetic_mean_value,0,,,,
P3,credit,CTGAN,replace,0.0,knn_shapley,synthetic_negative_value_rate,0,,,,
P3,credit,CTGAN,replace,0.0,knn_shapley,source_task_value_gap,0,,,,
P3,credit,CTGAN,replace,0.05,data_oob,real_mean_value,5,0.7808146346907615,0.019255113957680113,0.7569062529081994,0.8047230164733237
P3,credit,CTGAN,replace,0.05,data_oob,synthetic_mean_value,5,0.7438007696250635,0.061553140990423916,0.6673724504808938,0.8202290887692332
P3,credit,CTGAN,replace,0.05,data_oob,synthetic_negative_value_rate,5,0.0,0.0,0.0,0.0
P3,credit,CTGAN,replace,0.05,data_oob,source_task_value_gap,5,0.03701386506569808,0.04957500182410466,-0.02454162991017861,0.09856936004157477
P3,credit,CTGAN,replace,0.05,knn_shapley,real_mean_value,5,0.0007150186698955259,2.189449192306302e-05,0.0006878330675156954,0.0007422042722753563
P3,credit,CTGAN,replace,0.05,knn_shapley,synthetic_mean_value,5,0.0006466452719843337,0.00024453911747663795,0.00034300985366107143,0.0009502806903075959
P3,credit,CTGAN,replace,0.05,knn_shapley,synthetic_negative_value_rate,5,0.148,0.09654014708917735,0.028129574978072558,0.2678704250219274
P3,credit,CTGAN,replace,0.05,knn_shapley,source_task_value_gap,5,6.837339791119212e-05,0.0002561812408002666,-0.00024971762580566813,0.00038646442162805234
P3,credit,CTGAN,replace,0.1,data_oob,real_mean_value,5,0.7861745352441087,0.007092219674679774,0.7773683814067065,0.794980689081511
P3,credit,CTGAN,replace,0.1,data_oob,synthetic_mean_value,5,0.7866551328409412,0.03824668411194588,0.7391656021284662,0.8341446635534163
P3,credit,CTGAN,replace,0.1,data_oob,synthetic_negative_value_rate,5,0.0,0.0,0.0,0.0
P3,credit,CTGAN,replace,0.1,data_oob,source_task_value_gap,5,-0.00048059759683247714,0.03917940517180143,-0.049128254469696674,0.048167059276031716
P3,credit,CTGAN,replace,0.1,knn_shapley,real_mean_value,5,0.0007171388316018414,2.9303558295959844e-05,0.0006807536582464828,0.0007535240049572
P3,credit,CTGAN,replace,0.1,knn_shapley,synthetic_mean_value,5,0.0007265505155830759,0.0001221836994862232,0.0005748394147636847,0.000878261616402467
P3,credit,CTGAN,replace,0.1,knn_shapley,synthetic_negative_value_rate,5,0.136,0.04098780306383839,0.08510692057016594,0.18689307942983407
P3,credit,CTGAN,replace,0.1,knn_shapley,source_task_value_gap,5,-9.411683981234444e-06,0.0001435982945557277,-0.0001877125165345411,0.00016888914857207224
P3,credit,CTGAN,replace,0.25,data_oob,real_mean_value,5,0.7666277659134145,0.020688268158890296,0.7409398881553352,0.7923156436714939
P3,credit,CTGAN,replace,0.25,data_oob,synthetic_mean_value,5,0.7685533670286875,0.032274929210331676,0.7284787493836435,0.8086279846737314
P3,credit,CTGAN,replace,0.25,data_oob,synthetic_negative_value_rate,5,0.0,0.0,0.0,0.0
P3,credit,CTGAN,replace,0.25,data_oob,source_task_value_gap,5,-0.0019256011152728237,0.041086414809932824,-0.052941123200032365,0.049089920969486715
P3,credit,CTGAN,replace,0.25,knn_shapley,real_mean_value,5,0.0007413984405477237,4.225133592766268e-05,0.0006889364778503317,0.0007938604032451158
P3,credit,CTGAN,replace,0.25,knn_shapley,synthetic_mean_value,5,0.0006714846783566976,9.418199536128676e-05,0.0005545422854375939,0.0007884270712758013
P3,credit,CTGAN,replace,0.25,knn_shapley,synthetic_negative_value_rate,5,0.1688,0.027626074639731213,0.13449769770815573,0.20310230229184428
P3,credit,CTGAN,replace,0.25,knn_shapley,source_task_value_gap,5,6.991376219102612e-05,0.00013229646713978015,-9.43539981459862e-05,0.00023418152252803844
P3,credit,CTGAN,replace,0.5,data_oob,real_mean_value,5,0.7615391846931405,0.023705940612563595,0.7321043716909639,0.7909739976953172
P3,credit,CTGAN,replace,0.5,data_oob,synthetic_mean_value,5,0.7726189375063719,0.011831628037353504,0.7579280309322518,0.787309844080492
P3,credit,CTGAN,replace,0.5,data_oob,synthetic_negative_value_rate,5,0.0,0.0,0.0,0.0
P3,credit,CTGAN,replace,0.5,data_oob,source_task_value_gap,5,-0.011079752813231458,0.02460016880413733,-0.04162489676706412,0.019465391140601203
P3,credit,CTGAN,replace,0.5,knn_shapley,real_mean_value,5,0.000725545271834583,7.720935438465369e-05,0.0006296771961706026,0.0008214133474985635
P3,credit,CTGAN,replace,0.5,knn_shapley,synthetic_mean_value,5,0.0007240547281653481,7.497593584521962e-05,0.0006309598078947038,0.0008171496484359925
P3,credit,CTGAN,replace,0.5,knn_shapley,synthetic_negative_value_rate,5,0.1516,0.011781341180018513,0.13697153280621557,0.16622846719378445
P3,credit,CTGAN,replace,0.5,knn_shapley,source_task_value_gap,5,1.4905436692348251e-06,0.00014785043361695925,-0.000182090016871759,0.00018507110421022867
P3,credit,CTGAN,replace,0.75,data_oob,real_mean_value,5,0.7747213109886839,0.030912417982749216,0.7363384744820776,0.8131041474952903
P3,credit,CTGAN,replace,0.75,data_oob,synthetic_mean_value,5,0.7710545013583588,0.009525776364574424,0.7592266877915265,0.7828823149251912
P3,credit,CTGAN,replace,0.75,data_oob,synthetic_negative_value_rate,5,0.0,0.0,0.0,0.0
P3,credit,CTGAN,replace,0.75,data_oob,source_task_value_gap,5,0.0036668096303251073,0.030660819383203603,-0.03440362595322695,0.04173724521387716
P3,credit,CTGAN,replace,0.75,knn_shapley,real_mean_value,5,0.0008158815364270923,0.00011617012211859157,0.0006716372781255023,0.0009601257947286822
P3,credit,CTGAN,replace,0.75,knn_shapley,synthetic_mean_value,5,0.0006771594878575923,4.029365768412483e-05,0.000627128303755268,0.0007271906719599166
P3,credit,CTGAN,replace,0.75,knn_shapley,synthetic_negative_value_rate,5,0.1688,0.02081879492723395,0.14295005185286647,0.19464994814713354
P3,credit,CTGAN,replace,0.75,knn_shapley,source_task_value_gap,5,0.00013872204856950012,0.00014536813874548496,-4.1776335796658235e-05,0.0003192204329356585
P3,credit,CTGAN,replace,1.0,data_oob,real_mean_value,0,,,,
P3,credit,CTGAN,replace,1.0,data_oob,synthetic_mean_value,5,0.7821327127336049,0.008607259818739891,0.7714453880934897,0.79282003737372
P3,credit,CTGAN,replace,1.0,data_oob,synthetic_negative_value_rate,5,0.0,0.0,0.0,0.0
P3,credit,CTGAN,replace,1.0,data_oob,source_task_value_gap,0,,,,
P3,credit,CTGAN,replace,1.0,knn_shapley,real_mean_value,0,,,,
P3,credit,CTGAN,replace,1.0,knn_shapley,synthetic_mean_value,5,0.0007205599999999667,2.126518281134677e-05,0.0006941557880878958,0.0007469642119120375
P3,credit,CTGAN,replace,1.0,knn_shapley,synthetic_negative_value_rate,5,0.1696,0.01747283606058273,0.14790460851705794,0.19129539148294206
P3,credit,CTGAN,replace,1.0,knn_shapley,source_task_value_gap,0,,,,
P4,credit,TVAE,append,0.0,data_oob,real_mean_value,5,0.7794680749874607,0.010814482732242873,0.7660401211196385,0.792896028855283
P4,credit,TVAE,append,0.0,data_oob,synthetic_mean_value,0,,,,
P4,credit,TVAE,append,0.0,data_oob,synthetic_negative_value_rate,0,,,,
P4,credit,TVAE,append,0.0,data_oob,source_task_value_gap,0,,,,
P4,credit,TVAE,append,0.0,knn_shapley,real_mean_value,5,0.0007264799999999667,2.1016945544013417e-05,0.0007003840153657562,0.0007525759846341772
P4,credit,TVAE,append,0.0,knn_shapley,synthetic_mean_value,0,,,,
P4,credit,TVAE,append,0.0,knn_shapley,synthetic_negative_value_rate,0,,,,
P4,credit,TVAE,append,0.0,knn_shapley,source_task_value_gap,0,,,,
P4,credit,TVAE,append,0.050332383665717,data_oob,real_mean_value,5,0.7682479755944612,0.0058408362342687115,0.7609956195229657,0.7755003316659568
P4,credit,TVAE,append,0.050332383665717,data_oob,synthetic_mean_value,5,0.8373341957589171,0.06511564719122465,0.7564824409218354,0.9181859505959988
P4,credit,TVAE,append,0.050332383665717,data_oob,synthetic_negative_value_rate,5,0.0,0.0,0.0,0.0
P4,credit,TVAE,append,0.050332383665717,data_oob,source_task_value_gap,5,-0.06908622016445569,0.06330740661451853,-0.1476927477773502,0.009520307448438806
P4,credit,TVAE,append,0.050332383665717,knn_shapley,real_mean_value,5,0.0006991842867004287,1.2348830224774231e-05,0.000683851188790396,0.0007145173846104614
P4,credit,TVAE,append,0.050332383665717,knn_shapley,synthetic_mean_value,5,0.000973998786270404,0.00017634833382079273,0.0007550334090219064,0.0011929641635189017
P4,credit,TVAE,append,0.050332383665717,knn_shapley,synthetic_negative_value_rate,5,0.08425641025641026,0.04671088353230089,0.026257187850063174,0.14225563266275734
P4,credit,TVAE,append,0.050332383665717,knn_shapley,source_task_value_gap,5,-0.0002748144995699753,0.00018679528844650682,-0.0005067514842680904,-4.287751487186024e-05
P4,credit,TVAE,append,0.0999099909990999,data_oob,real_mean_value,5,0.78686839871083,0.012754915993856591,0.771031078721145,0.8027057187005151
P4,credit,TVAE,append,0.0999099909990999,data_oob,synthetic_mean_value,5,0.8752571825891933,0.01630027184537553,0.8550177218778561,0.8954966433005305
P4,credit,TVAE,append,0.0999099909990999,data_oob,synthetic_negative_value_rate,5,0.0,0.0,0.0,0.0
P4,credit,TVAE,append,0.0999099909990999,data_oob,source_task_value_gap,5,-0.08838878387836342,0.022464466047081896,-0.11628210260789584,-0.06049546514883101
P4,credit,TVAE,append,0.0999099909990999,knn_shapley,real_mean_value,5,0.0006898191162559064,2.7253296711445542e-05,0.0006559796788969394,0.0007236585536148734
P4,credit,TVAE,append,0.0999099909990999,knn_shapley,synthetic_mean_value,5,0.0010461685157495085,9.199765050847436e-05,0.0009319383451938037,0.0011603986863052134
P4,credit,TVAE,append,0.0999099909990999,knn_shapley,synthetic_negative_value_rate,5,0.07257589350016595,0.02693048361531688,0.039137281540810635,0.10601450545952126
P4,credit,TVAE,append,0.0999099909990999,knn_shapley,source_task_value_gap,5,-0.00035634939949360204,0.00010833336229761336,-0.0004908630352629135,-0.00022183576372429055
P4,credit,TVAE,append,0.2498124531132783,data_oob,real_mean_value,5,0.7895895005952184,0.01610644011337856,0.7695907137672112,0.8095882874232255
P4,credit,TVAE,append,0.2498124531132783,data_oob,synthetic_mean_value,5,0.8639022126481157,0.01789909843539069,0.8416775465205858,0.8861268787756457
P4,credit,TVAE,append,0.2498124531132783,data_oob,synthetic_negative_value_rate,5,0.0,0.0,0.0,0.0
P4,credit,TVAE,append,0.2498124531132783,data_oob,source_task_value_gap,5,-0.07431271205289733,0.01161538785553634,-0.08873512097829002,-0.05989030312750463
P4,credit,TVAE,append,0.2498124531132783,knn_shapley,real_mean_value,5,0.0006658958286026665,2.518731996693002e-05,0.0006346216401884907,0.0006971700170168424
P4,credit,TVAE,append,0.2498124531132783,knn_shapley,synthetic_mean_value,5,0.0009677928885982028,2.747157805360452e-05,0.0009336824191551974,0.0010019033580412082
P4,credit,TVAE,append,0.2498124531132783,knn_shapley,synthetic_negative_value_rate,5,0.08061794331690367,0.028575653335373433,0.04513658334521916,0.11609930328858817
P4,credit,TVAE,append,0.2498124531132783,knn_shapley,source_task_value_gap,5,-0.0003018970599955362,3.773391880227082e-05,-0.00034874990848345993,-0.00025504421150761243
P4,credit,TVAE,append,0.5,data_oob,real_mean_value,5,0.7676222489643818,0.011808887901851575,0.7529595779978288,0.7822849199309349
P4,credit,TVAE,append,0.5,data_oob,synthetic_mean_value,5,0.8794890712768473,0.012447905818881605,0.8640329547685108,0.8949451877851837
P4,credit,TVAE,append,0.5,data_oob,synthetic_negative_value_rate,5,0.0,0.0,0.0,0.0
P4,credit,TVAE,append,0.5,data_oob,source_task_value_gap,5,-0.1118668223124655,0.018221520198972982,-0.13449182793607295,-0.08924181668885807
P4,credit,TVAE,append,0.5,knn_shapley,real_mean_value,5,0.0005898049854881596,3.133552454935627e-05,0.0005508967927903937,0.0006287131781859255
P4,credit,TVAE,append,0.5,knn_shapley,synthetic_mean_value,5,0.0008875853606029214,1.5721824456656466e-05,0.0008680641371890117,0.0009071065840168312
P4,credit,TVAE,append,0.5,knn_shapley,synthetic_negative_value_rate,5,0.0795056417647175,0.024772912637371837,0.04874600801224583,0.11026527551718918
P4,credit,TVAE,append,0.5,knn_shapley,source_task_value_gap,5,-0.0002977803751147617,4.150115888848895e-05,-0.00034931086999033257,-0.00024624988023919087
P4,credit,TVAE,append,0.75,data_oob,real_mean_value,5,0.7795592768256837,0.022801893105847088,0.7512469870652627,0.8078715665861047
P4,credit,TVAE,append,0.75,data_oob,synthetic_mean_value,5,0.8906444767768427,0.016561947882388198,0.8700801023511542,0.9112088512025311
P4,credit,TVAE,append,0.75,data_oob,synthetic_negative_value_rate,5,0.0,0.0,0.0,0.0
P4,credit,TVAE,append,0.75,data_oob,source_task_value_gap,5,-0.11108519995115892,0.019314009474541306,-0.13506671017666327,-0.08710368972565459
P4,credit,TVAE,append,0.75,knn_shapley,real_mean_value,5,0.0005581129348236317,4.75636261413771e-05,0.0004990548926198604,0.0006171709770274031
P4,credit,TVAE,append,0.75,knn_shapley,synthetic_mean_value,5,0.0008112055158770823,2.2572688252868587e-05,0.0007831778215308183,0.0008392332102233463
P4,credit,TVAE,append,0.75,knn_shapley,synthetic_negative_value_rate,5,0.07793853849536404,0.01925414496440027,0.05403135987687194,0.10184571711385615
P4,credit,TVAE,append,0.75,knn_shapley,source_task_value_gap,5,-0.00025309258105345053,5.478029465737074e-05,-0.0003211113007405018,-0.00018507386136639928
P4,credit,TVAE,replace,0.0,data_oob,real_mean_value,5,0.7794680749874607,0.010814482732242873,0.7660401211196385,0.792896028855283
P4,credit,TVAE,replace,0.0,data_oob,synthetic_mean_value,0,,,,
P4,credit,TVAE,replace,0.0,data_oob,synthetic_negative_value_rate,0,,,,
P4,credit,TVAE,replace,0.0,data_oob,source_task_value_gap,0,,,,
P4,credit,TVAE,replace,0.0,knn_shapley,real_mean_value,5,0.0007264799999999667,2.1016945544013417e-05,0.0007003840153657562,0.0007525759846341772
P4,credit,TVAE,replace,0.0,knn_shapley,synthetic_mean_value,0,,,,
P4,credit,TVAE,replace,0.0,knn_shapley,synthetic_negative_value_rate,0,,,,
P4,credit,TVAE,replace,0.0,knn_shapley,source_task_value_gap,0,,,,
P4,credit,TVAE,replace,0.05,data_oob,real_mean_value,5,0.782554599606348,0.01742809430623003,0.7609147623490021,0.8041944368636939
P4,credit,TVAE,replace,0.05,data_oob,synthetic_mean_value,5,0.8514825799255359,0.03292051805205627,0.8106063578580806,0.8923588019929912
P4,credit,TVAE,replace,0.05,data_oob,synthetic_negative_value_rate,5,0.0,0.0,0.0,0.0
P4,credit,TVAE,replace,0.05,data_oob,source_task_value_gap,5,-0.06892798031918804,0.04263710348779366,-0.12186893670766957,-0.015987023930706508
P4,credit,TVAE,replace,0.05,knn_shapley,real_mean_value,5,0.0006996001868450413,2.59424661825461e-05,0.0006673883605615551,0.0007318120131285274
P4,credit,TVAE,replace,0.05,knn_shapley,synthetic_mean_value,5,0.001005196449943536,0.00022128963960805375,0.00073042907126673,0.0012799638286203421
P4,credit,TVAE,replace,0.05,knn_shapley,synthetic_negative_value_rate,5,0.08,0.04,0.03033344007184944,0.12966655992815057
P4,credit,TVAE,replace,0.05,knn_shapley,source_task_value_gap,5,-0.0003055962630984949,0.00024031313799615487,-0.0006039844348436935,-7.208091353296377e-06
P4,credit,TVAE,replace,0.1,data_oob,real_mean_value,5,0.7874070224128858,0.007996062842791841,0.7774785990536164,0.7973354457721553
P4,credit,TVAE,replace,0.1,data_oob,synthetic_mean_value,5,0.8367496083842623,0.01677320356157976,0.8159229253873055,0.857576291381219
P4,credit,TVAE,replace,0.1,data_oob,synthetic_negative_value_rate,5,0.0,0.0,0.0,0.0
P4,credit,TVAE,replace,0.1,data_oob,source_task_value_gap,5,-0.0493425859713764,0.015822941906205167,-0.06898936328198099,-0.0296958086607718
P4,credit,TVAE,replace,0.1,knn_shapley,real_mean_value,5,0.0006965698069164604,2.726730671570464e-05,0.0006627129738395902,0.0007304266399933305
P4,credit,TVAE,replace,0.1,knn_shapley,synthetic_mean_value,5,0.0009900717377514978,9.5631445280897e-05,0.0008713296150500147,0.001108813860452981
P4,credit,TVAE,replace,0.1,knn_shapley,synthetic_negative_value_rate,5,0.08,0.02345207879911715,0.05088039807209847,0.10911960192790153
P4,credit,TVAE,replace,0.1,knn_shapley,source_task_value_gap,5,-0.0002935019308350375,0.0001143202493303981,-0.0004354492686942708,-0.00015155459297580423
P4,credit,TVAE,replace,0.25,data_oob,real_mean_value,5,0.7714373262829374,0.019037739788105707,0.7477988501808751,0.7950758023849996
P4,credit,TVAE,replace,0.25,data_oob,synthetic_mean_value,5,0.8554243359801406,0.011319895413801264,0.8413688293813917,0.8694798425788894
P4,credit,TVAE,replace,0.25,data_oob,synthetic_negative_value_rate,5,0.0,0.0,0.0,0.0
P4,credit,TVAE,replace,0.25,data_oob,source_task_value_gap,5,-0.08398700969720323,0.027493974036833572,-0.11812528742628847,-0.049848731968117975
P4,credit,TVAE,replace,0.25,knn_shapley,real_mean_value,5,0.0006569669121867926,3.3307199480862714e-05,0.0006156105617104142,0.000698323262663171
P4,credit,TVAE,replace,0.25,knn_shapley,synthetic_mean_value,5,0.0009622192634394808,4.0664391330696914e-05,0.0009117277527152852,0.0010127107741636763
P4,credit,TVAE,replace,0.25,knn_shapley,synthetic_negative_value_rate,5,0.0872,0.0130843417870369,0.07095364386284318,0.10344635613715682
P4,credit,TVAE,replace,0.25,knn_shapley,source_task_value_gap,5,-0.00030525235125268807,6.596133548345176e-05,-0.0003871541667959306,-0.00022335053570944553
P4,credit,TVAE,replace,0.5,data_oob,real_mean_value,5,0.7739611291449779,0.025794426915961337,0.7419331178891306,0.8059891404008253
P4,credit,TVAE,replace,0.5,data_oob,synthetic_mean_value,5,0.876187850828029,0.011093795974174384,0.8624130837634788,0.8899626178925791
P4,credit,TVAE,replace,0.5,data_oob,synthetic_negative_value_rate,5,0.0,0.0,0.0,0.0
P4,credit,TVAE,replace,0.5,data_oob,source_task_value_gap,5,-0.1022267216830511,0.03508518236783002,-0.14579072949959912,-0.05866271386650306
P4,credit,TVAE,replace,0.5,knn_shapley,real_mean_value,5,0.0005826892011819446,5.867585538500699e-05,0.000509833503986571,0.0006555448983773183
P4,credit,TVAE,replace,0.5,knn_shapley,synthetic_mean_value,5,0.0009045107988179798,5.638689432119307e-05,0.0008344972221688341,0.0009745243754671255
P4,credit,TVAE,replace,0.5,knn_shapley,synthetic_negative_value_rate,5,0.0728,0.00794984276574071,0.06292896644639911,0.08267103355360089
P4,credit,TVAE,replace,0.5,knn_shapley,source_task_value_gap,5,-0.0003218215976360351,0.00011176634427547167,-0.00046059784353373563,-0.00018304535173833454
P4,credit,TVAE,replace,0.75,data_oob,real_mean_value,5,0.7894621405729694,0.026792367739124343,0.7561950221246627,0.822729259021276
P4,credit,TVAE,replace,0.75,data_oob,synthetic_mean_value,5,0.8799497965604225,0.009751537767789151,0.8678416631870344,0.8920579299338106
P4,credit,TVAE,replace,0.75,data_oob,synthetic_negative_value_rate,5,0.0,0.0,0.0,0.0
P4,credit,TVAE,replace,0.75,data_oob,source_task_value_gap,5,-0.09048765598745315,0.021298234199439006,-0.11693290661820872,-0.06404240535669757
P4,credit,TVAE,replace,0.75,knn_shapley,real_mean_value,5,0.0005494489884939436,7.025815195861361e-05,0.00046221197062660385,0.0006366860063612834
P4,credit,TVAE,replace,0.75,knn_shapley,synthetic_mean_value,5,0.0008085303371686314,2.024033093887834e-05,0.0007833986469300963,0.0008336620274071664
P4,credit,TVAE,replace,0.75,knn_shapley,synthetic_negative_value_rate,5,0.07680000000000001,0.01277497553813705,0.06093777279636148,0.09266222720363854
P4,credit,TVAE,replace,0.75,knn_shapley,source_task_value_gap,5,-0.00025908134867468763,8.028141259499331e-05,-0.0003587638884188331,-0.0001593988089305422
P4,credit,TVAE,replace,1.0,data_oob,real_mean_value,0,,,,
P4,credit,TVAE,replace,1.0,data_oob,synthetic_mean_value,5,0.8857066810688783,0.006519333170371254,0.8776118597789327,0.8938015023588238
P4,credit,TVAE,replace,1.0,data_oob,synthetic_negative_value_rate,5,0.0,0.0,0.0,0.0
P4,credit,TVAE,replace,1.0,data_oob,source_task_value_gap,0,,,,
P4,credit,TVAE,replace,1.0,knn_shapley,real_mean_value,0,,,,
P4,credit,TVAE,replace,1.0,knn_shapley,synthetic_mean_value,5,0.0007590399999999611,1.732881992520023e-05,0.0007375234281674839,0.0007805565718324382
P4,credit,TVAE,replace,1.0,knn_shapley,synthetic_negative_value_rate,5,0.1026,0.019654516020497684,0.07819569505522891,0.12700430494477108
P4,credit,TVAE,replace,1.0,knn_shapley,source_task_value_gap,0,,,,
