seed,protocol,test_table,test_generator,contamination_mode,true_prevalence,valuation_method,real_mean_value,synthetic_mean_value,synthetic_negative_value_rate,source_task_value_gap
2026,P1,adult,CTGAN,append,0.0,data_oob,0.8096569129982656,,,
2026,P1,adult,CTGAN,append,0.0,knn_shapley,0.0007663999999999669,,,
2026,P1,adult,CTGAN,append,0.050332383665717,data_oob,0.835613562486488,0.8613575901490201,0.0,-0.025744027662532143
2026,P1,adult,CTGAN,append,0.050332383665717,knn_shapley,0.0007717476289677591,0.0007227547642024967,0.1346153846153846,4.899286476526242e-05
2026,P1,adult,CTGAN,append,0.0999099909990999,data_oob,0.81352685099257,0.8792491726426469,0.0,-0.06572232165007685
2026,P1,adult,CTGAN,append,0.0999099909990999,knn_shapley,0.0007554396544153513,0.000921717552303724,0.058823529411764705,-0.00016627789788837264
2026,P1,adult,CTGAN,append,0.2498124531132783,data_oob,0.8316045376857377,0.8194782343060641,0.0,0.012126303379673575
2026,P1,adult,CTGAN,append,0.2498124531132783,knn_shapley,0.0007690243425093475,0.0008259605045820704,0.109375,-5.6936162072722916e-05
2026,P1,adult,CTGAN,append,0.5,data_oob,0.8292195063126586,0.8219335114909846,0.0,0.0072859948216740245
2026,P1,adult,CTGAN,append,0.5,knn_shapley,0.0007964594287917676,0.0007138535362007053,0.10700389105058365,8.260589259106229e-05
2026,P1,adult,CTGAN,append,0.75,data_oob,0.746505132164827,0.8293144131839969,0.0,-0.08280928101916996
2026,P1,adult,CTGAN,append,0.75,knn_shapley,0.0006664956567034104,0.0008266878581635358,0.13981358189081225,-0.00016019220146012536
2026,P1,adult,CTGAN,replace,0.0,data_oob,0.8096569129982656,,,
2026,P1,adult,CTGAN,replace,0.0,knn_shapley,0.0007663999999999669,,,
2026,P1,adult,CTGAN,replace,0.05,data_oob,0.8410602758585932,0.8410500005494508,0.0,1.0275309142437905e-05
2026,P1,adult,CTGAN,replace,0.05,knn_shapley,0.0007877020624212026,0.000737660813996424,0.08,5.0041248424778596e-05
2026,P1,adult,CTGAN,replace,0.1,data_oob,0.8190799213824218,0.7632527814726222,0.0,0.055827139909799595
2026,P1,adult,CTGAN,replace,0.1,knn_shapley,0.0007995836528920969,0.000639747123970753,0.17,0.0001598365289213439
2026,P1,adult,CTGAN,replace,0.25,data_oob,0.819609607568573,0.8297388562661425,0.0,-0.010129248697569482
2026,P1,adult,CTGAN,replace,0.25,knn_shapley,0.0007508054896521991,0.0008691835310432632,0.092,-0.00011837804139106412
2026,P1,adult,CTGAN,replace,0.5,data_oob,0.8100596696656073,0.8250807659336965,0.0,-0.015021096268089229
2026,P1,adult,CTGAN,replace,0.5,knn_shapley,0.0007528789973580612,0.0007591210026418607,0.084,-6.242005283799493e-06
2026,P1,adult,CTGAN,replace,0.75,data_oob,0.801653993502076,0.83318508073575,0.0,-0.03153108723367404
2026,P1,adult,CTGAN,replace,0.75,knn_shapley,0.0007624791568061367,0.0007901069477312384,0.12666666666666668,-2.7627790925101683e-05
2026,P1,adult,CTGAN,replace,1.0,data_oob,,0.8318355552921061,0.0,
2026,P1,adult,CTGAN,replace,1.0,knn_shapley,,0.0007607999999999617,0.118,
2026,P2,adult,TVAE,append,0.0,data_oob,0.8096569129982656,,,
2026,P2,adult,TVAE,append,0.0,knn_shapley,0.0007663999999999669,,,
2026,P2,adult,TVAE,append,0.050332383665717,data_oob,0.8356460119907347,0.7717818896182564,0.0,0.0638641223724783
2026,P2,adult,TVAE,append,0.050332383665717,knn_shapley,0.000780386984447108,0.0005267911296943596,0.19230769230769232,0.0002535958547527484
2026,P2,adult,TVAE,append,0.0999099909990999,data_oob,0.8150231983377365,0.7877669539165273,0.0,0.02725624442120922
2026,P2,adult,TVAE,append,0.0999099909990999,knn_shapley,0.000797100114212197,0.0005784715435040449,0.22549019607843138,0.00021862857070815208
2026,P2,adult,TVAE,append,0.2498124531132783,data_oob,0.8340621200993769,0.8546093479957291,0.0,-0.020547227896352216
2026,P2,adult,TVAE,append,0.2498124531132783,knn_shapley,0.0007684797910760102,0.0008416056071852149,0.1640625,-7.312581610920469e-05
2026,P2,adult,TVAE,append,0.5,data_oob,0.8180726374469982,0.8021780529337134,0.0,0.01589458451328485
2026,P2,adult,TVAE,append,0.5,knn_shapley,0.0007570765094223466,0.0007612078140480546,0.13618677042801555,-4.131304625708005e-06
2026,P2,adult,TVAE,append,0.75,data_oob,0.7421585249649351,0.7979399970422371,0.0,-0.055781472077302
2026,P2,adult,TVAE,append,0.75,knn_shapley,0.000751142757939207,0.0007837089923743087,0.18242343541944075,-3.25662344351018e-05
2026,P2,adult,TVAE,replace,0.0,data_oob,0.8096569129982656,,,
2026,P2,adult,TVAE,replace,0.0,knn_shapley,0.0007663999999999669,,,
2026,P2,adult,TVAE,replace,0.05,data_oob,0.8413150668090126,0.794566043344561,0.0,0.04674902346445153
2026,P2,adult,TVAE,replace,0.05,knn_shapley,0.0007908817257015044,0.0005652472116706627,0.18,0.0002256345140308417
2026,P2,adult,TVAE,replace,0.1,data_oob,0.8276070230796672,0.7573354144133281,0.0,0.07027160866633908
2026,P2,adult,TVAE,replace,0.1,knn_shapley,0.0007964532976632059,0.0006319203210307813,0.18,0.00016453297663242457
2026,P2,adult,TVAE,replace,0.25,data_oob,0.8225787028740835,0.8087047026648716,0.0,0.013874000209211923
2026,P2,adult,TVAE,replace,0.25,knn_shapley,0.0007932783001803217,0.0007257650994589033,0.176,6.751320072141838e-05
2026,P2,adult,TVAE,replace,0.5,data_oob,0.8163954223502429,0.8041091658777068,0.0,0.012286256472536117
2026,P2,adult,TVAE,replace,0.5,knn_shapley,0.0007468259280281669,0.0007691740719717517,0.12,-2.234814394358475e-05
2026,P2,adult,TVAE,replace,0.75,data_oob,0.8194960989091572,0.8455170284421041,0.0,-0.02602092953294688
2026,P2,adult,TVAE,replace,0.75,knn_shapley,0.0007568996197965686,0.0007935667934010984,0.16266666666666665,-3.666717360452983e-05
2026,P2,adult,TVAE,replace,1.0,data_oob,,0.8049949567040922,0.0,
2026,P2,adult,TVAE,replace,1.0,knn_shapley,,0.0007519999999999662,0.156,
2026,P3,credit,CTGAN,append,0.0,data_oob,0.7796288926120369,,,
2026,P3,credit,CTGAN,append,0.0,knn_shapley,0.00073799999999997,,,
2026,P3,credit,CTGAN,append,0.050332383665717,data_oob,0.7682539228616825,0.7238252175814383,0.0,0.04442870528024423
2026,P3,credit,CTGAN,append,0.050332383665717,knn_shapley,0.0007161117843950419,0.000675500546028168,0.15384615384615385,4.061123836687395e-05
2026,P3,credit,CTGAN,append,0.0999099909990999,data_oob,0.7778083441460059,0.8272089869858178,0.0,-0.04940064283981194
2026,P3,credit,CTGAN,append,0.0999099909990999,knn_shapley,0.0007088580752612565,0.0007984847883858509,0.14705882352941177,-8.962671312459441e-05
2026,P3,credit,CTGAN,append,0.2498124531132783,data_oob,0.7605158732048408,0.7718970245709845,0.0,-0.011381151366143705
2026,P3,credit,CTGAN,append,0.2498124531132783,knn_shapley,0.0007047711357398586,0.0007486338867559104,0.1640625,-4.3862751016051846e-05
2026,P3,credit,CTGAN,append,0.5,data_oob,0.7266141086995561,0.7889777557955133,0.0,-0.06236364709595721
2026,P3,credit,CTGAN,append,0.5,knn_shapley,0.0006686924067734078,0.0007856332496266363,0.14396887159533073,-0.00011694084285322846
2026,P3,credit,CTGAN,append,0.75,data_oob,0.792974814481106,0.8040049049755302,0.0,-0.011030090494424272
2026,P3,credit,CTGAN,append,0.75,knn_shapley,0.0007078437480640346,0.0007149759077656716,0.12117177097203728,-7.132159701636978e-06
2026,P3,credit,CTGAN,replace,0.0,data_oob,0.7796288926120369,,,
2026,P3,credit,CTGAN,replace,0.0,knn_shapley,0.00073799999999997,,,
2026,P3,credit,CTGAN,replace,0.05,data_oob,0.7778458513398511,0.7827600615899342,0.0,-0.004914210250083095
2026,P3,credit,CTGAN,replace,0.05,knn_shapley,0.000718812252868473,0.0007745671954983486,0.12,-5.575494262987561e-05
2026,P3,credit,CTGAN,replace,0.1,data_oob,0.7790962899808077,0.8030090877063255,0.0,-0.023912797725517798
2026,P3,credit,CTGAN,replace,0.1,knn_shapley,0.00069801756065395,0.0008218419541141001,0.13,-0.00012382439346015012
2026,P3,credit,CTGAN,replace,0.25,data_oob,0.7621386326000279,0.8168081699476846,0.0,-0.05466953734765667
2026,P3,credit,CTGAN,replace,0.25,knn_shapley,0.0007069000481982413,0.0007928998554051443,0.144,-8.5999807206903e-05
2026,P3,credit,CTGAN,replace,0.5,data_oob,0.730794254957982,0.7834819758123903,0.0,-0.052687720854408315
2026,P3,credit,CTGAN,replace,0.5,knn_shapley,0.000606557588185568,0.0008454424118143651,0.148,-0.00023888482362879708
2026,P3,credit,CTGAN,replace,0.75,data_oob,0.7280254273025011,0.7748825308677921,0.0,-0.04685710356529105
2026,P3,credit,CTGAN,replace,0.75,knn_shapley,0.0006519623738971825,0.0007106792087008943,0.14133333333333334,-5.871683480371183e-05
2026,P3,credit,CTGAN,replace,1.0,data_oob,,0.7960387009323312,0.0,
2026,P3,credit,CTGAN,replace,1.0,knn_shapley,,0.0007531999999999665,0.162,
2026,P4,credit,TVAE,append,0.0,data_oob,0.7796288926120369,,,
2026,P4,credit,TVAE,append,0.0,knn_shapley,0.00073799999999997,,,
2026,P4,credit,TVAE,append,0.050332383665717,data_oob,0.7696935065028752,0.8165723932715081,0.0,-0.046878886768632944
2026,P4,credit,TVAE,append,0.050332383665717,knn_shapley,0.000711137154552334,0.0008277303362375487,0.07692307692307693,-0.00011659318168521474
2026,P4,credit,TVAE,append,0.0999099909990999,data_oob,0.7765435392027566,0.8739808228708018,0.0,-0.09743728366804516
2026,P4,credit,TVAE,append,0.0999099909990999,knn_shapley,0.0006819003444243778,0.0010632695167340509,0.10784313725490197,-0.00038136917230967304
2026,P4,credit,TVAE,append,0.2498124531132783,data_oob,0.7669613910046289,0.8504014093797999,0.0,-0.08344001837517101
2026,P4,credit,TVAE,append,0.2498124531132783,knn_shapley,0.0006376974737696375,0.0009998167168568622,0.1171875,-0.00036211924308722477
2026,P4,credit,TVAE,append,0.5,data_oob,0.748896608883771,0.8785819534775576,0.0,-0.12968534459378667
2026,P4,credit,TVAE,append,0.5,knn_shapley,0.0005573407493214029,0.0009103743109528459,0.11089494163424124,-0.00035303356163144295
2026,P4,credit,TVAE,append,0.75,data_oob,0.7992094822010566,0.8797716677834589,0.0,-0.08056218558240236
2026,P4,credit,TVAE,append,0.75,knn_shapley,0.0005834627832511726,0.000790835908083113,0.07856191744340879,-0.00020737312483194042
2026,P4,credit,TVAE,replace,0.0,data_oob,0.7796288926120369,,,
2026,P4,credit,TVAE,replace,0.0,knn_shapley,0.00073799999999997,,,
2026,P4,credit,TVAE,replace,0.05,data_oob,0.7806414790353075,0.8742757000973507,0.0,-0.09363422106204322
2026,P4,credit,TVAE,replace,0.05,knn_shapley,0.0007072939228894654,0.0011134154650994494,0.04,-0.000406121542209984
2026,P4,credit,TVAE,replace,0.1,data_oob,0.7775651247255579,0.836619634737914,0.0,-0.059054510012356065
2026,P4,credit,TVAE,replace,0.1,knn_shapley,0.0006728883886167843,0.0010960045024485871,0.1,-0.0004231161138318028
2026,P4,credit,TVAE,replace,0.25,data_oob,0.7643784868775839,0.867648203149294,0.0,-0.10326971627171011
2026,P4,credit,TVAE,replace,0.25,knn_shapley,0.0006576933852019294,0.001004519844394076,0.092,-0.0003468264591921467
2026,P4,credit,TVAE,replace,0.5,data_oob,0.7322847704025014,0.8882002562963455,0.0,-0.15591548589384407
2026,P4,credit,TVAE,replace,0.5,knn_shapley,0.0004899687198910435,0.0009892312801088848,0.068,-0.0004992625602178413
2026,P4,credit,TVAE,replace,0.75,data_oob,0.7526665738189797,0.8670348102305515,0.0,-0.11436823641157179
2026,P4,credit,TVAE,replace,0.75,knn_shapley,0.000464731501207459,0.0008301561662641293,0.07866666666666666,-0.00036542466505667026
2026,P4,credit,TVAE,replace,1.0,data_oob,,0.8894968996829484,0.0,
2026,P4,credit,TVAE,replace,1.0,knn_shapley,,0.0007851999999999624,0.134,
2027,P1,adult,CTGAN,append,0.0,data_oob,0.8233501919539767,,,
2027,P1,adult,CTGAN,append,0.0,knn_shapley,0.0007603999999999635,,,
2027,P1,adult,CTGAN,append,0.050332383665717,data_oob,0.8255753745166657,0.8752538912881778,0.0,-0.04967851677151203
2027,P1,adult,CTGAN,append,0.050332383665717,knn_shapley,0.0007724842496801398,0.0007387992560766873,0.14,3.3684993603452524e-05
2027,P1,adult,CTGAN,append,0.0999099909990999,data_oob,0.7855923004062186,0.8418203141149607,0.0,-0.056228013708742086
2027,P1,adult,CTGAN,append,0.0999099909990999,knn_shapley,0.0007557898242935817,0.0007881573050073738,0.0967741935483871,-3.2367480713792066e-05
2027,P1,adult,CTGAN,append,0.2498124531132783,data_oob,0.7964871019435165,0.8277923604240166,0.0,-0.03130525848050014
2027,P1,adult,CTGAN,append,0.2498124531132783,knn_shapley,0.0007491708816611539,0.0008492864306246889,0.07936507936507936,-0.00010011554896353502
2027,P1,adult,CTGAN,append,0.5,data_oob,0.8040752263003006,0.8324172857373522,0.0,-0.028342059437051592
2027,P1,adult,CTGAN,append,0.5,knn_shapley,0.0007657471296230868,0.0008200701625083823,0.1144578313253012,-5.432303288529551e-05
2027,P1,adult,CTGAN,append,0.75,data_oob,0.7810391737477418,0.8315502260574872,0.0,-0.0505110523097454
2027,P1,adult,CTGAN,append,0.75,knn_shapley,0.0007033966186648366,0.0007812845173556467,0.11804613297150611,-7.788789869081015e-05
2027,P1,adult,CTGAN,replace,0.0,data_oob,0.8233501919539767,,,
2027,P1,adult,CTGAN,replace,0.0,knn_shapley,0.0007603999999999635,,,
2027,P1,adult,CTGAN,replace,0.05,data_oob,0.8254227932458721,0.815871659876221,0.0,0.009551133369651077
2027,P1,adult,CTGAN,replace,0.05,knn_shapley,0.0007852521543097032,0.000744209068114898,0.14,4.104308619480525e-05
2027,P1,adult,CTGAN,replace,0.1,data_oob,0.807117972061618,0.7957996492372479,0.0,0.011318322824370064
2027,P1,adult,CTGAN,replace,0.1,knn_shapley,0.0007605421772342404,0.0008351204048915163,0.11,-7.45782276572759e-05
2027,P1,adult,CTGAN,replace,0.25,data_oob,0.8034449211222912,0.8300019672930216,0.0,-0.026557046170730403
2027,P1,adult,CTGAN,replace,0.25,knn_shapley,0.000804043980301358,0.0007814680590957872,0.132,2.2575921205570857e-05
2027,P1,adult,CTGAN,replace,0.5,data_oob,0.8177760970850487,0.8326286164426872,0.0,-0.014852519357638427
2027,P1,adult,CTGAN,replace,0.5,knn_shapley,0.0008195662164812756,0.0008012337835186527,0.11,1.833243296262292e-05
2027,P1,adult,CTGAN,replace,0.75,data_oob,0.8161284245290855,0.8494832192989311,0.0,-0.0333547947698456
2027,P1,adult,CTGAN,replace,0.75,knn_shapley,0.0007682222072074171,0.0007721925975974737,0.09466666666666666,-3.970390390056603e-06
2027,P1,adult,CTGAN,replace,1.0,data_oob,,0.8316082019411019,0.0,
2027,P1,adult,CTGAN,replace,1.0,knn_shapley,,0.0007743999999999616,0.105,
2027,P2,adult,TVAE,append,0.0,data_oob,0.8233501919539767,,,
2027,P2,adult,TVAE,append,0.0,knn_shapley,0.0007603999999999635,,,
2027,P2,adult,TVAE,append,0.050332383665717,data_oob,0.8194011143594502,0.7366175558185395,0.0,0.08278355854091068
2027,P2,adult,TVAE,append,0.050332383665717,knn_shapley,0.0007722046025255065,0.0008641125520147011,0.16,-9.190794948919464e-05
2027,P2,adult,TVAE,append,0.0999099909990999,data_oob,0.7878100341394059,0.7902190309364227,0.0,-0.0024089967970167825
2027,P2,adult,TVAE,append,0.0999099909990999,knn_shapley,0.0007630957905179915,0.0007685173978510556,0.1827956989247312,-5.4216073330640765e-06
2027,P2,adult,TVAE,append,0.2498124531132783,data_oob,0.794745680998023,0.7982768865894846,0.0,-0.0035312055914615836
2027,P2,adult,TVAE,append,0.2498124531132783,knn_shapley,0.0007568212851828353,0.0007884828519174854,0.14682539682539683,-3.166156673465009e-05
2027,P2,adult,TVAE,append,0.5,data_oob,0.7945298464737205,0.8004752038218521,0.0,-0.005945357348131619
2027,P2,adult,TVAE,append,0.5,knn_shapley,0.0008102430852293557,0.0007736103839655209,0.1686746987951807,3.6632701263834746e-05
2027,P2,adult,TVAE,append,0.75,data_oob,0.7806508602612339,0.8116066661530595,0.0,-0.030955805891825672
2027,P2,adult,TVAE,append,0.75,knn_shapley,0.0007404534501387932,0.0007669752274266819,0.1655359565807327,-2.652177728788873e-05
2027,P2,adult,TVAE,replace,0.0,data_oob,0.8233501919539767,,,
2027,P2,adult,TVAE,replace,0.0,knn_shapley,0.0007603999999999635,,,
2027,P2,adult,TVAE,replace,0.05,data_oob,0.8294461650949528,0.7756335605004387,0.0,0.05381260459451409
2027,P2,adult,TVAE,replace,0.05,knn_shapley,0.0007921560527780695,0.000669034997215954,0.18,0.00012312105556211547
2027,P2,adult,TVAE,replace,0.1,data_oob,0.8067568339140234,0.7297933438777383,0.0,0.07696349003628511
2027,P2,adult,TVAE,replace,0.1,knn_shapley,0.0007736958234287964,0.0006007375891404998,0.24,0.00017295823428829663
2027,P2,adult,TVAE,replace,0.25,data_oob,0.8043549248547037,0.7986557016530043,0.0,0.005699223201699466
2027,P2,adult,TVAE,replace,0.25,knn_shapley,0.0008057221490125211,0.0007444335529622954,0.172,6.128859605022572e-05
2027,P2,adult,TVAE,replace,0.5,data_oob,0.8170376878797914,0.8302691876031185,0.0,-0.013231499723327156
2027,P2,adult,TVAE,replace,0.5,knn_shapley,0.000819225385910438,0.0007807746140894929,0.168,3.845077182094503e-05
2027,P2,adult,TVAE,replace,0.75,data_oob,0.8155336983436159,0.8054456106977762,0.0,0.010088087645839683
2027,P2,adult,TVAE,replace,0.75,knn_shapley,0.0008377090640756196,0.0007644969786414153,0.18266666666666667,7.321208543420422e-05
2027,P2,adult,TVAE,replace,1.0,data_oob,,0.8142043307192441,0.0,
2027,P2,adult,TVAE,replace,1.0,knn_shapley,,0.0007587999999999668,0.174,
2027,P3,credit,CTGAN,append,0.0,data_oob,0.7735364211488011,,,
2027,P3,credit,CTGAN,append,0.0,knn_shapley,0.0007059999999999664,,,
2027,P3,credit,CTGAN,append,0.050332383665717,data_oob,0.7616955405398513,0.8057497241211279,0.0,-0.04405418358127655
2027,P3,credit,CTGAN,append,0.050332383665717,knn_shapley,0.0006967520932693287,0.000817710227882097,0.1,-0.00012095813461276831
2027,P3,credit,CTGAN,append,0.0999099909990999,data_oob,0.765912095035249,0.7567453585571383,0.0,0.009166736478110726
2027,P3,credit,CTGAN,append,0.0999099909990999,knn_shapley,0.0007109575599303799,0.0006447472380979823,0.17204301075268819,6.621032183239757e-05
2027,P3,credit,CTGAN,append,0.2498124531132783,data_oob,0.7819900633852533,0.7285064650144991,0.0,0.053483598370754226
2027,P3,credit,CTGAN,append,0.2498124531132783,knn_shapley,0.0007571298683277723,0.0006304240416301344,0.19047619047619047,0.00012670582669763782
2027,P3,credit,CTGAN,append,0.5,data_oob,0.7631557427047445,0.765790544974047,0.0,-0.002634802269302461
2027,P3,credit,CTGAN,append,0.5,knn_shapley,0.0007598991050735319,0.0006781739944840402,0.15863453815261044,8.172511058949171e-05
2027,P3,credit,CTGAN,append,0.75,data_oob,0.7949590624822807,0.7777431723267104,0.0,0.017215890155570235
2027,P3,credit,CTGAN,append,0.75,knn_shapley,0.0007830648601097952,0.000692067763624274,0.1519674355495251,9.099709648552117e-05
2027,P3,credit,CTGAN,replace,0.0,data_oob,0.7735364211488011,,,
2027,P3,credit,CTGAN,replace,0.0,knn_shapley,0.0007059999999999664,,,
2027,P3,credit,CTGAN,replace,0.05,data_oob,0.8119501859092776,0.7852330992164508,0.0,0.026717086692826797
2027,P3,credit,CTGAN,replace,0.05,knn_shapley,0.0007286373307630215,0.000811890715501853,0.06,-8.325338473883143e-05
2027,P3,credit,CTGAN,replace,0.1,data_oob,0.7846747441171198,0.839773984005344,0.0,-0.05509923988822418
2027,P3,credit,CTGAN,replace,0.1,knn_shapley,0.0006834095437053561,0.0008573141066514454,0.07,-0.00017390456294608927
2027,P3,credit,CTGAN,replace,0.25,data_oob,0.7434513104391451,0.7681999984691936,0.0,-0.024748688030048482
2027,P3,credit,CTGAN,replace,0.25,knn_shapley,0.0007352490647269934,0.0006502528058188956,0.18,8.499625890809781e-05
2027,P3,credit,CTGAN,replace,0.5,data_oob,0.7789099341182759,0.7713459873215168,0.0,0.007563946796759091
2027,P3,credit,CTGAN,replace,0.5,knn_shapley,0.0007873312760532559,0.0006630687239466732,0.156,0.00012426255210658277
2027,P3,credit,CTGAN,replace,0.75,data_oob,0.7810576983041176,0.7609670136268213,0.0,0.020090684677296355
2027,P3,credit,CTGAN,replace,0.75,knn_shapley,0.0009301180989846398,0.0006414273003384098,0.18133333333333335,0.00028869079864622996
2027,P3,credit,CTGAN,replace,1.0,data_oob,,0.77374761080133,0.0,
2027,P3,credit,CTGAN,replace,1.0,knn_shapley,,0.000713999999999968,0.194,
2027,P4,credit,TVAE,append,0.0,data_oob,0.7735364211488011,,,
2027,P4,credit,TVAE,append,0.0,knn_shapley,0.0007059999999999664,,,
2027,P4,credit,TVAE,append,0.050332383665717,data_oob,0.7661569603963029,0.8976396800314096,0.0,-0.13148271963510672
2027,P4,credit,TVAE,append,0.050332383665717,knn_shapley,0.0006811432021342933,0.00115427915944777,0.06,-0.0004731359573134766
2027,P4,credit,TVAE,append,0.0999099909990999,data_oob,0.7794198886035044,0.9005707905231654,0.0,-0.12115090191966094
2027,P4,credit,TVAE,append,0.0999099909990999,knn_shapley,0.0006796265906640332,0.0010535342179321234,0.043010752688172046,-0.00037390762726809015
2027,P4,credit,TVAE,append,0.2498124531132783,data_oob,0.7913946711244596,0.8602948325850818,0.0,-0.06890016146062217
2027,P4,credit,TVAE,append,0.2498124531132783,knn_shapley,0.0006559793882054942,0.0009481246731041874,0.0873015873015873,-0.0002921452848986931
2027,P4,credit,TVAE,append,0.5,data_oob,0.7700625110513607,0.8857386343959437,0.0,-0.11567612334458299
2027,P4,credit,TVAE,append,0.5,knn_shapley,0.0006172122442329338,0.0008774286212751599,0.07228915662650602,-0.00026021637704222607
2027,P4,credit,TVAE,append,0.75,data_oob,0.8082726823415988,0.9192199934312044,0.0,-0.11094731108960565
2027,P4,credit,TVAE,append,0.75,knn_shapley,0.0005929962224974964,0.00083045046605579,0.05834464043419267,-0.00023745424355829366
2027,P4,credit,TVAE,replace,0.0,data_oob,0.7735364211488011,,,
2027,P4,credit,TVAE,replace,0.0,knn_shapley,0.0007059999999999664,,,
2027,P4,credit,TVAE,replace,0.05,data_oob,0.8112986328781945,0.8232943737194931,0.0,-0.011995740841298619
2027,P4,credit,TVAE,replace,0.05,knn_shapley,0.0007302138879444927,0.000821936129053934,0.1,-9.172224110944125e-05
2027,P4,credit,TVAE,replace,0.1,data_oob,0.7831068684723406,0.8209321435662469,0.0,-0.03782527509390632
2027,P4,credit,TVAE,replace,0.1,knn_shapley,0.0006796909762341999,0.0009507812138918459,0.1,-0.00027109023765764604
2027,P4,credit,TVAE,replace,0.25,data_oob,0.7534079402947685,0.8675845453912621,0.0,-0.11417660509649352
2027,P4,credit,TVAE,replace,0.25,knn_shapley,0.0006332577247381216,0.0009562268257855031,0.1,-0.0003229691010473815
2027,P4,credit,TVAE,replace,0.5,data_oob,0.7868612328175072,0.880227813994046,0.0,-0.09336658117653884
2027,P4,credit,TVAE,replace,0.5,knn_shapley,0.0006078243692196626,0.0008921756307802558,0.066,-0.00028435126156059313
2027,P4,credit,TVAE,replace,0.75,data_oob,0.8074959830139447,0.884336467133997,0.0,-0.0768404841200524
2027,P4,credit,TVAE,replace,0.75,knn_shapley,0.0005658633749948732,0.0008023122083349851,0.06,-0.00023644883334011197
2027,P4,credit,TVAE,replace,1.0,data_oob,,0.8872159114415659,0.0,
2027,P4,credit,TVAE,replace,1.0,knn_shapley,,0.0007447999999999606,0.102,
2028,P1,adult,CTGAN,append,0.0,data_oob,0.7974891092554266,,,
2028,P1,adult,CTGAN,append,0.0,knn_shapley,0.0007867999999999636,,,
2028,P1,adult,CTGAN,append,0.050332383665717,data_oob,0.8098027184893207,0.7895907926397294,0.0,0.020211925849591306
2028,P1,adult,CTGAN,append,0.050332383665717,knn_shapley,0.0007711755457570949,0.0007300183424835254,0.10416666666666667,4.1157203273569525e-05
2028,P1,adult,CTGAN,append,0.0999099909990999,data_oob,0.8197999738506137,0.7883688165091892,0.0,0.03143115734142443
2028,P1,adult,CTGAN,append,0.0999099909990999,knn_shapley,0.0007742394520031395,0.0008300784936367157,0.11458333333333333,-5.583904163357627e-05
2028,P1,adult,CTGAN,append,0.2498124531132783,data_oob,0.8128556045956855,0.7995608270833358,0.0,0.013294777512349754
2028,P1,adult,CTGAN,append,0.2498124531132783,knn_shapley,0.0007972343329618011,0.0007064003814308119,0.1524163568773234,9.083395153098922e-05
2028,P1,adult,CTGAN,append,0.5,data_oob,0.8335767007380236,0.8331911003185201,0.0,0.00038560041950352897
2028,P1,adult,CTGAN,append,0.5,knn_shapley,0.0007922164168724521,0.0007674297432526376,0.14341846758349705,2.47866736198145e-05
2028,P1,adult,CTGAN,append,0.75,data_oob,0.7790077046980687,0.839513469877781,0.0,-0.06050576517971229
2028,P1,adult,CTGAN,append,0.75,knn_shapley,0.0007146150882178172,0.0007928325939349636,0.08544726301735647,-7.821750571714644e-05
2028,P1,adult,CTGAN,replace,0.0,data_oob,0.7974891092554266,,,
2028,P1,adult,CTGAN,replace,0.0,knn_shapley,0.0007867999999999636,,,
2028,P1,adult,CTGAN,replace,0.05,data_oob,0.8065470433929053,0.8524766393451911,0.0,-0.04592959595228585
2028,P1,adult,CTGAN,replace,0.05,knn_shapley,0.0007566769998923312,0.0009271370020449613,0.06,-0.00017046000215263006
2028,P1,adult,CTGAN,replace,0.1,data_oob,0.8282208065638679,0.8722321140498976,0.0,-0.04401130748602977
2028,P1,adult,CTGAN,replace,0.1,knn_shapley,0.0007701334204133294,0.0009047992162796611,0.07,-0.00013466579586633178
2028,P1,adult,CTGAN,replace,0.25,data_oob,0.8208848803488982,0.8232738823439925,0.0,-0.0023890019950942865
2028,P1,adult,CTGAN,replace,0.25,knn_shapley,0.000786317529262309,0.000825047412212927,0.108,-3.8729882950617935e-05
2028,P1,adult,CTGAN,replace,0.5,data_oob,0.8152300322149422,0.8279656896539695,0.0,-0.012735657439027381
2028,P1,adult,CTGAN,replace,0.5,knn_shapley,0.0007257785781477377,0.0008246214218521968,0.14,-9.884284370445908e-05
2028,P1,adult,CTGAN,replace,0.75,data_oob,0.7774293499550893,0.8238824182030797,0.0,-0.04645306824799045
2028,P1,adult,CTGAN,replace,0.75,knn_shapley,0.000688309413719556,0.0007966968620934297,0.104,-0.00010838744837387366
2028,P1,adult,CTGAN,replace,1.0,data_oob,,0.8337148657830893,0.0,
2028,P1,adult,CTGAN,replace,1.0,knn_shapley,,0.0007763999999999623,0.125,
2028,P2,adult,TVAE,append,0.0,data_oob,0.7974891092554266,,,
2028,P2,adult,TVAE,append,0.0,knn_shapley,0.0007867999999999636,,,
2028,P2,adult,TVAE,append,0.050332383665717,data_oob,0.809829075822045,0.8653166251157364,0.0,-0.055487549293691374
2028,P2,adult,TVAE,append,0.050332383665717,knn_shapley,0.0007639957897562973,0.0009224168364993475,0.10416666666666667,-0.00015842104674305014
2028,P2,adult,TVAE,append,0.0999099909990999,data_oob,0.8178570380473174,0.7957939224573433,0.0,0.02206311558997409
2028,P2,adult,TVAE,append,0.0999099909990999,knn_shapley,0.0007856217532507697,0.0007353951568882174,0.17708333333333334,5.0226596362552335e-05
2028,P2,adult,TVAE,append,0.2498124531132783,data_oob,0.8112916522207516,0.7852707224378648,0.0,0.026020929782886837
2028,P2,adult,TVAE,append,0.2498124531132783,knn_shapley,0.0007883024611208628,0.0006949847617866673,0.16356877323420074,9.331769933419547e-05
2028,P2,adult,TVAE,append,0.5,data_oob,0.8277864795831557,0.8190870176673524,0.0,0.008699461915803286
2028,P2,adult,TVAE,append,0.5,knn_shapley,0.000828287550496357,0.0007200605357686786,0.21218074656188604,0.0001082270147276784
2028,P2,adult,TVAE,append,0.75,data_oob,0.7829088354404223,0.7946317619900991,0.0,-0.011722926549676771
2028,P2,adult,TVAE,append,0.75,knn_shapley,0.0007608208946970582,0.000797108084687588,0.14953271028037382,-3.628718999052979e-05
2028,P2,adult,TVAE,replace,0.0,data_oob,0.7974891092554266,,,
2028,P2,adult,TVAE,replace,0.0,knn_shapley,0.0007867999999999636,,,
2028,P2,adult,TVAE,replace,0.05,data_oob,0.8058655177923822,0.8451089600473627,0.0,-0.03924344225498044
2028,P2,adult,TVAE,replace,0.05,knn_shapley,0.0007605811639723979,0.000868957884523748,0.16,-0.00010837672055135012
2028,P2,adult,TVAE,replace,0.1,data_oob,0.8226111885318925,0.809891015856019,0.0,0.012720172675873553
2028,P2,adult,TVAE,replace,0.1,knn_shapley,0.0007882372574452242,0.0007378646829926121,0.13,5.037257445261213e-05
2028,P2,adult,TVAE,replace,0.25,data_oob,0.8204689877879531,0.8097541377189515,0.0,0.010714850069001525
2028,P2,adult,TVAE,replace,0.25,knn_shapley,0.0008387558786620977,0.0006277323640135717,0.208,0.00021102351464852601
2028,P2,adult,TVAE,replace,0.5,data_oob,0.7895859647289493,0.7941368890533839,0.0,-0.004550924324434602
2028,P2,adult,TVAE,replace,0.5,knn_shapley,0.0007674442767870508,0.000760555723212888,0.19,6.888553574162779e-06
2028,P2,adult,TVAE,replace,0.75,data_oob,0.7708799646092223,0.8220625508580742,0.0,-0.05118258624885197
2028,P2,adult,TVAE,replace,0.75,knn_shapley,0.0006638008387773675,0.0008043330537408266,0.11466666666666667,-0.0001405322149634591
2028,P2,adult,TVAE,replace,1.0,data_oob,,0.8328788708217169,0.0,
2028,P2,adult,TVAE,replace,1.0,knn_shapley,,0.0007987999999999682,0.173,
2028,P3,credit,CTGAN,append,0.0,data_oob,0.7931378239978294,,,
2028,P3,credit,CTGAN,append,0.0,knn_shapley,0.0007567999999999657,,,
2028,P3,credit,CTGAN,append,0.050332383665717,data_oob,0.7662104719856313,0.7342614858049012,0.0,0.031948986180730055
2028,P3,credit,CTGAN,append,0.050332383665717,knn_shapley,0.0007145315703833741,0.0006534571873956667,0.14583333333333334,6.107438298770746e-05
2028,P3,credit,CTGAN,append,0.0999099909990999,data_oob,0.7720260393189317,0.7882711968500171,0.0,-0.016245157531085463
2028,P3,credit,CTGAN,append,0.0999099909990999,knn_shapley,0.0007038619286419164,0.0007803001719549362,0.125,-7.643824331301987e-05
2028,P3,credit,CTGAN,append,0.2498124531132783,data_oob,0.8070999058189575,0.772093200246749,0.0,0.03500670557220853
2028,P3,credit,CTGAN,append,0.2498124531132783,knn_shapley,0.0007827681487210972,0.0006148568151852868,0.15613382899628253,0.00016791133353581038
2028,P3,credit,CTGAN,append,0.5,data_oob,0.765266591200128,0.7761256754703136,0.0,-0.01085908427018567
2028,P3,credit,CTGAN,append,0.5,knn_shapley,0.0006860269788248833,0.000729981833785751,0.13948919449901767,-4.395485496086775e-05
2028,P3,credit,CTGAN,append,0.75,data_oob,0.7652081698909562,0.7735544275526461,0.0,-0.008346257661689949
2028,P3,credit,CTGAN,append,0.75,knn_shapley,0.0008411938562213261,0.0006783182137361993,0.17356475300400534,0.00016287564248512677
2028,P3,credit,CTGAN,replace,0.0,data_oob,0.7931378239978294,,,
2028,P3,credit,CTGAN,replace,0.0,knn_shapley,0.0007567999999999657,,,
2028,P3,credit,CTGAN,replace,0.05,data_oob,0.7742570342400893,0.7130293605267732,0.0,0.061227673713316055
2028,P3,credit,CTGAN,replace,0.05,knn_shapley,0.0007247864617624632,0.0005170572265125121,0.18,0.00020772923524995106
2028,P3,credit,CTGAN,replace,0.1,data_oob,0.7934303518487983,0.7666534400032944,0.0,0.026776911845503903
2028,P3,credit,CTGAN,replace,0.1,knn_shapley,0.0007403536334445095,0.0005528172989990631,0.18,0.00018753633444544646
2028,P3,credit,CTGAN,replace,0.25,data_oob,0.7979678657406002,0.7690395716415767,0.0,0.028928294099023533
2028,P3,credit,CTGAN,replace,0.25,knn_shapley,0.0007864785999414055,0.0006341642001756421,0.152,0.00015231439976576343
2028,P3,credit,CTGAN,replace,0.5,data_oob,0.7774723831823582,0.7810471848276885,0.0,-0.0035748016453303055
2028,P3,credit,CTGAN,replace,0.5,knn_shapley,0.0007715929398487153,0.0006612070601512134,0.134,0.00011038587969750197
2028,P3,credit,CTGAN,replace,0.75,data_oob,0.8009827198492244,0.770349913115625,0.0,0.03063280673359947
2028,P3,credit,CTGAN,replace,0.75,knn_shapley,0.0008970136389396841,0.000630062120353397,0.19333333333333333,0.00026695151858628717
2028,P3,credit,CTGAN,replace,1.0,data_oob,,0.7794182774578681,0.0,
2028,P3,credit,CTGAN,replace,1.0,knn_shapley,,0.0007019999999999677,0.177,
2028,P4,credit,TVAE,append,0.0,data_oob,0.7931378239978294,,,
2028,P4,credit,TVAE,append,0.0,knn_shapley,0.0007567999999999657,,,
2028,P4,credit,TVAE,append,0.050332383665717,data_oob,0.7632412604738725,0.7333456531379859,0.0,0.029895607335886587
2028,P4,credit,TVAE,append,0.050332383665717,knn_shapley,0.0007094559207604014,0.0007541242382513316,0.16666666666666666,-4.4668317490930234e-05
2028,P4,credit,TVAE,append,0.0999099909990999,data_oob,0.7775409769639595,0.8576084696065885,0.0,-0.08006749264262902
2028,P4,credit,TVAE,append,0.0999099909990999,knn_shapley,0.0006793668938390353,0.0011859617496820442,0.07291666666666667,-0.000506594855843009
2028,P4,credit,TVAE,append,0.2498124531132783,data_oob,0.8115961644374481,0.8832954044628238,0.0,-0.07169924002537575
2028,P4,credit,TVAE,append,0.2498124531132783,knn_shapley,0.0006870796089577073,0.0009447762299326313,0.04460966542750929,-0.000257696620974924
2028,P4,credit,TVAE,append,0.5,data_oob,0.7663371736342303,0.8706430504449787,0.0,-0.10430587681074843
2028,P4,credit,TVAE,append,0.5,knn_shapley,0.0005699524190360755,0.0008710282166075607,0.07465618860510806,-0.00030107579757148524
2028,P4,credit,TVAE,append,0.75,data_oob,0.7710303243192609,0.8796942965554131,0.0,-0.1086639722361522
2028,P4,credit,TVAE,append,0.75,knn_shapley,0.0005931930511260592,0.000792401260570521,0.1054739652870494,-0.00019920820944446175
2028,P4,credit,TVAE,replace,0.0,data_oob,0.7931378239978294,,,
2028,P4,credit,TVAE,replace,0.0,knn_shapley,0.0007567999999999657,,,
2028,P4,credit,TVAE,replace,0.05,data_oob,0.7737049799780077,0.8085920029387361,0.0,-0.03488702296072843
2028,P4,credit,TVAE,replace,0.05,knn_shapley,0.0007126048718517072,0.000724507434816906,0.14,-1.1902562965198813e-05
2028,P4,credit,TVAE,replace,0.1,data_oob,0.7937178331834459,0.8650010495266605,0.0,-0.07128321634321455
2028,P4,credit,TVAE,replace,0.1,knn_shapley,0.000703328283718211,0.00107804544653575,0.05,-0.00037471716281753896
2028,P4,credit,TVAE,replace,0.25,data_oob,0.8027102302729783,0.8457380063025856,0.0,-0.04302777602960728
2028,P4,credit,TVAE,replace,0.25,knn_shapley,0.0007078712431893675,0.0008971862704317369,0.08,-0.0001893150272423694
2028,P4,credit,TVAE,replace,0.5,data_oob,0.7909112219377138,0.8598595624470803,0.0,-0.06894834050936649
2028,P4,credit,TVAE,replace,0.5,knn_shapley,0.0006458702928625021,0.0008373297071374211,0.07,-0.000191459414274919
2028,P4,credit,TVAE,replace,0.75,data_oob,0.7921337517628024,0.8722315647860159,0.0,-0.0800978130232135
2028,P4,credit,TVAE,replace,0.75,knn_shapley,0.000625033102393874,0.0007831222992019885,0.09466666666666666,-0.00015808919680811455
2028,P4,credit,TVAE,replace,1.0,data_oob,,0.8869645787893233,0.0,
2028,P4,credit,TVAE,replace,1.0,knn_shapley,,0.0007483999999999622,0.105,
2029,P1,adult,CTGAN,append,0.0,data_oob,0.8039683699917378,,,
2029,P1,adult,CTGAN,append,0.0,knn_shapley,0.0007635999999999641,,,
2029,P1,adult,CTGAN,append,0.050332383665717,data_oob,0.7944745034585734,0.8290182329559491,0.0,-0.03454372949737572
2029,P1,adult,CTGAN,append,0.050332383665717,knn_shapley,0.0007640252002453305,0.000835521195338062,0.1,-7.14959950927315e-05
2029,P1,adult,CTGAN,append,0.0999099909990999,data_oob,0.8045500145061804,0.8415370341476496,0.0,-0.03698701964146922
2029,P1,adult,CTGAN,append,0.0999099909990999,knn_shapley,0.0007421905246168242,0.0008282852784482279,0.07,-8.609475383140376e-05
2029,P1,adult,CTGAN,append,0.2498124531132783,data_oob,0.8035729834561154,0.811418025310997,0.0,-0.007845041854881663
2029,P1,adult,CTGAN,append,0.2498124531132783,knn_shapley,0.0008039680724725508,0.0006978427893765103,0.12890625,0.00010612528309604052
2029,P1,adult,CTGAN,append,0.5,data_oob,0.8008943988818037,0.8309706371946463,0.0,-0.030076238312842563
2029,P1,adult,CTGAN,append,0.5,knn_shapley,0.0006997501574289284,0.0008293758317813569,0.11023622047244094,-0.00012962567435242857
2029,P1,adult,CTGAN,append,0.75,data_oob,0.8155185072023865,0.8556415215540218,0.0,-0.040123014351635344
2029,P1,adult,CTGAN,append,0.75,knn_shapley,0.000710211674734353,0.0007819294417551633,0.08933333333333333,-7.171776702081026e-05
2029,P1,adult,CTGAN,replace,0.0,data_oob,0.8039683699917378,,,
2029,P1,adult,CTGAN,replace,0.0,knn_shapley,0.0007635999999999641,,,
2029,P1,adult,CTGAN,replace,0.05,data_oob,0.7992741927358135,0.8144676146839006,0.0,-0.015193421948087149
2029,P1,adult,CTGAN,replace,0.05,knn_shapley,0.0007661800504628754,0.0007705790412046962,0.1,-4.3989907418207986e-06
2029,P1,adult,CTGAN,replace,0.1,data_oob,0.8004386800763361,0.7988406454321094,0.0,0.001598034644226698
2029,P1,adult,CTGAN,replace,0.1,knn_shapley,0.0007713417152353356,0.0007779245628816141,0.12,-6.582847646278457e-06
2029,P1,adult,CTGAN,replace,0.25,data_oob,0.8113914781986956,0.8245788548793012,0.0,-0.013187376680605545
2029,P1,adult,CTGAN,replace,0.25,knn_shapley,0.0007503849396830623,0.0007856451809506741,0.132,-3.526024126761186e-05
2029,P1,adult,CTGAN,replace,0.5,data_oob,0.7899058340670838,0.8489086085891926,0.0,-0.05900277452210878
2029,P1,adult,CTGAN,replace,0.5,knn_shapley,0.0007215079149511599,0.0008048920850487731,0.106,-8.338417009761323e-05
2029,P1,adult,CTGAN,replace,0.75,data_oob,0.8186547956573949,0.8408482996924775,0.0,-0.02219350403508269
2029,P1,adult,CTGAN,replace,0.75,knn_shapley,0.0008747764116016566,0.0007318745294660669,0.132,0.0001429018821355897
2029,P1,adult,CTGAN,replace,1.0,data_oob,,0.8336068172933288,0.0,
2029,P1,adult,CTGAN,replace,1.0,knn_shapley,,0.0007943999999999591,0.098,
2029,P2,adult,TVAE,append,0.0,data_oob,0.8039683699917378,,,
2029,P2,adult,TVAE,append,0.0,knn_shapley,0.0007635999999999641,,,
2029,P2,adult,TVAE,append,0.050332383665717,data_oob,0.7936073651697908,0.8085675768112557,0.0,-0.014960211641464882
2029,P2,adult,TVAE,append,0.050332383665717,knn_shapley,0.0007721110341350497,0.0006578903514334134,0.22,0.00011422068270163638
2029,P2,adult,TVAE,append,0.0999099909990999,data_oob,0.8093634655678112,0.7830890442163165,0.0,0.026274421351494714
2029,P2,adult,TVAE,append,0.0999099909990999,knn_shapley,0.0007624606732281889,0.0006818539409459541,0.2,8.060673228223474e-05
2029,P2,adult,TVAE,append,0.2498124531132783,data_oob,0.7970345441660267,0.7972479678395126,0.0,-0.00021342367348586855
2029,P2,adult,TVAE,append,0.2498124531132783,knn_shapley,0.0008338269882130411,0.0006251278155057204,0.19140625,0.00020869917270732068
2029,P2,adult,TVAE,append,0.5,data_oob,0.8010289241329833,0.8015799910342668,0.0,-0.0005510669012834812
2029,P2,adult,TVAE,append,0.5,knn_shapley,0.0007696355531691687,0.0007585419445683773,0.1830708661417323,1.1093608600791396e-05
2029,P2,adult,TVAE,append,0.75,data_oob,0.8089070562938282,0.8056956742620965,0.0,0.0032113820317316577
2029,P2,adult,TVAE,append,0.75,knn_shapley,0.0007991556434630104,0.000740548118845617,0.144,5.860752461739338e-05
2029,P2,adult,TVAE,replace,0.0,data_oob,0.8039683699917378,,,
2029,P2,adult,TVAE,replace,0.0,knn_shapley,0.0007635999999999641,,,
2029,P2,adult,TVAE,replace,0.05,data_oob,0.801010785052639,0.7651799939525419,0.0,0.035830791100097126
2029,P2,adult,TVAE,replace,0.05,knn_shapley,0.0007674374778931137,0.0007226879200301637,0.16,4.474955786295002e-05
2029,P2,adult,TVAE,replace,0.1,data_oob,0.8001027456792498,0.7968689468232643,0.0,0.0032337988559855146
2029,P2,adult,TVAE,replace,0.1,knn_shapley,0.0007891835099679927,0.0005413484102877027,0.16,0.00024783509968029
2029,P2,adult,TVAE,replace,0.25,data_oob,0.8156371055494477,0.8154980226265223,0.0,0.00013908292292541535
2029,P2,adult,TVAE,replace,0.25,knn_shapley,0.0007710261221354229,0.000750921633593593,0.176,2.0104488541829884e-05
2029,P2,adult,TVAE,replace,0.5,data_oob,0.7817251436897779,0.8063614665188571,0.0,-0.024636322829079238
2029,P2,adult,TVAE,replace,0.5,knn_shapley,0.0007557845401573542,0.0007610154598425809,0.178,-5.230919685226686e-06
2029,P2,adult,TVAE,replace,0.75,data_oob,0.8183211643234513,0.8104943896870203,0.0,0.007826774636431
2029,P2,adult,TVAE,replace,0.75,knn_shapley,0.0008103237107387008,0.0007437587630870516,0.14266666666666666,6.656494765164918e-05
2029,P2,adult,TVAE,replace,1.0,data_oob,,0.799863131056342,0.0,
2029,P2,adult,TVAE,replace,1.0,knn_shapley,,0.0007627999999999683,0.169,
2029,P3,credit,CTGAN,append,0.0,data_oob,0.7858758218268171,,,
2029,P3,credit,CTGAN,append,0.0,knn_shapley,0.0007099999999999643,,,
2029,P3,credit,CTGAN,append,0.050332383665717,data_oob,0.7755888778067748,0.8440863046869486,0.0,-0.0684974268801738
2029,P3,credit,CTGAN,append,0.050332383665717,knn_shapley,0.0006980762794792748,0.0009525506898930361,0.04,-0.0002544744104137612
2029,P3,credit,CTGAN,append,0.0999099909990999,data_oob,0.793667039664795,0.7513019687231871,0.0,0.04236507094160791
2029,P3,credit,CTGAN,append,0.0999099909990999,knn_shapley,0.0007240227092354967,0.000491795616880173,0.15,0.0002322270923553237
2029,P3,credit,CTGAN,append,0.2498124531132783,data_oob,0.7760895658866536,0.7398867842665918,0.0,0.03620278162006174
2029,P3,credit,CTGAN,append,0.2498124531132783,knn_shapley,0.000736382154652473,0.000636451863041122,0.1640625,9.993029161135098e-05
2029,P3,credit,CTGAN,append,0.5,data_oob,0.7644485629236055,0.7855864332420356,0.0,-0.021137870318430063
2029,P3,credit,CTGAN,append,0.5,knn_shapley,0.0007240800053038269,0.0007207729082489844,0.1437007874015748,3.3070970548424892e-06
2029,P3,credit,CTGAN,append,0.75,data_oob,0.7539123260169271,0.7665321554591559,0.0,-0.012619829442228725
2029,P3,credit,CTGAN,append,0.75,knn_shapley,0.000713743776526759,0.0006831520744910364,0.16533333333333333,3.0591702035722584e-05
2029,P3,credit,CTGAN,replace,0.0,data_oob,0.7858758218268171,,,
2029,P3,credit,CTGAN,replace,0.0,knn_shapley,0.0007099999999999643,,,
2029,P3,credit,CTGAN,replace,0.05,data_oob,0.7806946484929719,0.7887858277604299,0.0,-0.00809117926745806
2029,P3,credit,CTGAN,replace,0.05,knn_shapley,0.0006764003782080616,0.0008523928140461354,0.08,-0.00017599243583807378
2029,P3,credit,CTGAN,replace,0.1,data_oob,0.7799317917548468,0.7380615801338757,0.0,0.041870211620971154
2029,P3,credit,CTGAN,replace,0.1,knn_shapley,0.000710122789481038,0.0006688948946703039,0.15,4.12278948107341e-05
2029,P3,credit,CTGAN,replace,0.25,data_oob,0.7556865420684441,0.7626231062106512,0.0,-0.006936564142207113
2029,P3,credit,CTGAN,replace,0.25,knn_shapley,0.0006951896101202233,0.0007320311696391993,0.156,-3.6841559518976095e-05
2029,P3,credit,CTGAN,replace,0.5,data_oob,0.7409755922680906,0.753437303867817,0.0,-0.012461711599726422
2029,P3,credit,CTGAN,replace,0.5,knn_shapley,0.0006881864840503345,0.0007190135159495948,0.154,-3.082703189926034e-05
2029,P3,credit,CTGAN,replace,0.75,data_oob,0.7616132796378502,0.7640054983692144,0.0,-0.002392218731364193
2029,P3,credit,CTGAN,replace,0.75,knn_shapley,0.0007410570755147348,0.0006836476414950454,0.17333333333333334,5.7409434019689456e-05
2029,P3,credit,CTGAN,replace,1.0,data_oob,,0.7839965196610753,0.0,
2029,P3,credit,CTGAN,replace,1.0,knn_shapley,,0.0007039999999999647,0.147,
2029,P4,credit,TVAE,append,0.0,data_oob,0.7858758218268171,,,
2029,P4,credit,TVAE,append,0.0,knn_shapley,0.0007099999999999643,,,
2029,P4,credit,TVAE,append,0.050332383665717,data_oob,0.7777433590734022,0.8685080270730156,0.0,-0.09076466799961336
2029,P4,credit,TVAE,append,0.050332383665717,knn_shapley,0.0006933935448520298,0.0010175226478107181,0.06,-0.0003241291029586884
2029,P4,credit,TVAE,append,0.0999099909990999,data_oob,0.7962690197784246,0.8787151268985666,0.0,-0.082446107120142
2029,P4,credit,TVAE,append,0.0999099909990999,knn_shapley,0.0006702838101070965,0.000979445709035753,0.05,-0.0003091618989286566
2029,P4,credit,TVAE,append,0.2498124531132783,data_oob,0.7846741088260932,0.8439512063562504,0.0,-0.0592770975301572
2029,P4,credit,TVAE,append,0.2498124531132783,knn_shapley,0.0006514262192916462,0.0009505425501835221,0.09375,-0.00029911633089187584
2029,P4,credit,TVAE,append,0.5,data_oob,0.7716544226691484,0.8969814424080174,0.0,-0.12532701973886895
2029,P4,credit,TVAE,append,0.5,knn_shapley,0.0005756307426987913,0.0008960426665199876,0.045275590551181105,-0.00032041192382119635
2029,P4,credit,TVAE,append,0.75,data_oob,0.7584229205519414,0.8841289788452944,0.0,-0.12570605829335302
2029,P4,credit,TVAE,append,0.75,knn_shapley,0.0004838404021845896,0.0008024531992717498,0.06133333333333333,-0.0003186127970871602
2029,P4,credit,TVAE,replace,0.0,data_oob,0.7858758218268171,,,
2029,P4,credit,TVAE,replace,0.0,knn_shapley,0.0007099999999999643,,,
2029,P4,credit,TVAE,replace,0.05,data_oob,0.7820814406013582,0.8784170523541427,0.0,-0.09633561175278449
2029,P4,credit,TVAE,replace,0.05,knn_shapley,0.000663695585257002,0.0011177838801162674,0.06,-0.00045408829485926543
2029,P4,credit,TVAE,replace,0.1,data_oob,0.7854106503399043,0.8314082169643594,0.0,-0.04599756662445509
2029,P4,credit,TVAE,replace,0.1,knn_shapley,0.0006859810344574901,0.0009581706898822187,0.06,-0.00027218965542472853
2029,P4,credit,TVAE,replace,0.25,data_oob,0.7621105454116056,0.8454841653057982,0.0,-0.08337361989419256
2029,P4,credit,TVAE,replace,0.25,knn_shapley,0.0006218665016616906,0.0009680004950147927,0.096,-0.00034613399335310213
2029,P4,credit,TVAE,replace,0.5,data_oob,0.7657171699129404,0.8820275201662124,0.0,-0.11631035025327208
2029,P4,credit,TVAE,replace,0.5,knn_shapley,0.0005684442640907366,0.0008811557359091873,0.074,-0.00031271147181845076
2029,P4,credit,TVAE,replace,0.75,data_oob,0.7745332195312735,0.8868932504947203,0.0,-0.11236003096344682
2029,P4,credit,TVAE,replace,0.75,knn_shapley,0.0004885420778231858,0.0007987526407255509,0.07066666666666667,-0.000310210562902365
2029,P4,credit,TVAE,replace,1.0,data_oob,,0.8743570232062289,0.0,
2029,P4,credit,TVAE,replace,1.0,knn_shapley,,0.00074839999999996,0.085,
2030,P1,adult,CTGAN,append,0.0,data_oob,0.8264422720771092,,,
2030,P1,adult,CTGAN,append,0.0,knn_shapley,0.0007655999999999656,,,
2030,P1,adult,CTGAN,append,0.050332383665717,data_oob,0.8482941323987754,0.8945225531882414,0.0,-0.046228420789465985
2030,P1,adult,CTGAN,append,0.050332383665717,knn_shapley,0.0007934270670388275,0.0008582911624453501,0.1346153846153846,-6.486409540652262e-05
2030,P1,adult,CTGAN,append,0.0999099909990999,data_oob,0.8069653855199101,0.8359956229132267,0.0,-0.02903023739331656
2030,P1,adult,CTGAN,append,0.0999099909990999,knn_shapley,0.0007314998094923689,0.0008156601115477695,0.0891089108910891,-8.416030205540056e-05
2030,P1,adult,CTGAN,append,0.2498124531132783,data_oob,0.8290090537820346,0.8053153433334486,0.0,0.023693710448586036
2030,P1,adult,CTGAN,append,0.2498124531132783,knn_shapley,0.000821979196193837,0.0007288900548529948,0.14859437751004015,9.308914134084222e-05
2030,P1,adult,CTGAN,append,0.5,data_oob,0.8231842038147924,0.8268579850980557,0.0,-0.0036737812832633443
2030,P1,adult,CTGAN,append,0.5,knn_shapley,0.0007922718969495894,0.000771709475081327,0.09441233140655106,2.056242186826234e-05
2030,P1,adult,CTGAN,append,0.75,data_oob,0.808112774220243,0.8312658173039579,0.0,-0.023153043083714908
2030,P1,adult,CTGAN,append,0.75,knn_shapley,0.0008605905666317028,0.0007598093938383989,0.14153439153439154,0.00010078117279330384
2030,P1,adult,CTGAN,replace,0.0,data_oob,0.8264422720771092,,,
2030,P1,adult,CTGAN,replace,0.0,knn_shapley,0.0007655999999999656,,,
2030,P1,adult,CTGAN,replace,0.05,data_oob,0.8118548172526335,0.8651503348359243,0.0,-0.053295517583290763
2030,P1,adult,CTGAN,replace,0.05,knn_shapley,0.000769080636484473,0.0008674679067944018,0.12,-9.838727030992886e-05
2030,P1,adult,CTGAN,replace,0.1,data_oob,0.8325948416049775,0.7802880242619965,0.0,0.05230681734298104
2030,P1,adult,CTGAN,replace,0.1,knn_shapley,0.0007515085833135012,0.0007684227501781366,0.13,-1.6914166864635317e-05
2030,P1,adult,CTGAN,replace,0.25,data_oob,0.8287094116075598,0.844731924278912,0.0,-0.01602251267135213
2030,P1,adult,CTGAN,replace,0.25,knn_shapley,0.0007842855418819627,0.0007991433743539607,0.116,-1.4857832471997976e-05
2030,P1,adult,CTGAN,replace,0.5,data_oob,0.812004896091427,0.8338206388163476,0.0,-0.021815742724920595
2030,P1,adult,CTGAN,replace,0.5,knn_shapley,0.0007868748378287726,0.0007923251621711495,0.09,-5.450324342376901e-06
2030,P1,adult,CTGAN,replace,0.75,data_oob,0.7754004214805992,0.8210618862854829,0.0,-0.045661464804883756
2030,P1,adult,CTGAN,replace,0.75,knn_shapley,0.0008020570732703178,0.0007689143089098476,0.15066666666666667,3.314276436047021e-05
2030,P1,adult,CTGAN,replace,1.0,data_oob,,0.8281469368302092,0.0,
2030,P1,adult,CTGAN,replace,1.0,knn_shapley,,0.0007599999999999617,0.109,
2030,P2,adult,TVAE,append,0.0,data_oob,0.8264422720771092,,,
2030,P2,adult,TVAE,append,0.0,knn_shapley,0.0007655999999999656,,,
2030,P2,adult,TVAE,append,0.050332383665717,data_oob,0.8479264012941545,0.7997157042431725,0.0,0.04821069705098202
2030,P2,adult,TVAE,append,0.050332383665717,knn_shapley,0.0008138841359735497,0.0004853430595585121,0.23076923076923078,0.00032854107641503756
2030,P2,adult,TVAE,append,0.0999099909990999,data_oob,0.8053775389796601,0.7367418754831997,0.0,0.06863566349646044
2030,P2,adult,TVAE,append,0.0999099909990999,knn_shapley,0.0007616545122050017,0.0005828969656204822,0.18811881188118812,0.0001787575465845195
2030,P2,adult,TVAE,append,0.2498124531132783,data_oob,0.8315178336365014,0.827892779085152,0.0,0.003625054551349427
2030,P2,adult,TVAE,append,0.2498124531132783,knn_shapley,0.0008015281455108609,0.00073755968964381,0.17269076305220885,6.396845586705089e-05
2030,P2,adult,TVAE,append,0.5,data_oob,0.818616300834577,0.8135083467503393,0.0,0.005107954084237698
2030,P2,adult,TVAE,append,0.5,knn_shapley,0.0007994087150833731,0.0007766558921866283,0.13680154142581888,2.2752822896744793e-05
2030,P2,adult,TVAE,append,0.75,data_oob,0.8139268289814255,0.7872421633970113,0.0,0.02668466558441429
2030,P2,adult,TVAE,append,0.75,knn_shapley,0.0008412375231410689,0.0007575900057586575,0.1626984126984127,8.364751738241139e-05
2030,P2,adult,TVAE,replace,0.0,data_oob,0.8264422720771092,,,
2030,P2,adult,TVAE,replace,0.0,knn_shapley,0.0007655999999999656,,,
2030,P2,adult,TVAE,replace,0.05,data_oob,0.8118626451160649,0.7654594397069152,0.0,0.04640320540914966
2030,P2,adult,TVAE,replace,0.05,knn_shapley,0.0007925752001144052,0.0005410711978256642,0.3,0.00025150400228874097
2030,P2,adult,TVAE,replace,0.1,data_oob,0.8303360093228234,0.8496372100698069,0.0,-0.019301200746983493
2030,P2,adult,TVAE,replace,0.1,knn_shapley,0.0007356869301358695,0.0008908176287768225,0.12,-0.000155130698640953
2030,P2,adult,TVAE,replace,0.25,data_oob,0.8218048990852819,0.8158209650861435,0.0,0.0059839339991383245
2030,P2,adult,TVAE,replace,0.25,knn_shapley,0.0007976094478640589,0.0007655716564076836,0.164,3.203779145637532e-05
2030,P2,adult,TVAE,replace,0.5,data_oob,0.8051804647609625,0.8071006621039958,0.0,-0.0019201973430332808
2030,P2,adult,TVAE,replace,0.5,knn_shapley,0.000791776697284721,0.0007786233027152084,0.142,1.3153394569512603e-05
2030,P2,adult,TVAE,replace,0.75,data_oob,0.7742261243163514,0.8326098745329058,0.0,-0.0583837502165544
2030,P2,adult,TVAE,replace,0.75,knn_shapley,0.0007979507151271183,0.0007782830949575803,0.16,1.9667620169538024e-05
2030,P2,adult,TVAE,replace,1.0,data_oob,,0.8087126930468205,0.0,
2030,P2,adult,TVAE,replace,1.0,knn_shapley,,0.0007619999999999675,0.166,
2030,P3,credit,CTGAN,append,0.0,data_oob,0.765161415351819,,,
2030,P3,credit,CTGAN,append,0.0,knn_shapley,0.000721599999999967,,,
2030,P3,credit,CTGAN,append,0.050332383665717,data_oob,0.7643026706009795,0.7760697534957234,0.0,-0.01176708289474393
2030,P3,credit,CTGAN,append,0.050332383665717,knn_shapley,0.0007273430991479822,0.0005168988847631051,0.19230769230769232,0.0002104442143848771
2030,P3,credit,CTGAN,append,0.0999099909990999,data_oob,0.8001326643182949,0.764233543174418,0.0,0.03589912114387683
2030,P3,credit,CTGAN,append,0.0999099909990999,knn_shapley,0.0007617712683005739,0.0007283923742351443,0.1485148514851485,3.337889406542958e-05
2030,P3,credit,CTGAN,append,0.2498124531132783,data_oob,0.781790827403617,0.7647196682459784,0.0,0.017071159157638682
2030,P3,credit,CTGAN,append,0.2498124531132783,knn_shapley,0.0008022240522094101,0.0005973081798823251,0.1927710843373494,0.00020491587232708498
2030,P3,credit,CTGAN,append,0.5,data_oob,0.7600766874099306,0.7816150203993193,0.0,-0.021538332989388675
2030,P3,credit,CTGAN,append,0.5,knn_shapley,0.0007989972607351892,0.0007130680492993111,0.17726396917148363,8.592921143587803e-05
2030,P3,credit,CTGAN,append,0.75,data_oob,0.7436936827469113,0.785373916242797,0.0,-0.04168023349588568
2030,P3,credit,CTGAN,append,0.75,knn_shapley,0.0007212505486037201,0.0007555752197627764,0.15608465608465608,-3.4324671159056356e-05
2030,P3,credit,CTGAN,replace,0.0,data_oob,0.765161415351819,,,
2030,P3,credit,CTGAN,replace,0.0,knn_shapley,0.000721599999999967,,,
2030,P3,credit,CTGAN,replace,0.05,data_oob,0.759325453471618,0.6491954990317292,0.0,0.11012995443988871
2030,P3,credit,CTGAN,replace,0.05,knn_shapley,0.0007264569258756095,0.0002773184083628191,0.3,0.00044913851751279035
2030,P3,credit,CTGAN,replace,0.1,data_oob,0.7937394985189707,0.7857775723558662,0.0,0.007961926163104538
2030,P3,credit,CTGAN,replace,0.1,knn_shapley,0.0007537906307243533,0.0007318843234804667,0.15,2.1906307243886613e-05
2030,P3,credit,CTGAN,replace,0.25,data_oob,0.7738944787188552,0.7260959888743306,0.0,0.047798489844524616
2030,P3,credit,CTGAN,replace,0.25,knn_shapley,0.0007831748797517551,0.0005480753607446067,0.212,0.00023509951900714846
2030,P3,credit,CTGAN,replace,0.5,data_oob,0.7795437589389957,0.7737822357024471,0.0,0.00576152323654866
2030,P3,credit,CTGAN,replace,0.5,knn_shapley,0.0007740580710350411,0.0007315419289648943,0.166,4.251614207014681e-05
2030,P3,credit,CTGAN,replace,0.75,data_oob,0.8019274298497263,0.7850675508123414,0.0,0.01685987903738495
2030,P3,credit,CTGAN,replace,0.75,knn_shapley,0.0008592564947992202,0.0007199811684002144,0.15466666666666667,0.00013927532639900582
2030,P3,credit,CTGAN,replace,1.0,data_oob,,0.7774624548154198,0.0,
2030,P3,credit,CTGAN,replace,1.0,knn_shapley,,0.0007295999999999666,0.168,
2030,P4,credit,TVAE,append,0.0,data_oob,0.765161415351819,,,
2030,P4,credit,TVAE,append,0.0,knn_shapley,0.000721599999999967,,,
2030,P4,credit,TVAE,append,0.050332383665717,data_oob,0.7644047915258536,0.8706052252806656,0.0,-0.10620043375481203
2030,P4,credit,TVAE,append,0.050332383665717,knn_shapley,0.0007007916112030853,0.0011163375496046517,0.057692307692307696,-0.00041554593840156643
2030,P4,credit,TVAE,append,0.0999099909990999,data_oob,0.8045685690055044,0.8654107030468444,0.0,-0.06084213404133998
2030,P4,credit,TVAE,append,0.0999099909990999,knn_shapley,0.0007379179422449893,0.0009486313853635706,0.0891089108910891,-0.00021071344311858128
2030,P4,credit,TVAE,append,0.2498124531132783,data_oob,0.793321167583462,0.8815682104566226,0.0,-0.08824704287316054
2030,P4,credit,TVAE,append,0.2498124531132783,knn_shapley,0.0006972964527888477,0.0009957042729138107,0.060240963855421686,-0.00029840782012496305
2030,P4,credit,TVAE,append,0.5,data_oob,0.7811605285833986,0.865500275657739,0.0,-0.08433974707434044
2030,P4,credit,TVAE,append,0.5,knn_shapley,0.0006288887721515947,0.0008830529876590527,0.09441233140655106,-0.000254164215507458
2030,P4,credit,TVAE,append,0.75,data_oob,0.7608609747145612,0.8904074472688426,0.0,-0.12954647255428142
2030,P4,credit,TVAE,append,0.75,knn_shapley,0.000537072215058841,0.0008398867454042377,0.08597883597883597,-0.0003028145303453966
2030,P4,credit,TVAE,replace,0.0,data_oob,0.765161415351819,,,
2030,P4,credit,TVAE,replace,0.0,knn_shapley,0.000721599999999967,,,
2030,P4,credit,TVAE,replace,0.05,data_oob,0.7650464655388717,0.8728337705179571,0.0,-0.1077873049790854
2030,P4,credit,TVAE,replace,0.05,knn_shapley,0.0006841926662825389,0.001248339340631124,0.06,-0.0005641466743485851
2030,P4,credit,TVAE,replace,0.1,data_oob,0.7972346353431803,0.8297869971261302,0.0,-0.03255236178294996
2030,P4,credit,TVAE,replace,0.1,knn_shapley,0.0007409603515556169,0.000867356835999088,0.09,-0.0001263964844434711
2030,P4,credit,TVAE,replace,0.25,data_oob,0.7745794285577506,0.8506667597517633,0.0,-0.07608733119401268
2030,P4,credit,TVAE,replace,0.25,knn_shapley,0.0006641457061428541,0.0009851628815712948,0.068,-0.0003210171754284407
2030,P4,credit,TVAE,replace,0.5,data_oob,0.7940312506542271,0.8706241012364611,0.0,-0.07659285058223397
2030,P4,credit,TVAE,replace,0.5,knn_shapley,0.0006013383598457787,0.00092266164015415,0.086,-0.00032132328030837134
2030,P4,credit,TVAE,replace,0.75,data_oob,0.8204811747378467,0.8892528901568278,0.0,-0.0687717154189812
2030,P4,credit,TVAE,replace,0.75,knn_shapley,0.0006030748860503265,0.0008283083713165026,0.08,-0.00022523348526617612
2030,P4,credit,TVAE,replace,1.0,data_oob,,0.8904989922243256,0.0,
2030,P4,credit,TVAE,replace,1.0,knn_shapley,,0.0007683999999999603,0.087,
