protocol,detector,calibration_policy,metric,n_seeds,mean,std,ci95_low,ci95_high
P1,c2st_lr,oracle_target,detection_auroc,5,0.7025591795486675,0.004812292130375382,0.6965839296615411,0.7085344294357939
P1,c2st_lr,oracle_target,detection_auprc,5,0.6964803796667811,0.005267640910521009,0.6899397395927219,0.7030210197408403
P1,c2st_lr,oracle_target,detection_fpr,5,0.05107187894073136,0.004176431683320248,0.045886154078595066,0.05625760380286766
P1,c2st_lr,oracle_target,detection_tpr,5,0.1955233291298865,0.007089462312849126,0.18672059900939933,0.20432605925037364
P1,c2st_lr,oracle_target,detection_ece,5,0.016453298997587677,0.005812394225301314,0.009236258344663576,0.02367033965051178
P1,c2st_lr,source_only,detection_auroc,5,0.7025591795486675,0.004812292130375382,0.6965839296615411,0.7085344294357939
P1,c2st_lr,source_only,detection_auprc,5,0.6964803796667811,0.005267640910521009,0.6899397395927219,0.7030210197408403
P1,c2st_lr,source_only,detection_fpr,5,0.05107187894073136,0.004176431683320248,0.045886154078595066,0.05625760380286766
P1,c2st_lr,source_only,detection_tpr,5,0.1955233291298865,0.007089462312849126,0.18672059900939933,0.20432605925037364
P1,c2st_lr,source_only,detection_ece,5,0.016453298997587677,0.005812394225301314,0.009236258344663576,0.02367033965051178
P1,c2st_lr,target_real_anchor,detection_auroc,5,0.7025591795486675,0.004812292130375382,0.6965839296615411,0.7085344294357939
P1,c2st_lr,target_real_anchor,detection_auprc,5,0.6964803796667811,0.005267640910521009,0.6899397395927219,0.7030210197408403
P1,c2st_lr,target_real_anchor,detection_fpr,5,0.052206809583858725,0.009064984280618247,0.040951144958332,0.06346247420938544
P1,c2st_lr,target_real_anchor,detection_tpr,5,0.19508196721311472,0.019178240540799717,0.17126903638471183,0.2188948980415176
P1,c2st_lr,target_real_anchor,detection_ece,5,0.016453298997587677,0.005812394225301314,0.009236258344663576,0.02367033965051178
P1,c2st_xgb,oracle_target,detection_auroc,5,0.938834630809622,0.0021382941163372734,0.9361795879877951,0.941489673631449
P1,c2st_xgb,oracle_target,detection_auprc,5,0.9522055639791761,0.0011179847019899482,0.9508174026241726,0.9535937253341796
P1,c2st_xgb,oracle_target,detection_fpr,5,0.047919293820933115,0.0028460703160888487,0.044385430773089186,0.05145315686877704
P1,c2st_xgb,oracle_target,detection_tpr,5,0.7873896595208071,0.005535458303206517,0.7805164802321575,0.7942628388094567
P1,c2st_xgb,oracle_target,detection_ece,5,0.01995472790428298,0.002586660298375707,0.016742964936206858,0.023166490872359103
P1,c2st_xgb,source_only,detection_auroc,5,0.938834630809622,0.0021382941163372734,0.9361795879877951,0.941489673631449
P1,c2st_xgb,source_only,detection_auprc,5,0.9522055639791761,0.0011179847019899482,0.9508174026241726,0.9535937253341796
P1,c2st_xgb,source_only,detection_fpr,5,0.047919293820933115,0.0028460703160888487,0.044385430773089186,0.05145315686877704
P1,c2st_xgb,source_only,detection_tpr,5,0.7873896595208071,0.005535458303206517,0.7805164802321575,0.7942628388094567
P1,c2st_xgb,source_only,detection_ece,5,0.01995472790428298,0.002586660298375707,0.016742964936206858,0.023166490872359103
P1,c2st_xgb,target_real_anchor,detection_auroc,5,0.938834630809622,0.0021382941163372734,0.9361795879877951,0.941489673631449
P1,c2st_xgb,target_real_anchor,detection_auprc,5,0.9522055639791761,0.0011179847019899482,0.9508174026241726,0.9535937253341796
P1,c2st_xgb,target_real_anchor,detection_fpr,5,0.04854981084489278,0.01225662495352694,0.03333120090061249,0.06376842078917307
P1,c2st_xgb,target_real_anchor,detection_tpr,5,0.7884615384615385,0.012827186639381385,0.7725344826131784,0.8043885943098987
P1,c2st_xgb,target_real_anchor,detection_ece,5,0.01995472790428298,0.002586660298375707,0.016742964936206858,0.023166490872359103
P1,char3gram,oracle_target,detection_auroc,5,0.8987714260498147,0.002910281972016727,0.8951578337005401,0.9023850183990894
P1,char3gram,oracle_target,detection_auprc,5,0.9137033033142126,0.0011761402871100055,0.912242932262871,0.9151636743655541
P1,char3gram,oracle_target,detection_fpr,5,0.0492433795712484,0.0032258202376510775,0.04523799471747995,0.05324876442501685
P1,char3gram,oracle_target,detection_tpr,5,0.6557377049180327,0.006336617667793739,0.6478697548895513,0.6636056549465141
P1,char3gram,oracle_target,detection_ece,5,0.02447400842517106,0.0045628419975879755,0.018808491787273923,0.030139525063068197
P1,char3gram,source_only,detection_auroc,5,0.8987714260498147,0.002910281972016727,0.8951578337005401,0.9023850183990894
P1,char3gram,source_only,detection_auprc,5,0.9137033033142126,0.0011761402871100055,0.912242932262871,0.9151636743655541
P1,char3gram,source_only,detection_fpr,5,0.0492433795712484,0.0032258202376510775,0.04523799471747995,0.05324876442501685
P1,char3gram,source_only,detection_tpr,5,0.6557377049180327,0.006336617667793739,0.6478697548895513,0.6636056549465141
P1,char3gram,source_only,detection_ece,5,0.02447400842517106,0.0045628419975879755,0.018808491787273923,0.030139525063068197
P1,char3gram,target_real_anchor,detection_auroc,5,0.8987714260498147,0.002910281972016727,0.8951578337005401,0.9023850183990894
P1,char3gram,target_real_anchor,detection_auprc,5,0.9137033033142126,0.0011761402871100055,0.912242932262871,0.9151636743655541
P1,char3gram,target_real_anchor,detection_fpr,5,0.05264817150063048,0.018106106291686606,0.030166471170592565,0.0751298718306684
P1,char3gram,target_real_anchor,detection_tpr,5,0.6543505674653216,0.03761339252284585,0.6076473721193972,0.701053762811246
P1,char3gram,target_real_anchor,detection_ece,5,0.02447400842517106,0.0045628419975879755,0.018808491787273923,0.030139525063068197
P1,column_positional_ablation,oracle_target,detection_auroc,5,0.906644679406344,0.04156882370213502,0.8550301675677237,0.9582591912449643
P1,column_positional_ablation,oracle_target,detection_auprc,5,0.9304333537621152,0.026818731838832176,0.8971334999603563,0.9637332075638742
P1,column_positional_ablation,oracle_target,detection_fpr,5,0.05050441361916769,0.0033910445925661526,0.046293875632274745,0.05471495160606063
P1,column_positional_ablation,oracle_target,detection_tpr,5,0.7467843631778058,0.04772986801544425,0.6875199044240113,0.8060488219316003
P1,column_positional_ablation,oracle_target,detection_ece,5,0.0233599524108134,0.010405806447111324,0.010439437173158648,0.03628046764846815
P1,column_positional_ablation,source_only,detection_auroc,5,0.906644679406344,0.04156882370213502,0.8550301675677237,0.9582591912449643
P1,column_positional_ablation,source_only,detection_auprc,5,0.9304333537621152,0.026818731838832176,0.8971334999603563,0.9637332075638742
P1,column_positional_ablation,source_only,detection_fpr,5,0.05050441361916769,0.0033910445925661526,0.046293875632274745,0.05471495160606063
P1,column_positional_ablation,source_only,detection_tpr,5,0.7467843631778058,0.04772986801544425,0.6875199044240113,0.8060488219316003
P1,column_positional_ablation,source_only,detection_ece,5,0.0233599524108134,0.010405806447111324,0.010439437173158648,0.03628046764846815
P1,column_positional_ablation,target_real_anchor,detection_auroc,5,0.906644679406344,0.04156882370213502,0.8550301675677237,0.9582591912449643
P1,column_positional_ablation,target_real_anchor,detection_auprc,5,0.9304333537621152,0.026818731838832176,0.8971334999603563,0.9637332075638742
P1,column_positional_ablation,target_real_anchor,detection_fpr,5,0.04861286254728873,0.005041179776736276,0.042353411110042406,0.05487231398453505
P1,column_positional_ablation,target_real_anchor,detection_tpr,5,0.7441992433795712,0.04760330457169454,0.6850919338973694,0.803306552861773
P1,column_positional_ablation,target_real_anchor,detection_ece,5,0.0233599524108134,0.010405806447111324,0.010439437173158648,0.03628046764846815
P1,datum_transformer,oracle_target,detection_auroc,5,0.8996020308531936,0.04020887191732126,0.8496761221850694,0.9495279395213178
P1,datum_transformer,oracle_target,detection_auprc,5,0.9247535022473269,0.026342660909037256,0.8920447685796857,0.957462235914968
P1,datum_transformer,oracle_target,detection_fpr,5,0.05138713745271116,0.0028547872440533926,0.04784245090923872,0.0549318239961836
P1,datum_transformer,oracle_target,detection_tpr,5,0.728499369482976,0.05019713494896031,0.666171394203876,0.790827344762076
P1,datum_transformer,oracle_target,detection_ece,5,0.026303186051915638,0.01657372452008004,0.005724188999185295,0.04688218310464598
P1,datum_transformer,source_only,detection_auroc,5,0.8996020308531936,0.04020887191732126,0.8496761221850694,0.9495279395213178
P1,datum_transformer,source_only,detection_auprc,5,0.9247535022473269,0.026342660909037256,0.8920447685796857,0.957462235914968
P1,datum_transformer,source_only,detection_fpr,5,0.05138713745271116,0.0028547872440533926,0.04784245090923872,0.0549318239961836
P1,datum_transformer,source_only,detection_tpr,5,0.728499369482976,0.05019713494896031,0.666171394203876,0.790827344762076
P1,datum_transformer,source_only,detection_ece,5,0.026303186051915638,0.01657372452008004,0.005724188999185295,0.04688218310464598
P1,datum_transformer,target_real_anchor,detection_auroc,5,0.8996020308531936,0.04020887191732126,0.8496761221850694,0.9495279395213178
P1,datum_transformer,target_real_anchor,detection_auprc,5,0.9247535022473269,0.026342660909037256,0.8920447685796857,0.957462235914968
P1,datum_transformer,target_real_anchor,detection_fpr,5,0.05535939470365694,0.017048170631286375,0.03419129499555391,0.07652749441175996
P1,datum_transformer,target_real_anchor,detection_tpr,5,0.7305800756620429,0.04775027020015168,0.6712902842500125,0.7898698670740733
P1,datum_transformer,target_real_anchor,detection_ece,5,0.026303186051915638,0.01657372452008004,0.005724188999185295,0.04688218310464598
P1,flat_transformer,oracle_target,detection_auroc,5,0.9014358375381054,0.005337538275257987,0.8948084084226829,0.9080632666535279
P1,flat_transformer,oracle_target,detection_auprc,5,0.9221149202578027,0.0045296446557092475,0.9164906235641525,0.927739216951453
P1,flat_transformer,oracle_target,detection_fpr,5,0.0491803278688524,0.00631304678262948,0.04134164495988527,0.05701901077781953
P1,flat_transformer,oracle_target,detection_tpr,5,0.701702395964691,0.01270730376030856,0.6859241943712765,0.7174805975581054
P1,flat_transformer,oracle_target,detection_ece,5,0.03944517602422748,0.017872528159770147,0.017253501251357915,0.06163685079709705
P1,flat_transformer,source_only,detection_auroc,5,0.9014358375381054,0.005337538275257987,0.8948084084226829,0.9080632666535279
P1,flat_transformer,source_only,detection_auprc,5,0.9221149202578027,0.0045296446557092475,0.9164906235641525,0.927739216951453
P1,flat_transformer,source_only,detection_fpr,5,0.0491803278688524,0.00631304678262948,0.04134164495988527,0.05701901077781953
P1,flat_transformer,source_only,detection_tpr,5,0.701702395964691,0.01270730376030856,0.6859241943712765,0.7174805975581054
P1,flat_transformer,source_only,detection_ece,5,0.03944517602422748,0.017872528159770147,0.017253501251357915,0.06163685079709705
P1,flat_transformer,target_real_anchor,detection_auroc,5,0.9014358375381054,0.005337538275257987,0.8948084084226829,0.9080632666535279
P1,flat_transformer,target_real_anchor,detection_auprc,5,0.9221149202578027,0.0045296446557092475,0.9164906235641525,0.927739216951453
P1,flat_transformer,target_real_anchor,detection_fpr,5,0.04943253467843626,0.011718545217664595,0.03488203897033924,0.06398303038653327
P1,flat_transformer,target_real_anchor,detection_tpr,5,0.7015132408575031,0.008556815270362136,0.6908885513970142,0.712137930317992
P1,flat_transformer,target_real_anchor,detection_ece,5,0.03944517602422748,0.017872528159770147,0.017253501251357915,0.06163685079709705
P2,c2st_lr,oracle_target,detection_auroc,5,0.6309930722637708,0.00953404702175218,0.6191549893196793,0.6428311552078623
P2,c2st_lr,oracle_target,detection_auprc,5,0.5959320741167666,0.00849263518200647,0.5853870747613905,0.6064770734721427
P2,c2st_lr,oracle_target,detection_fpr,5,0.04943253467843626,0.004855390493865943,0.04340377110498212,0.0554612982518904
P2,c2st_lr,oracle_target,detection_tpr,5,0.08448928121059264,0.006229846420356078,0.0767539051960979,0.09222465722508738
P2,c2st_lr,oracle_target,detection_ece,5,0.014326043459406301,0.003408750366280401,0.010093520850732033,0.018558566068080568
P2,c2st_lr,source_only,detection_auroc,5,0.3690069277362292,0.009534047021752137,0.35716884479213773,0.3808450106803206
P2,c2st_lr,source_only,detection_auprc,5,0.40481487145028294,0.005337162564258139,0.3981879088416827,0.4114418340588832
P2,c2st_lr,source_only,detection_fpr,5,0.05107187894073136,0.004176431683320248,0.045886154078595066,0.05625760380286766
P2,c2st_lr,source_only,detection_tpr,5,0.00687263556116008,0.0019484914426686627,0.004453263885990289,0.009292007236329872
P2,c2st_lr,source_only,detection_ece,5,0.2324103052982461,0.011297521655757637,0.21838257938936448,0.24643803120712773
P2,c2st_lr,target_real_anchor,detection_auroc,5,0.3690069277362292,0.009534047021752137,0.35716884479213773,0.3808450106803206
P2,c2st_lr,target_real_anchor,detection_auprc,5,0.40481487145028294,0.005337162564258139,0.3981879088416827,0.4114418340588832
P2,c2st_lr,target_real_anchor,detection_fpr,5,0.052206809583858725,0.009064984280618247,0.040951144958332,0.06346247420938544
P2,c2st_lr,target_real_anchor,detection_tpr,5,0.00725094577553588,0.00345348396913724,0.00296287906268433,0.01153901248838743
P2,c2st_lr,target_real_anchor,detection_ece,5,0.2324103052982461,0.011297521655757637,0.21838257938936448,0.24643803120712773
P2,c2st_xgb,oracle_target,detection_auroc,5,0.7389938900276537,0.009248516116681132,0.7275103405287635,0.7504774395265439
P2,c2st_xgb,oracle_target,detection_auprc,5,0.8125767774259103,0.00553798246965427,0.805700463970657,0.8194530908811636
P2,c2st_xgb,oracle_target,detection_fpr,5,0.04785624211853716,0.0027338566694424596,0.04446171071584121,0.05125077352123311
P2,c2st_xgb,oracle_target,detection_tpr,5,0.5238335435056747,0.0063154078299411,0.5159919289692627,0.5316751580420866
P2,c2st_xgb,oracle_target,detection_ece,5,0.09408294747336207,0.007826447789754032,0.08436512901900307,0.10380076592772107
P2,c2st_xgb,source_only,detection_auroc,5,0.7389938900276537,0.009248516116681132,0.7275103405287635,0.7504774395265439
P2,c2st_xgb,source_only,detection_auprc,5,0.8125767774259103,0.00553798246965427,0.805700463970657,0.8194530908811636
P2,c2st_xgb,source_only,detection_fpr,5,0.047919293820933115,0.0028460703160888487,0.044385430773089186,0.05145315686877704
P2,c2st_xgb,source_only,detection_tpr,5,0.5239596469104667,0.006418434133512711,0.5159901083220418,0.5319291854988916
P2,c2st_xgb,source_only,detection_ece,5,0.16861841699020766,0.004711356464272819,0.16276849528581552,0.1744683386945998
P2,c2st_xgb,target_real_anchor,detection_auroc,5,0.7389938900276537,0.009248516116681132,0.7275103405287635,0.7504774395265439
P2,c2st_xgb,target_real_anchor,detection_auprc,5,0.8125767774259103,0.00553798246965427,0.805700463970657,0.8194530908811636
P2,c2st_xgb,target_real_anchor,detection_fpr,5,0.04854981084489278,0.01225662495352694,0.03333120090061249,0.06376842078917307
P2,c2st_xgb,target_real_anchor,detection_tpr,5,0.5244010088272384,0.009116914244245412,0.5130808646354478,0.535721153019029
P2,c2st_xgb,target_real_anchor,detection_ece,5,0.16861841699020766,0.004711356464272819,0.16276849528581552,0.1744683386945998
P2,char3gram,oracle_target,detection_auroc,5,0.7180436798023054,0.009422874964201399,0.706343635199681,0.7297437244049298
P2,char3gram,oracle_target,detection_auprc,5,0.7736211636370659,0.008816896246410268,0.7626735409920004,0.7845687862821314
P2,char3gram,oracle_target,detection_fpr,5,0.0492433795712484,0.0032258202376510775,0.04523799471747995,0.05324876442501685
P2,char3gram,oracle_target,detection_tpr,5,0.41021437578814623,0.014630508654743201,0.39204819991614304,0.42838055166014943
P2,char3gram,oracle_target,detection_ece,5,0.0697718175058064,0.0070593875456933,0.061006430140950994,0.07853720487066179
P2,char3gram,source_only,detection_auroc,5,0.7180436798023054,0.009422874964201399,0.706343635199681,0.7297437244049298
P2,char3gram,source_only,detection_auprc,5,0.7736211636370659,0.008816896246410268,0.7626735409920004,0.7845687862821314
P2,char3gram,source_only,detection_fpr,5,0.0492433795712484,0.0032258202376510775,0.04523799471747995,0.05324876442501685
P2,char3gram,source_only,detection_tpr,5,0.4102774274905422,0.014644428087397481,0.3920939683601367,0.42846088662094767
P2,char3gram,source_only,detection_ece,5,0.13685938695898497,0.004204972505479758,0.13163822398549407,0.14208054993247587
P2,char3gram,target_real_anchor,detection_auroc,5,0.7180436798023054,0.009422874964201399,0.706343635199681,0.7297437244049298
P2,char3gram,target_real_anchor,detection_auprc,5,0.7736211636370659,0.008816896246410268,0.7626735409920004,0.7845687862821314
P2,char3gram,target_real_anchor,detection_fpr,5,0.05264817150063048,0.018106106291686606,0.030166471170592565,0.0751298718306684
P2,char3gram,target_real_anchor,detection_tpr,5,0.4103404791929382,0.04277338916110454,0.3572303017904356,0.4634506565954408
P2,char3gram,target_real_anchor,detection_ece,5,0.13685938695898497,0.004204972505479758,0.13163822398549407,0.14208054993247587
P2,column_positional_ablation,oracle_target,detection_auroc,5,0.7688575774947563,0.021710591853087217,0.741900317211082,0.7958148377784305
P2,column_positional_ablation,oracle_target,detection_auprc,5,0.8300349968159093,0.012712810573943073,0.8142499576102601,0.8458200360215585
P2,column_positional_ablation,oracle_target,detection_fpr,5,0.050693568726355574,0.0037922860362410086,0.04598482368426426,0.05540231376844689
P2,column_positional_ablation,oracle_target,detection_tpr,5,0.5387137452711224,0.018303193534101696,0.5159873288076724,0.5614401617345723
P2,column_positional_ablation,oracle_target,detection_ece,5,0.05471195744232562,0.029830503362776702,0.017672495368469467,0.09175141951618176
P2,column_positional_ablation,source_only,detection_auroc,5,0.7688575774947563,0.021710591853087217,0.741900317211082,0.7958148377784305
P2,column_positional_ablation,source_only,detection_auprc,5,0.8300349968159093,0.012712810573943073,0.8142499576102601,0.8458200360215585
P2,column_positional_ablation,source_only,detection_fpr,5,0.051450189155107115,0.0040335845148958315,0.04644183247924877,0.05645854583096546
P2,column_positional_ablation,source_only,detection_tpr,5,0.5388398486759143,0.018151883193388733,0.5163013088150835,0.561378388536745
P2,column_positional_ablation,source_only,detection_ece,5,0.11955758314823758,0.038680802892981536,0.0715290227744064,0.16758614352206877
P2,column_positional_ablation,target_real_anchor,detection_auroc,5,0.7688575774947563,0.021710591853087217,0.741900317211082,0.7958148377784305
P2,column_positional_ablation,target_real_anchor,detection_auprc,5,0.8300349968159093,0.012712810573943073,0.8142499576102601,0.8458200360215585
P2,column_positional_ablation,target_real_anchor,detection_fpr,5,0.05113493064312732,0.009947892303368441,0.03878299091202641,0.06348687037422823
P2,column_positional_ablation,target_real_anchor,detection_tpr,5,0.5395964691046659,0.01945760620865214,0.5154366599841564,0.5637562782251753
P2,column_positional_ablation,target_real_anchor,detection_ece,5,0.11955758314823758,0.038680802892981536,0.0715290227744064,0.16758614352206877
P2,datum_transformer,oracle_target,detection_auroc,5,0.7537994415193472,0.031139521203085017,0.7151346191201737,0.7924642639185207
P2,datum_transformer,oracle_target,detection_auprc,5,0.8216187690878665,0.01574205004953269,0.8020724322834399,0.841165105892293
P2,datum_transformer,oracle_target,detection_fpr,5,0.048486759142496796,0.003882930450870638,0.043665464194121616,0.05330805409087198
P2,datum_transformer,oracle_target,detection_tpr,5,0.532093316519546,0.014037679565129881,0.5146632351852035,0.5495233978538884
P2,datum_transformer,oracle_target,detection_ece,5,0.04666930850169236,0.03735625277125374,0.00028539432782699603,0.09305322267555773
P2,datum_transformer,source_only,detection_auroc,5,0.7537994415193472,0.031139521203085017,0.7151346191201737,0.7924642639185207
P2,datum_transformer,source_only,detection_auprc,5,0.8216187690878665,0.01574205004953269,0.8020724322834399,0.841165105892293
P2,datum_transformer,source_only,detection_fpr,5,0.04962168978562418,0.003069523693477437,0.0458103727237998,0.05343300684744856
P2,datum_transformer,source_only,detection_tpr,5,0.5322824716267339,0.014182428969348218,0.5146726601684122,0.5498922830850557
P2,datum_transformer,source_only,detection_ece,5,0.10420998184695551,0.050216242847987265,0.041858280977552474,0.16656168271635854
P2,datum_transformer,target_real_anchor,detection_auroc,5,0.7537994415193472,0.031139521203085017,0.7151346191201737,0.7924642639185207
P2,datum_transformer,target_real_anchor,detection_auprc,5,0.8216187690878665,0.01574205004953269,0.8020724322834399,0.841165105892293
P2,datum_transformer,target_real_anchor,detection_fpr,5,0.05031525851197975,0.009168550085264019,0.03893099995537937,0.06169951706858014
P2,datum_transformer,target_real_anchor,detection_tpr,5,0.5330390920554855,0.015206771362735653,0.5141573915254607,0.5519207925855103
P2,datum_transformer,target_real_anchor,detection_ece,5,0.10420998184695551,0.050216242847987265,0.041858280977552474,0.16656168271635854
P2,flat_transformer,oracle_target,detection_auroc,5,0.7062376361415857,0.006080870315726372,0.6986872383928023,0.7137880338903692
P2,flat_transformer,oracle_target,detection_auprc,5,0.7889936749080215,0.005446506770283978,0.7822309435353868,0.7957564062806562
P2,flat_transformer,oracle_target,detection_fpr,5,0.05012610340479188,0.007802250107669974,0.04043833034111663,0.05981387646846713
P2,flat_transformer,oracle_target,detection_tpr,5,0.49823455233291297,0.004383113818774183,0.49279219770411165,0.5036769069617143
P2,flat_transformer,oracle_target,detection_ece,5,0.10012020908184738,0.02677255489724289,0.066877691526007,0.13336272663768775
P2,flat_transformer,source_only,detection_auroc,5,0.7062376361415857,0.006080870315726372,0.6986872383928023,0.7137880338903692
P2,flat_transformer,source_only,detection_auprc,5,0.7889936749080215,0.005446506770283978,0.7822309435353868,0.7957564062806562
P2,flat_transformer,source_only,detection_fpr,5,0.05050441361916767,0.007671866251200481,0.04097853349601756,0.06003029374231779
P2,flat_transformer,source_only,detection_tpr,5,0.4984237074401009,0.004391042962542301,0.49297150747894614,0.5038759074012557
P2,flat_transformer,source_only,detection_ece,5,0.17095037430123558,0.017926886333477356,0.14869120494106566,0.1932095436614055
P2,flat_transformer,target_real_anchor,detection_auroc,5,0.7062376361415857,0.006080870315726372,0.6986872383928023,0.7137880338903692
P2,flat_transformer,target_real_anchor,detection_auprc,5,0.7889936749080215,0.005446506770283978,0.7822309435353868,0.7957564062806562
P2,flat_transformer,target_real_anchor,detection_fpr,5,0.054035308953341674,0.004517116547183362,0.0484265679610136,0.05964404994566975
P2,flat_transformer,target_real_anchor,detection_tpr,5,0.5003783102143757,0.004353536278929139,0.49497268095195546,0.505783939476796
P2,flat_transformer,target_real_anchor,detection_ece,5,0.17095037430123558,0.017926886333477356,0.14869120494106566,0.1932095436614055
P3,char3gram,oracle_target,detection_auroc,5,0.6211835758467591,0.01868223274096745,0.5979865200462362,0.644380631647282
P3,char3gram,oracle_target,detection_auprc,5,0.589966469881382,0.01858201158094923,0.566893855087112,0.613039084675652
P3,char3gram,oracle_target,detection_fpr,5,0.05133470225872686,0.008205527393812017,0.04114619430755572,0.061523210209898004
P3,char3gram,oracle_target,detection_tpr,5,0.0823408624229979,0.011987504861365092,0.06745640920834826,0.09722531563764754
P3,char3gram,oracle_target,detection_ece,5,0.02523082337806134,0.007301236924461684,0.01616514034660129,0.034296506409521386
P3,char3gram,source_only,detection_auroc,5,0.6211835758467591,0.01868223274096745,0.5979865200462362,0.644380631647282
P3,char3gram,source_only,detection_auprc,5,0.589966469881382,0.01858201158094923,0.566893855087112,0.613039084675652
P3,char3gram,source_only,detection_fpr,5,0.999794661190965,0.0002811717440991274,0.999445540359005,1.000143782022925
P3,char3gram,source_only,detection_tpr,5,1.0,0.0,1.0,1.0
P3,char3gram,source_only,detection_ece,5,0.46687582839005504,0.0030678223400963686,0.46306662383747216,0.4706850329426379
P3,char3gram,target_real_anchor,detection_auroc,5,0.6211835758467591,0.01868223274096745,0.5979865200462362,0.644380631647282
P3,char3gram,target_real_anchor,detection_auprc,5,0.589966469881382,0.01858201158094923,0.566893855087112,0.613039084675652
P3,char3gram,target_real_anchor,detection_fpr,5,0.0550308008213552,0.01581158830111557,0.03539812087344017,0.07466348076927022
P3,char3gram,target_real_anchor,detection_tpr,5,0.08675564681724841,0.013712228325660256,0.06972966657012619,0.10378162706437064
P3,char3gram,target_real_anchor,detection_ece,5,0.46687582839005504,0.0030678223400963686,0.46306662383747216,0.4706850329426379
P3,column_positional_ablation,oracle_target,detection_auroc,5,0.606693723673836,0.12543388702491653,0.45094698200023886,0.7624404653474331
P3,column_positional_ablation,oracle_target,detection_auprc,5,0.5793040369821663,0.0951302868073041,0.46118418471473827,0.6974238892495943
P3,column_positional_ablation,oracle_target,detection_fpr,5,0.029466119096509202,0.027413884570703158,-0.004572714425846558,0.06350495261886496
P3,column_positional_ablation,oracle_target,detection_tpr,5,0.06930184804928127,0.07592678396092122,-0.02497370609438959,0.16357740219295214
P3,column_positional_ablation,oracle_target,detection_ece,5,0.06251469234502557,0.0969818092311987,-0.057904128658019305,0.18293351334807045
P3,column_positional_ablation,source_only,detection_auroc,5,0.6331979516715928,0.10432836577734017,0.5036571758944358,0.7627387274487497
P3,column_positional_ablation,source_only,detection_auprc,5,0.5990153016678107,0.079486157776239,0.5003202012015106,0.6977104021341108
P3,column_positional_ablation,source_only,detection_fpr,5,0.997741273100616,0.0037827789377701576,0.9930443326804234,1.0024382135208088
P3,column_positional_ablation,source_only,detection_tpr,5,1.0,0.0,1.0,1.0
P3,column_positional_ablation,source_only,detection_ece,5,0.44517428730951936,0.04188327097395873,0.3931693376141421,0.49717923700489663
P3,column_positional_ablation,target_real_anchor,detection_auroc,5,0.6331979516715928,0.10432836577734017,0.5036571758944358,0.7627387274487497
P3,column_positional_ablation,target_real_anchor,detection_auprc,5,0.5990153016678107,0.079486157776239,0.5003202012015106,0.6977104021341108
P3,column_positional_ablation,target_real_anchor,detection_fpr,5,0.04394250513347018,0.012167515688653905,0.028834538955289146,0.05905047131165121
P3,column_positional_ablation,target_real_anchor,detection_tpr,5,0.09312114989733057,0.05899538896912621,0.019868699354339076,0.16637360044032207
P3,column_positional_ablation,target_real_anchor,detection_ece,5,0.44517428730951936,0.04188327097395873,0.3931693376141421,0.49717923700489663
P3,datum_ta,oracle_target,detection_auroc,5,0.6006441082097576,0.10722551869418949,0.4675060419584578,0.7337821744610573
P3,datum_ta,oracle_target,detection_auprc,5,0.5813657815493338,0.07962139793253463,0.48250275824984995,0.6802288048488176
P3,datum_ta,oracle_target,detection_fpr,5,0.03388090349075974,0.031090357145229394,-0.0047228736677687524,0.07248468064928823
P3,datum_ta,oracle_target,detection_tpr,5,0.07566735112936343,0.07046854273729852,-0.011830901393423479,0.16316560365215033
P3,datum_ta,oracle_target,detection_ece,5,0.03294326526331407,0.05289559301110564,-0.03273528824221444,0.09862181876884257
P3,datum_ta,source_only,detection_auroc,5,0.6372632489912256,0.0758834278913852,0.5430415285182012,0.7314849694642499
P3,datum_ta,source_only,detection_auprc,5,0.6068399144948741,0.05336320976050348,0.5405807381066612,0.673099090883087
P3,datum_ta,source_only,detection_fpr,5,0.4178644763860369,0.5316787180948959,-0.24230184648352343,1.0780307992555973
P3,datum_ta,source_only,detection_tpr,5,0.43572895277207396,0.5163645144365022,-0.20542227475369873,1.0768801802978467
P3,datum_ta,source_only,detection_ece,5,0.28565314260095415,0.19982341212786098,0.03753960576355575,0.5337666794383525
P3,datum_ta,target_real_anchor,detection_auroc,5,0.6372632489912256,0.0758834278913852,0.5430415285182012,0.7314849694642499
P3,datum_ta,target_real_anchor,detection_auprc,5,0.6068399144948741,0.05336320976050348,0.5405807381066612,0.673099090883087
P3,datum_ta,target_real_anchor,detection_fpr,5,0.0539014373716632,0.0060522721368334535,0.04638654895202533,0.06141632579130106
P3,datum_ta,target_real_anchor,detection_tpr,5,0.10677618069815187,0.017156853148940863,0.08547313382064312,0.12807922757566062
P3,datum_ta,target_real_anchor,detection_ece,5,0.28565314260095415,0.19982341212786098,0.03753960576355575,0.5337666794383525
P3,datum_transformer,oracle_target,detection_auroc,5,0.5421867160126324,0.04317289962491024,0.4885804808503165,0.5957929511749482
P3,datum_transformer,oracle_target,detection_auprc,5,0.5192086168057927,0.040439541136524176,0.4689962944726905,0.5694209391388949
P3,datum_transformer,oracle_target,detection_fpr,5,0.03121149897330592,0.02897888274614834,-0.004770536440754702,0.06719353438736654
P3,datum_transformer,oracle_target,detection_tpr,5,0.025359342915811038,0.033166746882394085,-0.01582261262559463,0.06654129845721671
P3,datum_transformer,oracle_target,detection_ece,5,0.03298583874966966,0.03170070924154362,-0.0063757906330804,0.07234746813241973
P3,datum_transformer,source_only,detection_auroc,5,0.4973558411934107,0.10451280122592321,0.3675860585597556,0.6271256238270657
P3,datum_transformer,source_only,detection_auprc,5,0.4867500573894076,0.07353974700213432,0.3954384010998442,0.578061713678971
P3,datum_transformer,source_only,detection_fpr,5,0.999281314168378,0.0016070303739731103,0.9972859224089956,1.0012767059277603
P3,datum_transformer,source_only,detection_tpr,5,0.9993839835728953,0.0013774546062626871,0.9976736477791389,1.0010943193666515
P3,datum_transformer,source_only,detection_ece,5,0.46522646962171416,0.009178592732652301,0.4538297414714051,0.4766231977720232
P3,datum_transformer,target_real_anchor,detection_auroc,5,0.4973558411934107,0.10451280122592321,0.3675860585597556,0.6271256238270657
P3,datum_transformer,target_real_anchor,detection_auprc,5,0.4867500573894076,0.07353974700213432,0.3954384010998442,0.578061713678971
P3,datum_transformer,target_real_anchor,detection_fpr,5,0.051232032854209394,0.019349165428172964,0.027206870746758104,0.07525719496166068
P3,datum_transformer,target_real_anchor,detection_tpr,5,0.03316221765913752,0.027447508874486843,-0.0009183659506911135,0.06724280126896616
P3,datum_transformer,target_real_anchor,detection_ece,5,0.46522646962171416,0.009178592732652301,0.4538297414714051,0.4766231977720232
P3,flat_transformer,oracle_target,detection_auroc,5,0.6802041213227698,0.1331071468916817,0.5149297691237484,0.8454784735217911
P3,flat_transformer,oracle_target,detection_auprc,5,0.6631790389524885,0.11526779682752887,0.5200551654794798,0.8063029124254972
P3,flat_transformer,oracle_target,detection_fpr,5,0.040246406570841844,0.023912275180692735,0.01055539536383427,0.06993741777784943
P3,flat_transformer,oracle_target,detection_tpr,5,0.15544147843942505,0.10598807339325314,0.023839903468044377,0.2870430534108057
P3,flat_transformer,oracle_target,detection_ece,5,0.028051144781382258,0.03172808262850245,-0.011344473150463483,0.067446762713228
P3,flat_transformer,source_only,detection_auroc,5,0.7394923293094797,0.0926446006111737,0.6244588641026189,0.8545257945163406
P3,flat_transformer,source_only,detection_auprc,5,0.7219953300531287,0.081175617264472,0.6212024885638658,0.8227881715423915
P3,flat_transformer,source_only,detection_fpr,5,0.62217659137577,0.43622703443077165,0.08052918767988704,1.163823995071653
P3,flat_transformer,source_only,detection_tpr,5,0.7360369609856263,0.3792407197562021,0.2651474126114672,1.2069265093597854
P3,flat_transformer,source_only,detection_ece,5,0.35882961678625924,0.08516637035286469,0.25308160086141873,0.46457763271109975
P3,flat_transformer,target_real_anchor,detection_auroc,5,0.7394923293094797,0.0926446006111737,0.6244588641026189,0.8545257945163406
P3,flat_transformer,target_real_anchor,detection_auprc,5,0.7219953300531287,0.081175617264472,0.6212024885638658,0.8227881715423915
P3,flat_transformer,target_real_anchor,detection_fpr,5,0.04671457905544144,0.016998686539834152,0.02560792196217846,0.06782123614870442
P3,flat_transformer,target_real_anchor,detection_tpr,5,0.20266940451745374,0.07000592981799258,0.11574556180167297,0.28959324723323454
P3,flat_transformer,target_real_anchor,detection_ece,5,0.35882961678625924,0.08516637035286469,0.25308160086141873,0.46457763271109975
P4,char3gram,oracle_target,detection_auroc,5,0.6607478738789639,0.017873682918292836,0.6385547652840101,0.6829409824739178
P4,char3gram,oracle_target,detection_auprc,5,0.6476642587680665,0.02094534443808847,0.6216571786493147,0.6736713388868184
P4,char3gram,oracle_target,detection_fpr,5,0.0514373716632443,0.008232780368266728,0.04121502467484878,0.06165971865163983
P4,char3gram,oracle_target,detection_tpr,5,0.13624229979466113,0.0167078486921341,0.11549676558620237,0.15698783400311989
P4,char3gram,oracle_target,detection_ece,5,0.03276707964999326,0.003680359488181605,0.028197309773070528,0.03733684952691599
P4,char3gram,source_only,detection_auroc,5,0.6607478738789639,0.017873682918292836,0.6385547652840101,0.6829409824739178
P4,char3gram,source_only,detection_auprc,5,0.6476642587680665,0.02094534443808847,0.6216571786493147,0.6736713388868184
P4,char3gram,source_only,detection_fpr,5,0.999794661190965,0.0002811717440991274,0.999445540359005,1.000143782022925
P4,char3gram,source_only,detection_tpr,5,1.0,0.0,1.0,1.0
P4,char3gram,source_only,detection_ece,5,0.4673940071275136,0.002962455272897607,0.46371563306886776,0.47107238118615946
P4,char3gram,target_real_anchor,detection_auroc,5,0.6607478738789639,0.017873682918292836,0.6385547652840101,0.6829409824739178
P4,char3gram,target_real_anchor,detection_auprc,5,0.6476642587680665,0.02094534443808847,0.6216571786493147,0.6736713388868184
P4,char3gram,target_real_anchor,detection_fpr,5,0.0550308008213552,0.01581158830111557,0.03539812087344017,0.07466348076927022
P4,char3gram,target_real_anchor,detection_tpr,5,0.1416837782340862,0.020379294908910897,0.11637954143691429,0.16698801503125812
P4,char3gram,target_real_anchor,detection_ece,5,0.4673940071275136,0.002962455272897607,0.46371563306886776,0.47107238118615946
P4,column_positional_ablation,oracle_target,detection_auroc,5,0.6295349518697637,0.13417706981117664,0.4629321149007526,0.7961377888387748
P4,column_positional_ablation,oracle_target,detection_auprc,5,0.6027225233569014,0.10923280537569303,0.46709208149910475,0.738352965214698
P4,column_positional_ablation,oracle_target,detection_fpr,5,0.03223819301848048,0.030347016265517314,-0.005442604531316411,0.06991899056827737
P4,column_positional_ablation,oracle_target,detection_tpr,5,0.08562628336755644,0.08413834435682463,-0.018845269688783528,0.1900978364238964
P4,column_positional_ablation,oracle_target,detection_ece,5,0.02410782906831042,0.029561124218632155,-0.012597154620394502,0.06081281275701535
P4,column_positional_ablation,source_only,detection_auroc,5,0.6582104954694753,0.10662957807014983,0.5258123872361127,0.7906086037028379
P4,column_positional_ablation,source_only,detection_auprc,5,0.6136784676764714,0.0993900730981709,0.4902693921316321,0.7370875432213106
P4,column_positional_ablation,source_only,detection_fpr,5,0.9723819301848049,0.02896978762234573,0.9364111878585292,1.0083526725110805
P4,column_positional_ablation,source_only,detection_tpr,5,0.999794661190965,0.00045915153542084615,0.999224549259713,1.0003647731222172
P4,column_positional_ablation,source_only,detection_ece,5,0.4463810218259997,0.023903515598856156,0.4167008870763979,0.4760611565756015
P4,column_positional_ablation,target_real_anchor,detection_auroc,5,0.6582104954694753,0.10662957807014983,0.5258123872361127,0.7906086037028379
P4,column_positional_ablation,target_real_anchor,detection_auprc,5,0.6136784676764714,0.0993900730981709,0.4902693921316321,0.7370875432213106
P4,column_positional_ablation,target_real_anchor,detection_fpr,5,0.041375770020533845,0.010549250088634186,0.028277145977428905,0.054474394063638784
P4,column_positional_ablation,target_real_anchor,detection_tpr,5,0.0789527720739219,0.05400571706127436,0.011895817501758749,0.14600972664608505
P4,column_positional_ablation,target_real_anchor,detection_ece,5,0.4463810218259997,0.023903515598856156,0.4167008870763979,0.4760611565756015
P4,datum_ta,oracle_target,detection_auroc,5,0.5961381177556933,0.13455645160770624,0.42906421606835743,0.7632120194430291
P4,datum_ta,oracle_target,detection_auprc,5,0.5787815011151674,0.10872148384274269,0.44378594879634153,0.7137770534339931
P4,datum_ta,oracle_target,detection_fpr,5,0.02843942505133466,0.026489900168886728,-0.004452130304383798,0.06133098040705312
P4,datum_ta,oracle_target,detection_tpr,5,0.07012320328542092,0.07936119172988831,-0.028416731340127704,0.16866313791096954
P4,datum_ta,oracle_target,detection_ece,5,0.022760616713916982,0.029695361105947088,-0.014111044084997828,0.05963227751283179
P4,datum_ta,source_only,detection_auroc,5,0.632618169954758,0.18364652316385416,0.4045908937469066,0.8606454461626093
P4,datum_ta,source_only,detection_auprc,5,0.6094176111013171,0.14568047854525984,0.42853140565057213,0.790303816552062
P4,datum_ta,source_only,detection_fpr,5,0.672381930184805,0.42943149162774213,0.1391723073356964,1.2055915530339134
P4,datum_ta,source_only,detection_tpr,5,0.7439425051334702,0.4238515837792325,0.21766125297315064,1.2702237572937896
P4,datum_ta,source_only,detection_ece,5,0.3492884476293649,0.1339575117109334,0.18295822804893977,0.51561866720979
P4,datum_ta,target_real_anchor,detection_auroc,5,0.632618169954758,0.18364652316385416,0.4045908937469066,0.8606454461626093
P4,datum_ta,target_real_anchor,detection_auprc,5,0.6094176111013171,0.14568047854525984,0.42853140565057213,0.790303816552062
P4,datum_ta,target_real_anchor,detection_fpr,5,0.052874743326488685,0.01486048750116029,0.03442301100054093,0.07132647565243644
P4,datum_ta,target_real_anchor,detection_tpr,5,0.1314168377823408,0.09728501713991201,0.01062153443507595,0.25221214112960566
P4,datum_ta,target_real_anchor,detection_ece,5,0.3492884476293649,0.1339575117109334,0.18295822804893977,0.51561866720979
P4,datum_transformer,oracle_target,detection_auroc,5,0.5294763175204179,0.0649229679037697,0.44886380561776856,0.6100888294230672
P4,datum_transformer,oracle_target,detection_auprc,5,0.5078921902141715,0.06132612750978731,0.4317457455360152,0.5840386348923279
P4,datum_transformer,oracle_target,detection_fpr,5,0.03223819301848045,0.02965306763312855,-0.004580953497876572,0.06905733953483748
P4,datum_transformer,oracle_target,detection_tpr,5,0.02659137577002052,0.04825653148383724,-0.03332702205164664,0.08650977359168768
P4,datum_transformer,oracle_target,detection_ece,5,0.01700935270507932,0.02635426309372948,-0.015713786977594728,0.04973249238775337
P4,datum_transformer,source_only,detection_auroc,5,0.5425618177333462,0.07064673914782242,0.45484230514300267,0.6302813303236898
P4,datum_transformer,source_only,detection_auprc,5,0.5125369687015244,0.06678282213509668,0.42961514275792945,0.5954587946451194
P4,datum_transformer,source_only,detection_fpr,5,0.9998973305954826,0.00022957576771042305,0.9996122746298566,1.0001823865611086
P4,datum_transformer,source_only,detection_tpr,5,1.0,0.0,1.0,1.0
P4,datum_transformer,source_only,detection_ece,5,0.4374677837413648,0.0613346275141007,0.3613107849138679,0.5136247825688617
P4,datum_transformer,target_real_anchor,detection_auroc,5,0.5425618177333462,0.07064673914782242,0.45484230514300267,0.6302813303236898
P4,datum_transformer,target_real_anchor,detection_auprc,5,0.5125369687015244,0.06678282213509668,0.42961514275792945,0.5954587946451194
P4,datum_transformer,target_real_anchor,detection_fpr,5,0.0456878850102669,0.00671288338327616,0.03735273938911261,0.05402303063142119
P4,datum_transformer,target_real_anchor,detection_tpr,5,0.040246406570841844,0.03187219490954224,0.0006718496079299655,0.07982096353375373
P4,datum_transformer,target_real_anchor,detection_ece,5,0.4374677837413648,0.0613346275141007,0.3613107849138679,0.5136247825688617
P4,flat_transformer,oracle_target,detection_auroc,5,0.6591868562080203,0.19556987254103295,0.4163547863405208,0.9020189260755198
P4,flat_transformer,oracle_target,detection_auprc,5,0.6352491552021536,0.18625550701647556,0.40398239767260735,0.8665159127316999
P4,flat_transformer,oracle_target,detection_fpr,5,0.03921971252566732,0.022466191258693004,0.011324251662988106,0.06711517338834654
P4,flat_transformer,oracle_target,detection_tpr,5,0.1628336755646817,0.19956902777056248,-0.08496400137455296,0.41063135250391636
P4,flat_transformer,oracle_target,detection_ece,5,0.04855079602270274,0.08025592878266073,-0.05110010138913234,0.14820169343453782
P4,flat_transformer,source_only,detection_auroc,5,0.7182354671141674,0.1793930334807993,0.4954895959124964,0.9409813383158384
P4,flat_transformer,source_only,detection_auprc,5,0.6869227179587515,0.174842457832691,0.4698271327104393,0.9040183032070637
P4,flat_transformer,source_only,detection_fpr,5,0.8186858316221766,0.2198433422377402,0.5457142683207856,1.0916573949235675
P4,flat_transformer,source_only,detection_tpr,5,0.9428131416837783,0.09846739923882811,0.8205497170521687,1.0650765663153878
P4,flat_transformer,source_only,detection_ece,5,0.37692376455702903,0.07939038639003339,0.2783475799730385,0.47549994914101956
P4,flat_transformer,target_real_anchor,detection_auroc,5,0.7182354671141674,0.1793930334807993,0.4954895959124964,0.9409813383158384
P4,flat_transformer,target_real_anchor,detection_auprc,5,0.6869227179587515,0.174842457832691,0.4698271327104393,0.9040183032070637
P4,flat_transformer,target_real_anchor,detection_fpr,5,0.049075975359342855,0.01199299943233766,0.034184699733731005,0.0639672509849547
P4,flat_transformer,target_real_anchor,detection_tpr,5,0.20811088295687882,0.19267159127691807,-0.031122495408300754,0.4473442613220584
P4,flat_transformer,target_real_anchor,detection_ece,5,0.37692376455702903,0.07939038639003339,0.2783475799730385,0.47549994914101956
