seed,protocol,detector,calibration_policy,source_validation_auroc,target_test_auroc,ranking_shift,source_validation_ece,target_test_ece,calibration_shift,reference_fpr,target_test_fpr,threshold_fpr_shift,prevalence_mae,prevalence_decision_error_rate,governance_regret
2026,P1,c2st_lr,oracle_target,0.7048013374313697,0.7099657469440199,0.0051644095126501,0.023966995538952,0.0191392885356507,-0.0048277070033013,0.0498213159554341,0.046343001261034,-0.0034783146944,0.024648452242990997,0.08153846153846153,0.0008279926953789708
2026,P1,c2st_lr,source_only,0.7048013374313697,0.7099657469440199,0.0051644095126501,0.023966995538952,0.0191392885356507,-0.0048277070033013,0.0498213159554341,0.046343001261034,-0.0034783146944,0.024648452242990997,0.08153846153846153,0.0008279926953789708
2026,P1,c2st_lr,target_real_anchor,0.7048013374313697,0.7099657469440199,0.0051644095126501,0.023966995538952,0.0191392885356507,-0.0048277070033013,0.05,0.0636822194199243,0.0136822194199243,0.024648452242990997,0.08153846153846153,0.0009673048761892488
2026,P1,c2st_xgb,oracle_target,0.9433293241797304,0.9396710299292836,-0.0036582942504467,0.015366718951875,0.0191489138503084,0.0037821948984334,0.0498213159554341,0.0472887767969735,-0.0025325391584605,0.007901963825891168,0.07384615384615385,0.004413914784796126
2026,P1,c2st_xgb,source_only,0.9433293241797304,0.9396710299292836,-0.0036582942504467,0.015366718951875,0.0191489138503084,0.0037821948984334,0.0498213159554341,0.0472887767969735,-0.0025325391584605,0.007901963825891168,0.07384615384615385,0.004413914784796126
2026,P1,c2st_xgb,target_real_anchor,0.9433293241797304,0.9396710299292836,-0.0036582942504467,0.015366718951875,0.0191489138503084,0.0037821948984334,0.05,0.0643127364438839,0.0143127364438839,0.007901963825891168,0.07384615384615385,0.005361389359223843
2026,P1,char3gram,oracle_target,0.9014811448771,0.8995373889439277,-0.0019437559331724,0.0199992127385803,0.02228442191812,0.0022852091795397,0.0498213159554341,0.0539092055485498,0.0040878895931157,0.010138603110162861,0.08076923076923077,0.0027271148294746635
2026,P1,char3gram,source_only,0.9014811448771,0.8995373889439277,-0.0019437559331724,0.0199992127385803,0.02228442191812,0.0022852091795397,0.0498213159554341,0.0539092055485498,0.0040878895931157,0.010138603110162861,0.08076923076923077,0.0027271148294746635
2026,P1,char3gram,target_real_anchor,0.9014811448771,0.8995373889439277,-0.0019437559331724,0.0199992127385803,0.02228442191812,0.0022852091795397,0.05,0.0548549810844892,0.0048549810844892,0.010138603110162861,0.08076923076923077,0.002651682085947671
2026,P1,column_positional_ablation,oracle_target,0.9177466980605328,0.9182825984457316,0.0005359003851989,0.0206408610579863,0.020869030947755,0.0002281698897687,0.0498213159554341,0.0498108448928121,-1.0471062621988936e-05,0.008511549502324838,0.08076923076923077,0.002464768559039272
2026,P1,column_positional_ablation,source_only,0.9177466980605328,0.9182825984457316,0.0005359003851989,0.0206408610579863,0.020869030947755,0.0002281698897687,0.0498213159554341,0.0498108448928121,-1.0471062621988936e-05,0.008511549502324838,0.08076923076923077,0.002464768559039272
2026,P1,column_positional_ablation,target_real_anchor,0.9177466980605328,0.9182825984457316,0.0005359003851989,0.0206408610579863,0.020869030947755,0.0002281698897687,0.05,0.0494955863808322,-0.0005044136191677,0.008511549502324838,0.08076923076923077,0.0024784428453844326
2026,P1,datum_transformer,oracle_target,0.8487184326659065,0.838726536497633,-0.0099918961682735,0.0054555277320191,0.0042650809823819,-0.0011904467496372,0.0498213159554341,0.0535939470365699,0.0037726310811358,0.009174894096460919,0.07846153846153846,0.002883041354413033
2026,P1,datum_transformer,source_only,0.8487184326659065,0.838726536497633,-0.0099918961682735,0.0054555277320191,0.0042650809823819,-0.0011904467496372,0.0498213159554341,0.0535939470365699,0.0037726310811358,0.009174894096460919,0.07846153846153846,0.002883041354413033
2026,P1,datum_transformer,target_real_anchor,0.8487184326659065,0.838726536497633,-0.0099918961682735,0.0054555277320191,0.0042650809823819,-0.0011904467496372,0.05,0.0532786885245901,0.0032786885245901,0.009174894096460919,0.07846153846153846,0.002875807605205221
2026,P1,flat_transformer,oracle_target,0.9116307759994684,0.907479378992413,-0.0041513970070554,0.0293561751497281,0.0247246997688821,-0.004631475380846,0.0498213159554341,0.051702395964691,0.0018810800092569,0.010487066517531734,0.07615384615384616,0.0027624817415729365
2026,P1,flat_transformer,source_only,0.9116307759994684,0.907479378992413,-0.0041513970070554,0.0293561751497281,0.0247246997688821,-0.004631475380846,0.0498213159554341,0.051702395964691,0.0018810800092569,0.010487066517531734,0.07615384615384616,0.0027624817415729365
2026,P1,flat_transformer,target_real_anchor,0.9116307759994684,0.907479378992413,-0.0041513970070554,0.0293561751497281,0.0247246997688821,-0.004631475380846,0.05,0.0469735182849936,-0.0030264817150063,0.010487066517531734,0.07615384615384616,0.0027735867105594045
2026,P2,c2st_lr,oracle_target,0.2951986625686302,0.6231554594187156,0.3279567968500854,0.2639525918301175,0.0117721310914088,-0.2521804607387087,0.0498213159554341,0.0561160151324085,0.0062946991769744,0.044205935146945846,0.1453846153846154,0.000442914100780055
2026,P2,c2st_lr,source_only,0.7048013374313697,0.3768445405812842,-0.3279567968500855,0.023966995538952,0.2262081414389155,0.2022411458999634,0.0498213159554341,0.046343001261034,-0.0034783146944,0.33189421333282343,0.6153846153846154,0.00011028234340537061
2026,P2,c2st_lr,target_real_anchor,0.7048013374313697,0.3768445405812842,-0.3279567968500855,0.023966995538952,0.2262081414389155,0.2022411458999634,0.05,0.0636822194199243,0.0136822194199243,0.33189421333282343,0.6153846153846154,0.0001250774728935723
2026,P2,c2st_xgb,oracle_target,0.9433293241797304,0.7402988932955289,-0.2030304308842013,0.1362769272235762,0.089393187571957,-0.0468837396516192,0.0487702333403405,0.0472887767969735,-0.001481456543367,0.015225864397970088,0.08461538461538462,0.0008918117795699406
2026,P2,c2st_xgb,source_only,0.9433293241797304,0.7402988932955289,-0.2030304308842013,0.015366718951875,0.1680716174212722,0.1527048984693972,0.0498213159554341,0.0472887767969735,-0.0025325391584605,0.12220033624551095,0.07692307692307693,0.0008819483599111497
2026,P2,c2st_xgb,target_real_anchor,0.9433293241797304,0.7402988932955289,-0.2030304308842013,0.015366718951875,0.1680716174212722,0.1527048984693972,0.05,0.0643127364438839,0.0143127364438839,0.12220033624551095,0.07692307692307693,0.0010226745274557365
2026,P2,char3gram,oracle_target,0.9014811448771,0.7248288142304433,-0.1766523306466567,0.1362595490764003,0.0663816325259996,-0.0698779165504007,0.0498213159554341,0.0539092055485498,0.0040878895931157,0.019847970695061792,0.09076923076923077,0.0007953934036570166
2026,P2,char3gram,source_only,0.9014811448771,0.7248288142304433,-0.1766523306466567,0.0199992127385803,0.1325556785108386,0.1125564657722582,0.0498213159554341,0.0539092055485498,0.0040878895931157,0.13791440766630172,0.07769230769230769,0.0007511632088583612
2026,P2,char3gram,target_real_anchor,0.9014811448771,0.7248288142304433,-0.1766523306466567,0.0199992127385803,0.1325556785108386,0.1125564657722582,0.05,0.0548549810844892,0.0048549810844892,0.13791440766630172,0.07769230769230769,0.000706096692637577
2026,P2,column_positional_ablation,oracle_target,0.9266680849027285,0.790737472350278,-0.1359306125524503,0.1174308257718034,0.066028476434248,-0.0514023493375553,0.0496110994324153,0.0526481715006305,0.0030370720682151,0.013192902394322597,0.0823076923076923,0.0017604910810415401
2026,P2,column_positional_ablation,source_only,0.9266680849027285,0.790737472350278,-0.1359306125524503,0.0359153238180571,0.1367404252253059,0.1008251014072488,0.0496110994324153,0.0526481715006305,0.0030370720682151,0.10498496181379892,0.07769230769230769,0.001728650513908711
2026,P2,column_positional_ablation,target_real_anchor,0.9266680849027285,0.790737472350278,-0.1359306125524503,0.0359153238180571,0.1367404252253059,0.1008251014072488,0.05,0.0586380832282471,0.0086380832282471,0.10498496181379892,0.07769230769230769,0.0020079042720634295
2026,P2,datum_transformer,oracle_target,0.8492851378774247,0.7289168385415259,-0.1203682993358987,0.0529792996767619,0.0036109029381988,-0.049368396738563,0.0460374185410973,0.0419293820933165,-0.0041080364477808,0.011895242611967744,0.07692307692307693,0.0019066576487650668
2026,P2,datum_transformer,source_only,0.8492851378774247,0.7289168385415259,-0.1203682993358987,0.0053433521621149,0.053126867329037,0.047783515166922,0.0485600168173218,0.0447667087011349,-0.0037933081161869,0.07302784917985687,0.07538461538461538,0.0018364411367884006
2026,P2,datum_transformer,target_real_anchor,0.8492851378774247,0.7289168385415259,-0.1203682993358987,0.0053433521621149,0.053126867329037,0.047783515166922,0.05,0.0425598991172761,-0.0074401008827238,0.07302784917985687,0.07538461538461538,0.0018365877085840293
2026,P2,flat_transformer,oracle_target,0.9090716096818738,0.7145833598367812,-0.1944882498450926,0.1440671601535178,0.0868659668459634,-0.0572011933075543,0.0494008829093966,0.0589533417402269,0.0095524588308303,0.019011090113800314,0.08153846153846153,0.0010791908874762325
2026,P2,flat_transformer,source_only,0.9090716096818738,0.7145833598367812,-0.1944882498450926,0.0444977343840746,0.1677045811015486,0.1232068467174739,0.0498213159554341,0.0592686002522068,0.0094472842967727,0.12746249989559177,0.07615384615384616,0.0010490315850579693
2026,P2,flat_transformer,target_real_anchor,0.9090716096818738,0.7145833598367812,-0.1944882498450926,0.0444977343840746,0.1677045811015486,0.1232068467174739,0.05,0.0586380832282471,0.0086380832282471,0.12746249989559177,0.07615384615384616,0.0010472468578994326
2026,P3,char3gram,oracle_target,0.9006605447155767,0.6215704834948919,-0.2790900612206848,0.3808122079918312,0.0321031627489158,-0.3487090452429153,0.0499657768651608,0.0528747433264887,0.0029089664613278,0.05089349988347361,0.1853846153846154,0.0006078997292076599
2026,P3,char3gram,source_only,0.9006605447155767,0.6215704834948919,-0.2790900612206848,0.0215902650897393,0.4695114015240595,0.4479211364343202,0.0499515972894482,1.0,0.9500484027105518,0.6692265517093773,0.38461538461538464,
2026,P3,char3gram,target_real_anchor,0.9006605447155767,0.6215704834948919,-0.2790900612206848,0.0215902650897393,0.4695114015240595,0.4479211364343202,0.05,0.0523613963039014,0.0023613963039014,0.6692265517093773,0.38461538461538464,0.00031984432172818615
2026,P3,column_positional_ablation,source_only,0.9354999442408272,0.6087622381086905,-0.3267377061321367,0.0346773550157406,0.4684711710949637,0.433793816079223,0.0489835430784123,1.0,0.9510164569215876,0.6692265517093773,0.38461538461538464,
2026,P3,column_positional_ablation,target_real_anchor,0.9354999442408272,0.6087622381086905,-0.3267377061321367,0.0346773550157406,0.4684711710949637,0.433793816079223,0.05,0.0251540041067761,-0.0248459958932238,0.6692265517093773,0.38461538461538464,0.0008968062147097246
2026,P3,datum_ta,oracle_target,0.8319348620405609,0.6386230651982341,-0.1933117968423268,0.0907124508684917,0.0431383790491797,-0.0475740718193119,0.0496235455167693,0.0595482546201232,0.0099247091033538,0.03871121293473333,0.10153846153846154,0.0010861365715701793
2026,P3,datum_ta,source_only,0.8319348620405609,0.6386230651982341,-0.1933117968423268,0.0085320598179102,0.1015779371945507,0.0930458773766405,0.049757986447241,0.034394250513347,-0.015363735933894,0.22934218045969,0.38461538461538464,0.00044725300191893224
2026,P3,datum_ta,target_real_anchor,0.8319348620405609,0.6386230651982341,-0.1933117968423268,0.0085320598179102,0.1015779371945507,0.0930458773766405,0.05,0.0513347022587269,0.0013347022587268,0.22934218045969,0.38461538461538464,0.0003978214702832677
2026,P3,datum_transformer,oracle_target,0.9352364048359604,0.5473633780131467,-0.3878730268228135,0.2737207078019276,0.0656022666734011,-0.2081184411285264,0.0482546201232032,0.0605749486652977,0.0123203285420944,0.04968778925224106,0.13615384615384615,0.0005592272671596915
2026,P3,datum_transformer,source_only,0.9352364048359604,0.5473633780131467,-0.3878730268228135,0.0328098873222163,0.4678862562626893,0.435076368940473,0.049757986447241,1.0,0.950242013552759,0.6692265517093773,0.38461538461538464,
2026,P3,datum_transformer,target_real_anchor,0.9352364048359604,0.5473633780131467,-0.3878730268228135,0.0328098873222163,0.4678862562626893,0.435076368940473,0.05,0.0826488706365503,0.0326488706365503,0.6692265517093773,0.38461538461538464,0.0009617411676215256
2026,P3,flat_transformer,source_only,0.916312584985882,0.7964410399335495,-0.1198715450523324,0.0497827743568007,0.4382136418636815,0.3884308675068807,0.0499515972894482,0.9994866529774128,0.9495350556879644,0.6692265517093773,0.38461538461538464,
2026,P3,flat_transformer,target_real_anchor,0.916312584985882,0.7964410399335495,-0.1198715450523324,0.0497827743568007,0.4382136418636815,0.3884308675068807,0.05,0.0318275154004106,-0.0181724845995893,0.6692265517093773,0.38461538461538464,0.0006055305120096691
2026,P4,char3gram,oracle_target,0.9006605447155767,0.6556869784836972,-0.2449735662318795,0.3992777458528168,0.0308032468845316,-0.3684744989682851,0.0499657768651608,0.0533880903490759,0.0034223134839151,0.038638733931862186,0.16076923076923078,0.0012657140343340847
2026,P4,char3gram,source_only,0.9006605447155767,0.6556869784836972,-0.2449735662318795,0.0215902650897393,0.4699692216404929,0.4483789565507535,0.0499515972894482,1.0,0.9500484027105518,0.6692265517093773,0.38461538461538464,
2026,P4,char3gram,target_real_anchor,0.9006605447155767,0.6556869784836972,-0.2449735662318795,0.0215902650897393,0.4699692216404929,0.4483789565507535,0.05,0.0523613963039014,0.0023613963039014,0.6692265517093773,0.38461538461538464,0.0011161313213388737
2026,P4,column_positional_ablation,oracle_target,0.8488413056455459,0.7269924083670294,-0.1218488972785165,0.2658691263829996,0.0142175642803476,-0.251651562102652,0.0496235455167693,0.0446611909650924,-0.0049623545516769,0.03319517802405922,0.10615384615384615,0.001228473620319123
2026,P4,column_positional_ablation,source_only,0.8488413056455459,0.7269924083670294,-0.1218488972785165,0.0076054001769476,0.4148609343212785,0.4072555341443309,0.0482090997095837,0.9460985626283368,0.897889462918753,0.6692265517093773,0.38461538461538464,0.12358961376428247
2026,P4,column_positional_ablation,target_real_anchor,0.8488413056455459,0.7269924083670294,-0.1218488972785165,0.0076054001769476,0.4148609343212785,0.4072555341443309,0.05,0.0266940451745379,-0.023305954825462,0.6692265517093773,0.38461538461538464,0.0009309413440476859
2026,P4,datum_ta,source_only,0.9228418997853038,0.3734090985752775,-0.5494328012100262,0.0191887269793303,0.4805622249170195,0.4613734979376891,0.0499515972894482,1.0,0.9500484027105518,0.6692265517093773,0.38461538461538464,
2026,P4,datum_ta,target_real_anchor,0.9228418997853038,0.3734090985752775,-0.5494328012100262,0.0191887269793303,0.4805622249170195,0.4613734979376891,0.05,0.0395277207392197,-0.0104722792607802,0.6692265517093773,0.38461538461538464,0.004028037270316709
2026,P4,datum_transformer,oracle_target,0.9319354805456715,0.6436700991697903,-0.2882653813758812,0.3019629004443463,0.0612569261281564,-0.2407059743161899,0.0499657768651608,0.0518480492813141,0.0018822724161533,0.04671328949381933,0.12230769230769231,0.0017340829720564263
2026,P4,datum_transformer,source_only,0.9319354805456715,0.6436700991697903,-0.2882653813758812,0.029902390268419,0.4661998116672513,0.4362974213988322,0.049757986447241,1.0,0.950242013552759,0.6692265517093773,0.38461538461538464,
2026,P4,datum_transformer,target_real_anchor,0.9319354805456715,0.6436700991697903,-0.2882653813758812,0.029902390268419,0.4661998116672513,0.4362974213988322,0.05,0.0395277207392197,-0.0104722792607802,0.6692265517093773,0.38461538461538464,0.001314248483729723
2026,P4,flat_transformer,source_only,0.9168832777772052,0.7952430545307354,-0.1216402232464697,0.0282897126641853,0.4513149214812506,0.4230252088170653,0.0495643756050338,0.9994866529774128,0.9499222773723788,0.6692265517093773,0.38461538461538464,
2026,P4,flat_transformer,target_real_anchor,0.9168832777772052,0.7952430545307354,-0.1216402232464697,0.0282897126641853,0.4513149214812506,0.4230252088170653,0.05,0.0323408624229979,-0.017659137577002,0.6692265517093773,0.38461538461538464,0.0007870171497971911
2027,P1,c2st_lr,oracle_target,0.7080931682104714,0.6980300517294293,-0.010063116481042,0.0232051040233942,0.0231568769964743,-4.8227026919842736e-05,0.0498213159554341,0.0466582597730138,-0.0031630561824202,0.022599823721454766,0.07846153846153846,0.0004077196980968523
2027,P1,c2st_lr,source_only,0.7080931682104714,0.6980300517294293,-0.010063116481042,0.0232051040233942,0.0231568769964743,-4.8227026919842736e-05,0.0498213159554341,0.0466582597730138,-0.0031630561824202,0.022599823721454766,0.07846153846153846,0.0004077196980968523
2027,P1,c2st_lr,target_real_anchor,0.7080931682104714,0.6980300517294293,-0.010063116481042,0.0232051040233942,0.0231568769964743,-4.8227026919842736e-05,0.05,0.0435056746532156,-0.0064943253467843,0.022599823721454766,0.07846153846153846,0.00040099045055523656
2027,P1,c2st_xgb,oracle_target,0.939370651413588,0.9387678918150462,-0.0006027595985418,0.0152720442480172,0.0179910016380468,0.0027189573900295,0.0498213159554341,0.0466582597730138,-0.0031630561824202,0.0086300309873467,0.08153846153846153,0.0021484475389214126
2027,P1,c2st_xgb,source_only,0.939370651413588,0.9387678918150462,-0.0006027595985418,0.0152720442480172,0.0179910016380468,0.0027189573900295,0.0498213159554341,0.0466582597730138,-0.0031630561824202,0.0086300309873467,0.08153846153846153,0.0021484475389214126
2027,P1,c2st_xgb,target_real_anchor,0.939370651413588,0.9387678918150462,-0.0006027595985418,0.0152720442480172,0.0179910016380468,0.0027189573900295,0.05,0.0403530895334174,-0.0096469104665826,0.0086300309873467,0.08153846153846153,0.002012543790831958
2027,P1,char3gram,oracle_target,0.9015072617501512,0.898433089660634,-0.0030741720895173,0.0227538727957631,0.0252818788769145,0.0025280060811513,0.0498213159554341,0.046343001261034,-0.0034783146944,0.00988951210960507,0.07692307692307693,0.0025631416455884166
2027,P1,char3gram,source_only,0.9015072617501512,0.898433089660634,-0.0030741720895173,0.0227538727957631,0.0252818788769145,0.0025280060811513,0.0498213159554341,0.046343001261034,-0.0034783146944,0.00988951210960507,0.07692307692307693,0.0025631416455884166
2027,P1,char3gram,target_real_anchor,0.9015072617501512,0.898433089660634,-0.0030741720895173,0.0227538727957631,0.0252818788769145,0.0025280060811513,0.05,0.0337326607818411,-0.0162673392181588,0.00988951210960507,0.07692307692307693,0.002194884419255771
2027,P1,column_positional_ablation,oracle_target,0.9327017012513428,0.9333093079578724,0.0006076067065294,0.0249242893127979,0.0310808286919601,0.0061565393791621,0.0494008829093966,0.0457124842370744,-0.0036883986723222,0.012077004176477014,0.07307692307692308,0.003194076233244486
2027,P1,column_positional_ablation,source_only,0.9327017012513428,0.9333093079578724,0.0006076067065294,0.0249242893127979,0.0310808286919601,0.0061565393791621,0.0494008829093966,0.0457124842370744,-0.0036883986723222,0.012077004176477014,0.07307692307692308,0.003194076233244486
2027,P1,column_positional_ablation,target_real_anchor,0.9327017012513428,0.9333093079578724,0.0006076067065294,0.0249242893127979,0.0310808286919601,0.0061565393791621,0.05,0.051702395964691,0.001702395964691,0.012077004176477014,0.07307692307692308,0.0034416381490849314
2027,P1,datum_transformer,oracle_target,0.9300534680003564,0.9287760257231864,-0.0012774422771701,0.0311578165235416,0.0352508868219894,0.0040930702984478,0.0491906663863779,0.0529634300126103,0.0037727636262323,0.013355048656238265,0.07538461538461538,0.004405966374051444
2027,P1,datum_transformer,source_only,0.9300534680003564,0.9287760257231864,-0.0012774422771701,0.0311578165235416,0.0352508868219894,0.0040930702984478,0.0491906663863779,0.0529634300126103,0.0037727636262323,0.013355048656238265,0.07538461538461538,0.004405966374051444
2027,P1,datum_transformer,target_real_anchor,0.9300534680003564,0.9287760257231864,-0.0012774422771701,0.0311578165235416,0.0352508868219894,0.0040930702984478,0.05,0.0592686002522068,0.0092686002522068,0.013355048656238265,0.07538461538461538,0.004322797608580947
2027,P1,flat_transformer,oracle_target,0.9068406498213866,0.9014741118297078,-0.0053665379916787,0.0410961777067872,0.0415822563228488,0.0004860786160616,0.0498213159554341,0.046343001261034,-0.0034783146944,0.010587457537600037,0.07846153846153846,0.002989510489510448
2027,P1,flat_transformer,source_only,0.9068406498213866,0.9014741118297078,-0.0053665379916787,0.0410961777067872,0.0415822563228488,0.0004860786160616,0.0498213159554341,0.046343001261034,-0.0034783146944,0.010587457537600037,0.07846153846153846,0.002989510489510448
2027,P1,flat_transformer,target_real_anchor,0.9068406498213866,0.9014741118297078,-0.0053665379916787,0.0410961777067872,0.0415822563228488,0.0004860786160616,0.05,0.0359394703656998,-0.0140605296343001,0.010587457537600037,0.07846153846153846,0.0030459905181858572
2027,P2,c2st_lr,oracle_target,0.2919068317895286,0.6434600158384605,0.3515531840489319,0.2735892379027104,0.0121545195315387,-0.2614347183711716,0.0498213159554341,0.0453972257250945,-0.0044240902303395,0.04239618707139367,0.14076923076923076,0.0004929850130526977
2027,P2,c2st_lr,source_only,0.7080931682104714,0.3565399841615395,-0.3515531840489319,0.0232051040233942,0.2439541050777123,0.2207490010543181,0.0498213159554341,0.0466582597730138,-0.0031630561824202,0.33137096375855485,0.6153846153846154,0.00026772429697961137
2027,P2,c2st_lr,target_real_anchor,0.7080931682104714,0.3565399841615395,-0.3515531840489319,0.0232051040233942,0.2439541050777123,0.2207490010543181,0.05,0.0435056746532156,-0.0064943253467843,0.33137096375855485,0.6153846153846154,0.0002703534376648462
2027,P2,c2st_xgb,oracle_target,0.939370651413588,0.7303503603408767,-0.2090202910727112,0.1347701705483693,0.0979640424500162,-0.0368061280983531,0.0498213159554341,0.0466582597730138,-0.0031630561824202,0.015086674931681594,0.08615384615384615,0.0008238340479636194
2027,P2,c2st_xgb,source_only,0.939370651413588,0.7303503603408767,-0.2090202910727112,0.0152720442480172,0.1703834457984447,0.1551114015504274,0.0498213159554341,0.0466582597730138,-0.0031630561824202,0.13005015189311928,0.07692307692307693,0.000824501900420641
2027,P2,c2st_xgb,target_real_anchor,0.939370651413588,0.7303503603408767,-0.2090202910727112,0.0152720442480172,0.1703834457984447,0.1551114015504274,0.05,0.0403530895334174,-0.0096469104665826,0.13005015189311928,0.07692307692307693,0.0007317972163233
2027,P2,char3gram,oracle_target,0.9015072617501512,0.7102868693438329,-0.1912203924063183,0.1410453792287785,0.0793265941172922,-0.0617187851114863,0.0498213159554341,0.046343001261034,-0.0034783146944,0.018554496881809063,0.08307692307692308,0.0006157176962302254
2027,P2,char3gram,source_only,0.9015072617501512,0.7102868693438329,-0.1912203924063183,0.0227538727957631,0.1405053975928555,0.1177515247970923,0.0498213159554341,0.046343001261034,-0.0034783146944,0.15055357011457815,0.07846153846153846,0.0005355838552163102
2027,P2,char3gram,target_real_anchor,0.9015072617501512,0.7102868693438329,-0.1912203924063183,0.0227538727957631,0.1405053975928555,0.1177515247970923,0.05,0.0337326607818411,-0.0162673392181588,0.15055357011457815,0.07846153846153846,0.0004911420784244444
2027,P2,column_positional_ablation,oracle_target,0.9287913513289932,0.7680617187114871,-0.160729632617506,0.1272261331618613,0.0741363274414957,-0.0530898057203656,0.0496110994324153,0.0450819672131147,-0.0045291322193006,0.015845871408000665,0.08076923076923077,0.0015654546130851505
2027,P2,column_positional_ablation,source_only,0.9287913513289932,0.7680617187114871,-0.160729632617506,0.02147048581024,0.1388807255126704,0.1174102397024303,0.0496110994324153,0.0453972257250945,-0.0042138737073208,0.11938234060047655,0.07692307692307693,0.0015641865387996667
2027,P2,column_positional_ablation,target_real_anchor,0.9287913513289932,0.7680617187114871,-0.160729632617506,0.02147048581024,0.1388807255126704,0.1174102397024303,0.05,0.0431904161412358,-0.0068095838587641,0.11938234060047655,0.07692307692307693,0.0015252566582353608
2027,P2,datum_transformer,oracle_target,0.9298174660366858,0.7848360655737705,-0.1449814004629153,0.1290817349086952,0.0850592471244521,-0.0440224877842431,0.0491906663863779,0.0494955863808322,0.0003049199944543,0.015002281307536005,0.07923076923076923,0.0010247223762697459
2027,P2,datum_transformer,source_only,0.9298174660366858,0.7848360655737705,-0.1449814004629153,0.0352025438649235,0.154395337705513,0.1191927938405894,0.0496110994324153,0.0498108448928121,0.0001997454603967,0.11828588440608764,0.07692307692307693,0.0009718944015365477
2027,P2,datum_transformer,target_real_anchor,0.9298174660366858,0.7848360655737705,-0.1449814004629153,0.0352025438649235,0.154395337705513,0.1191927938405894,0.05,0.0649432534678436,0.0149432534678436,0.11828588440608764,0.07692307692307693,0.0009260661968592184
2027,P2,flat_transformer,oracle_target,0.9013003374556304,0.7076424547069329,-0.1936578827486976,0.1275061901625505,0.0957797799794816,-0.0317264101830688,0.0487702333403405,0.0412988650693568,-0.0074713682709836,0.02035585171387219,0.08076923076923077,0.0009247220381165839
2027,P2,flat_transformer,source_only,0.9013003374556304,0.7076424547069329,-0.1936578827486976,0.034483457772524,0.1643272474907239,0.1298437897181998,0.0491906663863779,0.0416141235813367,-0.0075765428050412,0.13225745894666918,0.07692307692307693,0.000935483761886048
2027,P2,flat_transformer,target_real_anchor,0.9013003374556304,0.7076424547069329,-0.1936578827486976,0.034483457772524,0.1643272474907239,0.1298437897181998,0.05,0.051702395964691,0.001702395964691,0.13225745894666918,0.07692307692307693,0.0008808297601817564
2027,P3,char3gram,oracle_target,0.9001524708810605,0.6344447419350758,-0.2657077289459847,0.3918814202782773,0.0244174702828572,-0.3674639499954201,0.0499657768651608,0.0369609856262833,-0.0130047912388774,0.05016604555736525,0.2023076923076923,0.0008468638656368618
2027,P3,char3gram,source_only,0.9001524708810605,0.6344447419350758,-0.2657077289459847,0.0217896729513441,0.4672220457436647,0.4454323727923205,0.0499515972894482,0.9994866529774128,0.9495350556879644,0.6692265517093773,0.38461538461538464,
2027,P3,char3gram,target_real_anchor,0.9001524708810605,0.6344447419350758,-0.2657077289459847,0.0217896729513441,0.4672220457436647,0.4454323727923205,0.05,0.0318275154004106,-0.0181724845995893,0.6692265517093773,0.38461538461538464,0.0011577949409792478
2027,P3,column_positional_ablation,source_only,0.9462748655454232,0.5237589018800939,-0.4225159636653292,0.0288923091429941,0.459364138546968,0.4304718294039738,0.0499515972894482,1.0,0.9500484027105518,0.6692265517093773,0.38461538461538464,
2027,P3,column_positional_ablation,target_real_anchor,0.9462748655454232,0.5237589018800939,-0.4225159636653292,0.0288923091429941,0.459364138546968,0.4304718294039738,0.05,0.0446611909650924,-0.0053388090349075,0.6692265517093773,0.38461538461538464,0.0005691178462312179
2027,P3,datum_ta,oracle_target,0.9296001177033968,0.6082939538894206,-0.3213061638139761,4.492367066444292e-05,9.898148851306132e-05,5.4057817848618406e-05,0.0499657768651608,0.0585215605749486,0.0085557837097878,0.0979709469504287,0.28923076923076924,0.0014442183248347662
2027,P3,datum_ta,source_only,0.9296001177033968,0.6082939538894206,-0.3213061638139761,0.0186573618833762,0.486064244377237,0.4674068824938608,0.0499515972894482,1.0,0.9500484027105518,0.6692265517093773,0.38461538461538464,
2027,P3,datum_ta,target_real_anchor,0.9296001177033968,0.6082939538894206,-0.3213061638139761,0.0186573618833762,0.486064244377237,0.4674068824938608,0.05,0.0456878850102669,-0.004312114989733,0.6692265517093773,0.38461538461538464,0.0007930642060475248
2027,P3,datum_transformer,source_only,0.9423633267703068,0.3543827133815971,-0.5879806133887097,0.0221853188020364,0.4783408438721354,0.456155525070099,0.0499515972894482,1.0,0.9500484027105518,0.6692265517093773,0.38461538461538464,
2027,P3,datum_transformer,target_real_anchor,0.9423633267703068,0.3543827133815971,-0.5879806133887097,0.0221853188020364,0.4783408438721354,0.456155525070099,0.05,0.0338809034907597,-0.0161190965092402,0.6692265517093773,0.38461538461538464,0.0008983417439274405
2027,P3,flat_transformer,oracle_target,0.9255092311887764,0.807009716699906,-0.1184995144888703,0.295575801031766,0.030674804659313,-0.264900996372453,0.0496235455167693,0.0467145790554414,-0.0029089664613278,0.028174236617103887,0.1276923076923077,0.0011259232158781567
2027,P3,flat_transformer,source_only,0.9255092311887764,0.807009716699906,-0.1184995144888703,0.0269034300508178,0.3999034310807631,0.3730000010299452,0.0499515972894482,0.837782340862423,0.7878307435729748,0.6692265517093773,0.38461538461538464,0.04170311257453686
2027,P3,flat_transformer,target_real_anchor,0.9255092311887764,0.807009716699906,-0.1184995144888703,0.0269034300508178,0.3999034310807631,0.3730000010299452,0.05,0.0426078028747433,-0.0073921971252566,0.6692265517093773,0.38461538461538464,0.0012161678061570437
2027,P4,char3gram,oracle_target,0.9001524708810605,0.6725135873575384,-0.2276388835235221,0.4058668425023515,0.0365199488446273,-0.3693468936577242,0.0499657768651608,0.0369609856262833,-0.0130047912388774,0.038970957093103296,0.16923076923076924,0.0011212562009442816
2027,P4,char3gram,source_only,0.9001524708810605,0.6725135873575384,-0.2276388835235221,0.0217896729513441,0.4676729341578344,0.4458832612064903,0.0499515972894482,0.9994866529774128,0.9495350556879644,0.6692265517093773,0.38461538461538464,
2027,P4,char3gram,target_real_anchor,0.9001524708810605,0.6725135873575384,-0.2276388835235221,0.0217896729513441,0.4676729341578344,0.4458832612064903,0.05,0.0318275154004106,-0.0181724845995893,0.6692265517093773,0.38461538461538464,0.0013606576504159216
2027,P4,column_positional_ablation,source_only,0.9349714597376602,0.6188228383557716,-0.3161486213818886,0.0105110081132061,0.4658120047187588,0.4553009966055527,0.0499515972894482,1.0,0.9500484027105518,0.6692265517093773,0.38461538461538464,
2027,P4,column_positional_ablation,target_real_anchor,0.9349714597376602,0.6188228383557716,-0.3161486213818886,0.0105110081132061,0.4658120047187588,0.4553009966055527,0.05,0.034394250513347,-0.0156057494866529,0.6692265517093773,0.38461538461538464,0.0009433936820578082
2027,P4,datum_ta,oracle_target,0.9301608956703704,0.7345337080309823,-0.1956271876393881,0.1313842581055088,0.0458247132769321,-0.0855595448285767,0.0499657768651608,0.0400410677618069,-0.0099247091033538,0.03178513862528792,0.12692307692307692,0.0015243080534736407
2027,P4,datum_ta,source_only,0.9301608956703704,0.7345337080309823,-0.1956271876393881,0.0244409978778688,0.1959400665232532,0.1714990686453843,0.0499515972894482,0.4840862422997946,0.4341346450103464,0.39876437229814043,0.38461538461538464,0.017519927157043258
2027,P4,datum_ta,target_real_anchor,0.9301608956703704,0.7345337080309823,-0.1956271876393881,0.0244409978778688,0.1959400665232532,0.1714990686453843,0.05,0.0390143737166324,-0.0109856262833675,0.39876437229814043,0.38461538461538464,0.0021894632170624886
2027,P4,datum_transformer,source_only,0.9400881276069756,0.5870567243189455,-0.35303140328803,0.0281857317147376,0.4721035923212348,0.4439178606064971,0.0493707647628267,1.0,0.9506292352371732,0.6692265517093773,0.38461538461538464,
2027,P4,datum_transformer,target_real_anchor,0.9400881276069756,0.5870567243189455,-0.35303140328803,0.0281857317147376,0.4721035923212348,0.4439178606064971,0.05,0.0533880903490759,0.0033880903490759,0.6692265517093773,0.38461538461538464,0.0009617803137570591
2027,P4,flat_transformer,oracle_target,0.9216676209763198,0.8385427427277595,-0.0831248782485603,0.201852666075741,0.0463356753832303,-0.1555169906925107,0.0499657768651608,0.0446611909650924,-0.0053045859000684,0.021245446039912415,0.10538461538461538,0.0020086691561321413
2027,P4,flat_transformer,source_only,0.9216676209763198,0.8385427427277595,-0.0831248782485603,0.0282967649166592,0.261306085578103,0.2330093206614437,0.0499515972894482,0.547741273100616,0.4977896758111678,0.5069091316493421,0.38461538461538464,0.013656037481523895
2027,P4,flat_transformer,target_real_anchor,0.9216676209763198,0.8385427427277595,-0.0831248782485603,0.0282967649166592,0.261306085578103,0.2330093206614437,0.05,0.049794661190965,-0.0002053388090349,0.5069091316493421,0.38461538461538464,0.002770072708105729
2028,P1,c2st_lr,oracle_target,0.7058118527208104,0.7000519997646494,-0.0057598529561609,0.0168851201671257,0.0098265391773451,-0.0070585809897806,0.0489804498633592,0.0542244640605296,0.0052440141971703,0.02739925215091629,0.10538461538461538,0.0007462172241702528
2028,P1,c2st_lr,source_only,0.7058118527208104,0.7000519997646494,-0.0057598529561609,0.0168851201671257,0.0098265391773451,-0.0070585809897806,0.0489804498633592,0.0542244640605296,0.0052440141971703,0.02739925215091629,0.10538461538461538,0.0007462172241702528
2028,P1,c2st_lr,target_real_anchor,0.7058118527208104,0.7000519997646494,-0.0057598529561609,0.0168851201671257,0.0098265391773451,-0.0070585809897806,0.05,0.0580075662042875,0.0080075662042875,0.02739925215091629,0.10538461538461538,0.0007702180649640208
2028,P1,c2st_xgb,oracle_target,0.93609510501303,0.9387809116337946,0.0026858066207646,0.0228890762441312,0.0195218757672954,-0.0033672004768357,0.0496110994324153,0.0444514501891551,-0.0051596492432602,0.007074131139657175,0.0823076923076923,0.004260956063216641
2028,P1,c2st_xgb,source_only,0.93609510501303,0.9387809116337946,0.0026858066207646,0.0228890762441312,0.0195218757672954,-0.0033672004768357,0.0496110994324153,0.0444514501891551,-0.0051596492432602,0.007074131139657175,0.0823076923076923,0.004260956063216641
2028,P1,c2st_xgb,target_real_anchor,0.93609510501303,0.9387809116337946,0.0026858066207646,0.0228890762441312,0.0195218757672954,-0.0033672004768357,0.05,0.0406683480453972,-0.0093316519546027,0.007074131139657175,0.0823076923076923,0.00392772995232315
2028,P1,char3gram,oracle_target,0.8990791438031709,0.9031103850049852,0.0040312412018144,0.0215357449559852,0.0179420334720719,-0.0035937114839132,0.0498213159554341,0.0501261034047919,0.0003047874493578,0.00922075287726859,0.08076923076923077,0.0024703540569892277
2028,P1,char3gram,source_only,0.8990791438031709,0.9031103850049852,0.0040312412018144,0.0215357449559852,0.0179420334720719,-0.0035937114839132,0.0498213159554341,0.0501261034047919,0.0003047874493578,0.00922075287726859,0.08076923076923077,0.0024703540569892277
2028,P1,char3gram,target_real_anchor,0.8990791438031709,0.9031103850049852,0.0040312412018144,0.0215357449559852,0.0179420334720719,-0.0035937114839132,0.05,0.0406683480453972,-0.0093316519546027,0.00922075287726859,0.08076923076923077,0.00245939825917466
2028,P1,column_positional_ablation,oracle_target,0.9289543055918964,0.931516349711934,0.0025620441200375,0.0170385725293885,0.0214635414315115,0.004424968902123,0.0498213159554341,0.0542244640605296,0.0044031481050955,0.00995798525304392,0.07846153846153846,0.004880561633263143
2028,P1,column_positional_ablation,source_only,0.9289543055918964,0.931516349711934,0.0025620441200375,0.0170385725293885,0.0214635414315115,0.004424968902123,0.0498213159554341,0.0542244640605296,0.0044031481050955,0.00995798525304392,0.07846153846153846,0.004880561633263143
2028,P1,column_positional_ablation,target_real_anchor,0.9289543055918964,0.931516349711934,0.0025620441200375,0.0170385725293885,0.0214635414315115,0.004424968902123,0.05,0.0513871374527112,0.0013871374527112,0.00995798525304392,0.07846153846153846,0.00489817583843169
2028,P1,datum_transformer,oracle_target,0.9278917333203,0.9312075514153636,0.0033158180950636,0.0173768445057541,0.015753200541989,-0.001623643963765,0.0498213159554341,0.0472887767969735,-0.0025325391584605,0.007982018561196815,0.0823076923076923,0.003677139432697723
2028,P1,datum_transformer,source_only,0.9278917333203,0.9312075514153636,0.0033158180950636,0.0173768445057541,0.015753200541989,-0.001623643963765,0.0498213159554341,0.0472887767969735,-0.0025325391584605,0.007982018561196815,0.0823076923076923,0.003677139432697723
2028,P1,datum_transformer,target_real_anchor,0.9278917333203,0.9312075514153636,0.0033158180950636,0.0173768445057541,0.015753200541989,-0.001623643963765,0.05,0.0523329129886506,0.0023329129886506,0.007982018561196815,0.0823076923076923,0.003802222370847374
2028,P1,flat_transformer,oracle_target,0.8967393194473174,0.8929071704813079,-0.0038321489660095,0.0467676822862525,0.0479530687299059,0.0011853864436533,0.0496110994324153,0.0576923076923076,0.0080812082598923,0.009922252868962566,0.07769230769230769,0.0017450038058657784
2028,P1,flat_transformer,source_only,0.8967393194473174,0.8929071704813079,-0.0038321489660095,0.0467676822862525,0.0479530687299059,0.0011853864436533,0.0496110994324153,0.0576923076923076,0.0080812082598923,0.009922252868962566,0.07769230769230769,0.0017450038058657784
2028,P1,flat_transformer,target_real_anchor,0.8967393194473174,0.8929071704813079,-0.0038321489660095,0.0467676822862525,0.0479530687299059,0.0011853864436533,0.05,0.0655737704918032,0.0155737704918032,0.009922252868962566,0.07769230769230769,0.0016824708296574963
2028,P2,c2st_lr,oracle_target,0.2941881472791897,0.6385626756184712,0.3443745283392815,0.2667781468104494,0.0175258438744585,-0.2492523029359909,0.0498213159554341,0.0453972257250945,-0.0044240902303395,0.042578746222495495,0.1,0.0005427281422809657
2028,P2,c2st_lr,source_only,0.7058118527208104,0.3614373243815288,-0.3443745283392815,0.0168851201671257,0.2441512525205635,0.2272661323534378,0.0489804498633592,0.0542244640605296,0.0052440141971703,0.33257033467257435,0.6169230769230769,0.00023430120163443912
2028,P2,c2st_lr,target_real_anchor,0.7058118527208104,0.3614373243815288,-0.3443745283392815,0.0168851201671257,0.2441512525205635,0.2272661323534378,0.05,0.0580075662042875,0.0080075662042875,0.33257033467257435,0.6169230769230769,0.00024670927962442644
2028,P2,c2st_xgb,oracle_target,0.93609510501303,0.7317873607177557,-0.2043077442952742,0.1303994563771639,0.0983839761388369,-0.0320154802383269,0.0491906663863779,0.0444514501891551,-0.0047392161972228,0.0143920488895842,0.08615384615384615,0.0012854123339777071
2028,P2,c2st_xgb,source_only,0.93609510501303,0.7317873607177557,-0.2043077442952742,0.0228890762441312,0.1744837332204824,0.1515946569763512,0.0496110994324153,0.0444514501891551,-0.0051596492432602,0.1243806715901084,0.07692307692307693,0.0012334020193913082
2028,P2,c2st_xgb,target_real_anchor,0.93609510501303,0.7317873607177557,-0.2043077442952742,0.0228890762441312,0.1744837332204824,0.1515946569763512,0.05,0.0406683480453972,-0.0093316519546027,0.1243806715901084,0.07692307692307693,0.0011519894009025641
2028,P2,char3gram,oracle_target,0.8990791438031709,0.7055121738286934,-0.1935669699744775,0.1316111016343084,0.0712808142784551,-0.0603302873558532,0.0498213159554341,0.0501261034047919,0.0003047874493578,0.022445575010568708,0.08,0.0005232285207443462
2028,P2,char3gram,source_only,0.8990791438031709,0.7055121738286934,-0.1935669699744775,0.0215357449559852,0.1373311039417766,0.1157953589857913,0.0498213159554341,0.0501261034047919,0.0003047874493578,0.14720707461898233,0.07769230769230769,0.0005097843130385522
2028,P2,char3gram,target_real_anchor,0.8990791438031709,0.7055121738286934,-0.1935669699744775,0.0215357449559852,0.1373311039417766,0.1157953589857913,0.05,0.0406683480453972,-0.0093316519546027,0.14720707461898233,0.07769230769230769,0.0005227953845516769
2028,P2,column_positional_ablation,oracle_target,0.921859685751708,0.7747228468201428,-0.1471368389315651,0.1109090834381215,0.0522366526506706,-0.0586724307874509,0.0494008829093966,0.0485498108448928,-0.0008510720645038,0.015342104152627479,0.07615384615384616,0.003354138733097856
2028,P2,column_positional_ablation,source_only,0.921859685751708,0.7747228468201428,-0.1471368389315651,0.0356019144878204,0.134870812119754,0.0992688976319335,0.0496110994324153,0.0494955863808322,-0.0001155130515831,0.11069554841706215,0.07692307692307693,0.0033488646629871084
2028,P2,column_positional_ablation,target_real_anchor,0.921859685751708,0.7747228468201428,-0.1471368389315651,0.0356019144878204,0.134870812119754,0.0992688976319335,0.05,0.0621059268600252,0.0121059268600252,0.11069554841706215,0.07692307692307693,0.0021572815183546587
2028,P2,datum_transformer,oracle_target,0.9246887927106436,0.7851059038020256,-0.1395828889086181,0.110260569740847,0.054991311188483,-0.055269258552364,0.0481395837712844,0.0520176544766708,0.0038780707053864,0.01596405619939358,0.07769230769230769,0.001630103814677133
2028,P2,datum_transformer,source_only,0.9246887927106436,0.7851059038020256,-0.1395828889086181,0.0221130682822913,0.1307308903315261,0.1086178220492348,0.0496110994324153,0.0532786885245901,0.0036675890921747,0.10588222963811826,0.07615384615384616,0.0015327076213922214
2028,P2,datum_transformer,target_real_anchor,0.9246887927106436,0.7851059038020256,-0.1395828889086181,0.0221130682822913,0.1307308903315261,0.1086178220492348,0.05,0.0532786885245901,0.0032786885245901,0.10588222963811826,0.07615384615384616,0.0015962597415832846
2028,P2,flat_transformer,oracle_target,0.8990210547513507,0.7046375103562222,-0.1943835443951285,0.166689868966952,0.1472820895035879,-0.019407779463364,0.0496110994324153,0.0567465321563682,0.0071354327239528,0.02033625606427621,0.07230769230769231,0.0012504556953693545
2028,P2,flat_transformer,source_only,0.8990210547513507,0.7046375103562222,-0.1943835443951285,0.0575780589186125,0.2020801450353747,0.1445020861167622,0.0496110994324153,0.0567465321563682,0.0071354327239528,0.13569154506185027,0.07846153846153846,0.0012309730595657653
2028,P2,flat_transformer,target_real_anchor,0.8990210547513507,0.7046375103562222,-0.1943835443951285,0.0575780589186125,0.2020801450353747,0.1445020861167622,0.05,0.0545397225725094,0.0045397225725094,0.13569154506185027,0.07846153846153846,0.0011726185736867446
2028,P3,char3gram,oracle_target,0.8974576628566129,0.6125610851333859,-0.2848965777232269,0.370248920288205,0.0188743795190622,-0.3513745407691427,0.0492813141683778,0.0544147843942505,0.0051334702258726,0.039233982136309804,0.09153846153846154,0.0006095420674859861
2028,P3,char3gram,source_only,0.8974576628566129,0.6125610851333859,-0.2848965777232269,0.0185557635092306,0.4625491345649866,0.443993371055756,0.049757986447241,1.0,0.950242013552759,0.6692265517093773,0.38461538461538464,
2028,P3,char3gram,target_real_anchor,0.8974576628566129,0.6125610851333859,-0.2848965777232269,0.0185557635092306,0.4625491345649866,0.443993371055756,0.05,0.0754620123203285,0.0254620123203285,0.6692265517093773,0.38461538461538464,0.0001976880855385492
2028,P3,column_positional_ablation,oracle_target,0.9384479457664732,0.6436108060075305,-0.2948371397589425,0.2733796766265743,0.0384764188637628,-0.2349032577628114,0.0496235455167693,0.042094455852156,-0.0075290896646132,0.08436987117817527,0.2323076923076923,0.0008190978284436187
2028,P3,column_positional_ablation,source_only,0.9384479457664732,0.6436108060075305,-0.2948371397589425,0.0178862709727551,0.4641777987000087,0.4462915277272535,0.049757986447241,0.9974332648870636,0.9476752784398226,0.6692265517093773,0.38461538461538464,
2028,P3,column_positional_ablation,target_real_anchor,0.9384479457664732,0.6436108060075305,-0.2948371397589425,0.0178862709727551,0.4641777987000087,0.4462915277272535,0.05,0.0436344969199178,-0.0063655030800821,0.6692265517093773,0.38461538461538464,0.0004490545798956931
2028,P3,datum_ta,source_only,0.9289612206666924,0.5477201910873681,-0.3812410295793241,0.0275108382601633,0.4733896899351475,0.4458788516749841,0.0499515972894482,1.0,0.9500484027105518,0.6692265517093773,0.38461538461538464,
2028,P3,datum_ta,target_real_anchor,0.9289612206666924,0.5477201910873681,-0.3812410295793241,0.0275108382601633,0.4733896899351475,0.4458788516749841,0.048,0.0574948665297741,0.0094948665297741,0.6692265517093773,0.38461538461538464,0.002265813106934575
2028,P3,datum_transformer,source_only,0.9387528687860152,0.4214629125222942,-0.517289956263721,0.0319504906506771,0.4669636752634528,0.4350131846127757,0.0495643756050338,1.0,0.950435624394966,0.6692265517093773,0.38461538461538464,
2028,P3,datum_transformer,target_real_anchor,0.9387528687860152,0.4214629125222942,-0.517289956263721,0.0319504906506771,0.4669636752634528,0.4350131846127757,0.05,0.0467145790554414,-0.0032854209445585,0.6692265517093773,0.38461538461538464,0.0011919482386771808
2028,P3,flat_transformer,oracle_target,0.9131562784360068,0.7975566737221137,-0.1155996047138931,0.306360090343685,0.0804068591614723,-0.2259532311822127,0.0499657768651608,0.0436344969199178,-0.0063312799452429,0.05492025858756411,0.12,0.0018788127760089996
2028,P3,flat_transformer,source_only,0.9131562784360068,0.7975566737221137,-0.1155996047138931,0.045391053600093,0.4161731961712081,0.3707821425711151,0.049757986447241,0.962012320328542,0.9122543338813012,0.6692265517093773,0.38461538461538464,0.076829284512172
2028,P3,flat_transformer,target_real_anchor,0.9131562784360068,0.7975566737221137,-0.1155996047138931,0.045391053600093,0.4161731961712081,0.3707821425711151,0.05,0.0395277207392197,-0.0104722792607802,0.6692265517093773,0.38461538461538464,0.0018092042951855674
2028,P4,char3gram,oracle_target,0.8974576628566129,0.6508710560823716,-0.2465866067742412,0.3810939291207573,0.0273299948863046,-0.3537639342344527,0.0499657768651608,0.0544147843942505,0.0044490075290896,0.032675761340353285,0.08307692307692308,0.0006376593292480923
2028,P4,char3gram,source_only,0.8974576628566129,0.6508710560823716,-0.2465866067742412,0.0185557635092306,0.4632128973693344,0.4446571338601038,0.049757986447241,1.0,0.950242013552759,0.6692265517093773,0.38461538461538464,
2028,P4,char3gram,target_real_anchor,0.8974576628566129,0.6508710560823716,-0.2465866067742412,0.0185557635092306,0.4632128973693344,0.4446571338601038,0.05,0.0754620123203285,0.0254620123203285,0.6692265517093773,0.38461538461538464,0.0002661326212727985
2028,P4,column_positional_ablation,oracle_target,0.9220880170257588,0.6211837603143749,-0.3009042567113839,0.2997098851041117,0.036621459551554,-0.2630884255525577,0.0499657768651608,0.0651950718685831,0.0152292950034223,0.04695221557909754,0.10307692307692308,0.0009106386863395923
2028,P4,column_positional_ablation,source_only,0.9220880170257588,0.6211837603143749,-0.3009042567113839,0.0292536096310597,0.4266134459757021,0.3973598363446424,0.0499515972894482,0.938911704312115,0.8889601070226668,0.6692265517093773,0.38461538461538464,0.1613115512040745
2028,P4,column_positional_ablation,target_real_anchor,0.9220880170257588,0.6211837603143749,-0.3009042567113839,0.0292536096310597,0.4266134459757021,0.3973598363446424,0.05,0.049794661190965,-0.0002053388090349,0.6692265517093773,0.38461538461538464,0.0006189220955575862
2028,P4,datum_ta,oracle_target,0.068383499408203,0.4939820075557936,0.4255985081475905,0.3557271639763067,0.0047740136586899,-0.3509531503176168,0.0499657768651608,0.0549281314168377,0.0049623545516769,0.5159541931167818,0.48384615384615387,0.0016808279985849849
2028,P4,datum_ta,source_only,0.931616500591797,0.5060179924442064,-0.4255985081475906,0.0262439003918844,0.4139532088415084,0.387709308449624,0.049757986447241,0.9204312114989732,0.8706732250517323,0.6692265517093773,0.38461538461538464,0.06897366288955067
2028,P4,datum_ta,target_real_anchor,0.931616500591797,0.5060179924442064,-0.4255985081475906,0.0262439003918844,0.4139532088415084,0.387709308449624,0.05,0.0492813141683778,-0.0007186858316221,0.6692265517093773,0.38461538461538464,0.00026209304713976103
2028,P4,datum_transformer,source_only,0.9369480333880305,0.5154363818627223,-0.421511651525308,0.0281832730962856,0.4552507698597825,0.4270674967634968,0.0493707647628267,1.0,0.9506292352371732,0.6692265517093773,0.38461538461538464,
2028,P4,datum_transformer,target_real_anchor,0.9369480333880305,0.5154363818627223,-0.421511651525308,0.0281832730962856,0.4552507698597825,0.4270674967634968,0.044,0.0472279260780287,0.0032279260780287,0.6692265517093773,0.38461538461538464,0.0004741821003502982
2028,P4,flat_transformer,oracle_target,0.9130839133380628,0.8972124044457749,-0.0158715088922878,0.3084135698528783,0.188055856002791,-0.1203577138500872,0.0499657768651608,0.0436344969199178,-0.0063312799452429,0.026215764753582595,0.07307692307692308,0.0015587963438430386
2028,P4,flat_transformer,source_only,0.9130839133380628,0.8972124044457749,-0.0158715088922878,0.0477329189306353,0.4197137186462176,0.3719807997155823,0.0499515972894482,0.9707392197125256,0.9207876224230774,0.6692265517093773,0.38461538461538464,0.144287248898915
2028,P4,flat_transformer,target_real_anchor,0.9130839133380628,0.8972124044457749,-0.0158715088922878,0.0477329189306353,0.4197137186462176,0.3719807997155823,0.05,0.0487679671457905,-0.0012320328542094,0.6692265517093773,0.38461538461538464,0.001039288852372946
2029,P1,c2st_lr,oracle_target,0.7021140835392596,0.7047094175231255,0.0025953339838659,0.0125245736509041,0.0192702704071559,0.0067456967562518,0.0498213159554341,0.0539092055485498,0.0040878895931157,0.024219235040579056,0.08538461538461538,0.0004936418000364714
2029,P1,c2st_lr,source_only,0.7021140835392596,0.7047094175231255,0.0025953339838659,0.0125245736509041,0.0192702704071559,0.0067456967562518,0.0498213159554341,0.0539092055485498,0.0040878895931157,0.024219235040579056,0.08538461538461538,0.0004936418000364714
2029,P1,c2st_lr,target_real_anchor,0.7021140835392596,0.7047094175231255,0.0025953339838659,0.0125245736509041,0.0192702704071559,0.0067456967562518,0.05,0.0529634300126103,0.0029634300126103,0.024219235040579056,0.08538461538461538,0.0004977805524593994
2029,P1,c2st_xgb,oracle_target,0.940241103371158,0.9414199593225084,0.0011788559513502,0.0183117929644156,0.0244664798496679,0.0061546868852522,0.0496110994324153,0.0520176544766708,0.0024065550442554,0.00680894548274878,0.07384615384615385,0.0030086652427862015
2029,P1,c2st_xgb,source_only,0.940241103371158,0.9414199593225084,0.0011788559513502,0.0183117929644156,0.0244664798496679,0.0061546868852522,0.0496110994324153,0.0520176544766708,0.0024065550442554,0.00680894548274878,0.07384615384615385,0.0030086652427862015
2029,P1,c2st_xgb,target_real_anchor,0.940241103371158,0.9414199593225084,0.0011788559513502,0.0183117929644156,0.0244664798496679,0.0061546868852522,0.05,0.0592686002522068,0.0092686002522068,0.00680894548274878,0.07384615384615385,0.002885774214516914
2029,P1,char3gram,oracle_target,0.8983584330035257,0.8976110520967673,-0.0007473809067584,0.0173269205132661,0.0270431912965695,0.0097162707833033,0.0498213159554341,0.0498108448928121,-1.0471062621988936e-05,0.00880282290941661,0.07307692307692308,0.00161711362491838
2029,P1,char3gram,source_only,0.8983584330035257,0.8976110520967673,-0.0007473809067584,0.0173269205132661,0.0270431912965695,0.0097162707833033,0.0498213159554341,0.0498108448928121,-1.0471062621988936e-05,0.00880282290941661,0.07307692307692308,0.00161711362491838
2029,P1,char3gram,target_real_anchor,0.8983584330035257,0.8976110520967673,-0.0007473809067584,0.0173269205132661,0.0270431912965695,0.0097162707833033,0.05,0.0810214375788146,0.0310214375788146,0.00880282290941661,0.07307692307692308,0.0017464039290223596
2029,P1,column_positional_ablation,oracle_target,0.8348599625198566,0.8335164224638983,-0.0013435400559582,0.0059716581992976,0.0083112154057143,0.0023395572064166,0.0498213159554341,0.0494955863808322,-0.0003257295746018,0.007910523375726923,0.07769230769230769,0.0030346363297775896
2029,P1,column_positional_ablation,source_only,0.8348599625198566,0.8335164224638983,-0.0013435400559582,0.0059716581992976,0.0083112154057143,0.0023395572064166,0.0498213159554341,0.0494955863808322,-0.0003257295746018,0.007910523375726923,0.07769230769230769,0.0030346363297775896
2029,P1,column_positional_ablation,target_real_anchor,0.8348599625198566,0.8335164224638983,-0.0013435400559582,0.0059716581992976,0.0083112154057143,0.0023395572064166,0.05,0.0507566204287515,0.0007566204287515,0.007910523375726923,0.07769230769230769,0.002886297791630654
2029,P1,datum_transformer,oracle_target,0.887123846874873,0.8783057916129309,-0.0088180552619421,0.0285177768729988,0.0296889946625777,0.0011712177895788,0.0498213159554341,0.0494955863808322,-0.0003257295746018,0.008836103481541974,0.07846153846153846,0.003240618214923637
2029,P1,datum_transformer,source_only,0.887123846874873,0.8783057916129309,-0.0088180552619421,0.0285177768729988,0.0296889946625777,0.0011712177895788,0.0498213159554341,0.0494955863808322,-0.0003257295746018,0.008836103481541974,0.07846153846153846,0.003240618214923637
2029,P1,datum_transformer,target_real_anchor,0.887123846874873,0.8783057916129309,-0.0088180552619421,0.0285177768729988,0.0296889946625777,0.0011712177895788,0.05,0.0797604035308953,0.0297604035308953,0.008836103481541974,0.07846153846153846,0.00274779086817518
2029,P1,flat_transformer,oracle_target,0.9007457405744272,0.9035811359324736,0.0028353953580462,0.0570315388110256,0.0635709381558392,0.0065393993448135,0.0498213159554341,0.0406683480453972,-0.0091529679100368,0.009788272862132312,0.07692307692307693,0.0018187822319368832
2029,P1,flat_transformer,source_only,0.9007457405744272,0.9035811359324736,0.0028353953580462,0.0570315388110256,0.0635709381558392,0.0065393993448135,0.0498213159554341,0.0406683480453972,-0.0091529679100368,0.009788272862132312,0.07692307692307693,0.0018187822319368832
2029,P1,flat_transformer,target_real_anchor,0.9007457405744272,0.9035811359324736,0.0028353953580462,0.0570315388110256,0.0635709381558392,0.0065393993448135,0.05,0.0564312736443884,0.0064312736443883,0.009788272862132312,0.07692307692307693,0.0018129314654594692
2029,P2,c2st_lr,oracle_target,0.2978859164607403,0.622151939495809,0.3242660230350687,0.2561273186673393,0.018541239317218,-0.2375860793501212,0.0498213159554341,0.0529634300126103,0.0031421140571762,0.05103176962388483,0.16692307692307692,0.0003891756997223707
2029,P2,c2st_lr,source_only,0.7021140835392596,0.3778480605041909,-0.3242660230350687,0.0125245736509041,0.2186224592730847,0.2060978856221805,0.0498213159554341,0.0539092055485498,0.0040878895931157,0.3312213842275906,0.6153846153846154,0.00046489492326746615
2029,P2,c2st_lr,target_real_anchor,0.7021140835392596,0.3778480605041909,-0.3242660230350687,0.0125245736509041,0.2186224592730847,0.2060978856221805,0.05,0.0529634300126103,0.0029634300126103,0.3312213842275906,0.6153846153846154,0.0005099557980409814
2029,P2,c2st_xgb,oracle_target,0.940241103371158,0.7536153353189716,-0.1866257680521864,0.1321380422859903,0.0827618179780168,-0.0493762243079734,0.0489804498633592,0.051702395964691,0.0027219461013317,0.013578405732226465,0.07538461538461538,0.0009906078992078815
2029,P2,c2st_xgb,source_only,0.940241103371158,0.7536153353189716,-0.1866257680521864,0.0183117929644156,0.1614792174124952,0.1431674244480795,0.0496110994324153,0.0520176544766708,0.0024065550442554,0.12723352830388496,0.07692307692307693,0.000987848730925925
2029,P2,c2st_xgb,target_real_anchor,0.940241103371158,0.7536153353189716,-0.1866257680521864,0.0183117929644156,0.1614792174124952,0.1431674244480795,0.05,0.0592686002522068,0.0092686002522068,0.12723352830388496,0.07692307692307693,0.0010167119581646626
2029,P2,char3gram,oracle_target,0.8983584330035257,0.7254074507552688,-0.1729509822482569,0.1396203280052304,0.0602414458241893,-0.079378882181041,0.0498213159554341,0.0498108448928121,-1.0471062621988936e-05,0.018898185025638,0.07307692307692308,0.0009866187402460167
2029,P2,char3gram,source_only,0.8983584330035257,0.7254074507552688,-0.1729509822482569,0.0173269205132661,0.1325551018664307,0.1152281813531646,0.0498213159554341,0.0498108448928121,-1.0471062621988936e-05,0.14959069265368471,0.07692307692307693,0.0009641132351027674
2029,P2,char3gram,target_real_anchor,0.8983584330035257,0.7254074507552688,-0.1729509822482569,0.0173269205132661,0.1325551018664307,0.1152281813531646,0.05,0.0810214375788146,0.0310214375788146,0.14959069265368471,0.07692307692307693,0.000961320823829426
2029,P2,column_positional_ablation,oracle_target,0.8530695655836001,0.7329273899616601,-0.12014217562194,0.0452382521267331,0.0041891446455257,-0.0410491074812074,0.0494008829093966,0.0529634300126103,0.0035625471032136,0.011610471482800672,0.07076923076923076,0.001706853080064932
2029,P2,column_positional_ablation,source_only,0.8530695655836001,0.7329273899616601,-0.12014217562194,0.0108582487373078,0.0504098350836921,0.0395515863463843,0.0496110994324153,0.0548549810844892,0.0052438816520738,0.06109678465947069,0.07615384615384616,0.0016168643024832793
2029,P2,column_positional_ablation,target_real_anchor,0.8530695655836001,0.7329273899616601,-0.12014217562194,0.0108582487373078,0.0504098350836921,0.0395515863463843,0.05,0.0387767969735182,-0.0112232030264817,0.06109678465947069,0.07615384615384616,0.001310978917585735
2029,P2,datum_transformer,oracle_target,0.8366109640754237,0.7175402998176034,-0.1190706642578203,0.0504144678049273,0.0118409125107449,-0.0385735552941824,0.0496110994324153,0.0485498108448928,-0.0010612885875225,0.010578005554339635,0.07076923076923076,0.0013381633737613616
2029,P2,datum_transformer,source_only,0.8366109640754237,0.7175402998176034,-0.1190706642578203,0.0240800783250225,0.0470870192262132,0.0230069409011907,0.0498213159554341,0.0498108448928121,-1.0471062621988936e-05,0.0640370765693177,0.07692307692307693,0.0013063332095447138
2029,P2,datum_transformer,target_real_anchor,0.8366109640754237,0.7175402998176034,-0.1190706642578203,0.0240800783250225,0.0470870192262132,0.0230069409011907,0.05,0.0438209331651954,-0.0061790668348045,0.0640370765693177,0.07692307692307693,0.0012919140620470902
2029,P2,flat_transformer,oracle_target,0.9006812438295574,0.7066628872750056,-0.1940183565545518,0.1374320826457888,0.0829689443601562,-0.0544631382856326,0.0487702333403405,0.0435056746532156,-0.0052645586871249,0.01642423422511555,0.07692307692307693,0.00140843905747309
2029,P2,flat_transformer,source_only,0.9006812438295574,0.7066628872750056,-0.1940183565545518,0.0474856323357331,0.1645636218471078,0.1170779895113747,0.0498213159554341,0.0441361916771752,-0.0056851242782588,0.13109221233827575,0.07615384615384616,0.0013713565006233039
2029,P2,flat_transformer,target_real_anchor,0.9006812438295574,0.7066628872750056,-0.1940183565545518,0.0474856323357331,0.1645636218471078,0.1170779895113747,0.05,0.0576923076923076,0.0076923076923076,0.13109221233827575,0.07615384615384616,0.0013267776492243378
2029,P3,char3gram,oracle_target,0.8970663552899525,0.6424732996302215,-0.254593055659731,0.3958201531924751,0.0332818629641573,-0.3625382902283178,0.0499657768651608,0.0574948665297741,0.0075290896646132,0.04294712855021955,0.16923076923076924,0.0015536502333732276
2029,P3,char3gram,source_only,0.8970663552899525,0.6424732996302215,-0.254593055659731,0.0156307853774273,0.4652078354972173,0.44957705011979,0.049757986447241,0.9994866529774128,0.9497286665301716,0.6692265517093773,0.38461538461538464,
2029,P3,char3gram,target_real_anchor,0.8970663552899525,0.6424732996302215,-0.254593055659731,0.0156307853774273,0.4652078354972173,0.44957705011979,0.05,0.061088295687885,0.011088295687885,0.6692265517093773,0.38461538461538464,0.00027376308639226596
2029,P3,column_positional_ablation,oracle_target,0.8462673122860418,0.8027105671483203,-0.0435567451377214,0.22833144238386,0.2322254351775052,0.0038939927936451,0.0499657768651608,0.0569815195071868,0.007015742642026,0.01658245961225478,0.08538461538461538,0.0007505132091737923
2029,P3,column_positional_ablation,source_only,0.8462673122860418,0.8027105671483203,-0.0435567451377214,0.0336099277421498,0.3704747269489459,0.336864799206796,0.0499515972894482,1.0,0.9500484027105518,0.6692265517093773,0.38461538461538464,
2029,P3,column_positional_ablation,target_real_anchor,0.8462673122860418,0.8027105671483203,-0.0435567451377214,0.0336099277421498,0.3704747269489459,0.336864799206796,0.05,0.0590349075975359,0.0090349075975359,0.6692265517093773,0.38461538461538464,0.000892551135420074
2029,P3,datum_ta,oracle_target,0.8075349478815732,0.7563035219611332,-0.05123142592044,0.1918585553433931,0.1214789657788776,-0.0703795895645154,0.0499657768651608,0.0513347022587269,0.001368925393566,0.020004245570550135,0.07692307692307693,0.00059025679891738
2029,P3,datum_ta,source_only,0.8075349478815732,0.7563035219611332,-0.05123142592044,0.0219955996045298,0.0619585859903594,0.0399629863858296,0.0493707647628267,0.0041067761806981,-0.0452639885821285,0.38080253092588523,0.38461538461538464,0.00013492719672959615
2029,P3,datum_ta,target_real_anchor,0.8075349478815732,0.7563035219611332,-0.05123142592044,0.0219955996045298,0.0619585859903594,0.0399629863858296,0.05,0.0533880903490759,0.0033880903490759,0.38080253092588523,0.38461538461538464,0.0004929369697869128
2029,P3,datum_transformer,oracle_target,0.9132656976128514,0.5626370330861116,-0.3506286645267398,0.2845610130637472,0.0390924881331028,-0.2454685249306444,0.0499657768651608,0.0467145790554414,-0.0032511978097193,0.06566654901170516,0.1576923076923077,0.0008650357038120227
2029,P3,datum_transformer,source_only,0.9132656976128514,0.5626370330861116,-0.3506286645267398,0.0378654289335808,0.4555810900919826,0.4177156611584018,0.0499515972894482,1.0,0.9500484027105518,0.6692265517093773,0.38461538461538464,
2029,P3,datum_transformer,target_real_anchor,0.9132656976128514,0.5626370330861116,-0.3506286645267398,0.0378654289335808,0.4555810900919826,0.4177156611584018,0.05,0.0549281314168377,0.0049281314168377,0.6692265517093773,0.38461538461538464,0.0008875162089299997
2029,P3,flat_transformer,oracle_target,0.9150893693028416,0.5912175231585916,-0.3238718461442501,0.2248602994704621,0.0065480937079387,-0.2183122057625233,0.0499657768651608,0.0641683778234086,0.0142026009582477,0.036800619859716714,0.1176923076923077,0.0014700660370358368
2029,P3,flat_transformer,source_only,0.9150893693028416,0.5912175231585916,-0.3238718461442501,0.0311994523331986,0.3009885479842698,0.2697890956510712,0.0499515972894482,0.0513347022587269,0.0013831049692786,0.3135965177760247,0.5707692307692308,0.0005570881165134812
2029,P3,flat_transformer,target_real_anchor,0.9150893693028416,0.5912175231585916,-0.3238718461442501,0.0311994523331986,0.3009885479842698,0.2697890956510712,0.05,0.0759753593429158,0.0259753593429158,0.3135965177760247,0.5707692307692308,0.0013598497295272472
2029,P4,char3gram,oracle_target,0.8970663552899525,0.684819949065856,-0.2122464062240965,0.4087140047592211,0.0346994977129297,-0.3740145070462913,0.0499657768651608,0.0574948665297741,0.0075290896646132,0.033693157048428735,0.14692307692307693,0.0021711133017457613
2029,P4,char3gram,source_only,0.8970663552899525,0.684819949065856,-0.2122464062240965,0.0156307853774273,0.465817744176915,0.4501869587994877,0.049757986447241,0.9994866529774128,0.9497286665301716,0.6692265517093773,0.38461538461538464,
2029,P4,char3gram,target_real_anchor,0.8970663552899525,0.684819949065856,-0.2122464062240965,0.0156307853774273,0.465817744176915,0.4501869587994877,0.05,0.061088295687885,0.011088295687885,0.6692265517093773,0.38461538461538464,0.0010452993219632247
2029,P4,column_positional_ablation,oracle_target,0.8801868072859902,0.7994985906674144,-0.0806882166185758,0.3206728101591176,0.0697001215096505,-0.250972688649467,0.0499657768651608,0.0513347022587269,0.001368925393566,0.06388939318824358,0.25076923076923074,0.0006147026920073369
2029,P4,column_positional_ablation,source_only,0.8801868072859902,0.7994985906674144,-0.0806882166185758,0.0077077354026295,0.4594587376149648,0.4517510022123353,0.0491771539206195,0.9768993839835728,0.9277222300629532,0.6692265517093773,0.38461538461538464,0.17498731235009474
2029,P4,column_positional_ablation,target_real_anchor,0.8801868072859902,0.7994985906674144,-0.0806882166185758,0.0077077354026295,0.4594587376149648,0.4517510022123353,0.05,0.0446611909650924,-0.0053388090349075,0.6692265517093773,0.38461538461538464,0.0006109706631616262
2029,P4,datum_ta,source_only,0.7991517108694776,0.7969551775316336,-0.0021965333378439,0.0031792191915814,0.2141043064904409,0.2109250872988595,0.0499515972894482,0.0,-0.0499515972894482,0.3307734482906227,0.6153846153846154,0.0
2029,P4,datum_ta,target_real_anchor,0.7991517108694776,0.7969551775316336,-0.0021965333378439,0.0031792191915814,0.2141043064904409,0.2109250872988595,0.05,0.0646817248459959,0.0146817248459958,0.3307734482906227,0.6153846153846154,0.0014078581952703048
2029,P4,datum_transformer,oracle_target,0.1682967025243442,0.5185328025585132,0.3502361000341689,0.5542487603654899,0.0216260530034948,-0.532622707361995,0.0441478439425051,0.0595482546201232,0.015400410677618,0.09748807411351433,0.18,0.0007576681047123103
2029,P4,datum_transformer,source_only,0.8317032974756557,0.4814671974414868,-0.3502361000341689,0.0256762513050369,0.3282861960933214,0.3026099447882844,0.049757986447241,1.0,0.950242013552759,0.6692265517093773,0.38461538461538464,
2029,P4,datum_transformer,target_real_anchor,0.8317032974756557,0.4814671974414868,-0.3502361000341689,0.0256762513050369,0.3282861960933214,0.3026099447882844,0.05,0.0503080082135523,0.0003080082135523,0.6692265517093773,0.38461538461538464,0.0005941875748613738
2029,P4,flat_transformer,oracle_target,0.9162108690090518,0.4776828443008993,-0.4385280247081524,0.2049363043006397,0.0054039930945282,-0.1995323112061114,0.0482546201232032,0.0533880903490759,0.0051334702258726,0.10628313949640265,0.21076923076923076,0.0009695987605247399
2029,P4,flat_transformer,source_only,0.9162108690090518,0.4776828443008993,-0.4385280247081524,0.030462446669597,0.4234582167744345,0.3929957701048374,0.0499515972894482,0.9640657084188912,0.914114111129443,0.6692265517093773,0.38461538461538464,0.09545754438337656
2029,P4,flat_transformer,target_real_anchor,0.9162108690090518,0.4776828443008993,-0.4385280247081524,0.030462446669597,0.4234582167744345,0.3929957701048374,0.05,0.0662217659137577,0.0162217659137576,0.6692265517093773,0.38461538461538464,0.0014509642325888517
2030,P1,c2st_lr,oracle_target,0.7104790395743099,0.700038681782113,-0.0104403577921968,0.0215842205318622,0.0108735198713124,-0.0107107006605498,0.0498213159554341,0.0542244640605296,0.0044031481050955,0.023122086547793446,0.09615384615384616,0.0007448766179281269
2030,P1,c2st_lr,source_only,0.7104790395743099,0.700038681782113,-0.0104403577921968,0.0215842205318622,0.0108735198713124,-0.0107107006605498,0.0498213159554341,0.0542244640605296,0.0044031481050955,0.023122086547793446,0.09615384615384616,0.0007448766179281269
2030,P1,c2st_lr,target_real_anchor,0.7104790395743099,0.700038681782113,-0.0104403577921968,0.0215842205318622,0.0108735198713124,-0.0107107006605498,0.05,0.0428751576292559,-0.007124842370744,0.023122086547793446,0.09615384615384616,0.0006210635271344607
2030,P1,c2st_xgb,oracle_target,0.9413962115685904,0.9355333613474776,-0.0058628502211127,0.0174892303761806,0.0186453684160964,0.0011561380399157,0.0498213159554341,0.0491803278688524,-0.0006409880865816,0.007744988916913579,0.08307692307692308,0.0033027559288289435
2030,P1,c2st_xgb,source_only,0.9413962115685904,0.9355333613474776,-0.0058628502211127,0.0174892303761806,0.0186453684160964,0.0011561380399157,0.0498213159554341,0.0491803278688524,-0.0006409880865816,0.007744988916913579,0.08307692307692308,0.0033027559288289435
2030,P1,c2st_xgb,target_real_anchor,0.9413962115685904,0.9355333613474776,-0.0058628502211127,0.0174892303761806,0.0186453684160964,0.0011561380399157,0.05,0.0381462799495586,-0.0118537200504413,0.007744988916913579,0.08307692307692308,0.0032156416249224306
2030,P1,char3gram,oracle_target,0.9021133853216724,0.8951652145427598,-0.0069481707789125,0.0175120217710556,0.0298185165621794,0.0123064947911238,0.0498213159554341,0.0460277427490542,-0.0037935732063798,0.00884804754157479,0.07923076923076923,0.001935989576296756
2030,P1,char3gram,source_only,0.9021133853216724,0.8951652145427598,-0.0069481707789125,0.0175120217710556,0.0298185165621794,0.0123064947911238,0.0498213159554341,0.0460277427490542,-0.0037935732063798,0.00884804754157479,0.07923076923076923,0.001935989576296756
2030,P1,char3gram,target_real_anchor,0.9021133853216724,0.8951652145427598,-0.0069481707789125,0.0175120217710556,0.0298185165621794,0.0123064947911238,0.05,0.0529634300126103,0.0029634300126103,0.00884804754157479,0.07923076923076923,0.0020982381758013345
2030,P1,column_positional_ablation,oracle_target,0.924030302820061,0.9165987184522836,-0.0074315843677774,0.030165616084622,0.0350751455771261,0.004909529492504,0.0496110994324153,0.0532786885245901,0.0036675890921747,0.007067774695888281,0.08615384615384615,0.004719853491495844
2030,P1,column_positional_ablation,source_only,0.924030302820061,0.9165987184522836,-0.0074315843677774,0.030165616084622,0.0350751455771261,0.004909529492504,0.0496110994324153,0.0532786885245901,0.0036675890921747,0.007067774695888281,0.08615384615384615,0.004719853491495844
2030,P1,column_positional_ablation,target_real_anchor,0.924030302820061,0.9165987184522836,-0.0074315843677774,0.030165616084622,0.0350751455771261,0.004909529492504,0.05,0.0397225725094577,-0.0102774274905422,0.007067774695888281,0.08615384615384615,0.004588865884818643
2030,P1,datum_transformer,oracle_target,0.9274588163205624,0.9209942490168546,-0.0064645673037077,0.0405741472366714,0.0465577672506402,0.0059836200139687,0.0498213159554341,0.0535939470365699,0.0037726310811358,0.007834919513640992,0.0823076923076923,0.0032874795213307826
2030,P1,datum_transformer,source_only,0.9274588163205624,0.9209942490168546,-0.0064645673037077,0.0405741472366714,0.0465577672506402,0.0059836200139687,0.0498213159554341,0.0535939470365699,0.0037726310811358,0.007834919513640992,0.0823076923076923,0.0032874795213307826
2030,P1,datum_transformer,target_real_anchor,0.9274588163205624,0.9209942490168546,-0.0064645673037077,0.0405741472366714,0.0465577672506402,0.0059836200139687,0.05,0.0321563682219419,-0.017843631778058,0.007834919513640992,0.0823076923076923,0.0035759018043991725
2030,P1,flat_transformer,oracle_target,0.9076627568396708,0.9017373904546242,-0.0059253663850467,0.0174050301913931,0.0193949171436614,0.0019898869522682,0.0494008829093966,0.0494955863808322,9.470347143560735e-05,0.008076041042487374,0.07538461538461538,0.001772223452868526
2030,P1,flat_transformer,source_only,0.9076627568396708,0.9017373904546242,-0.0059253663850467,0.0174050301913931,0.0193949171436614,0.0019898869522682,0.0494008829093966,0.0494955863808322,9.470347143560735e-05,0.008076041042487374,0.07538461538461538,0.001772223452868526
2030,P1,flat_transformer,target_real_anchor,0.9076627568396708,0.9017373904546242,-0.0059253663850467,0.0174050301913931,0.0193949171436614,0.0019898869522682,0.05,0.0422446406052963,-0.0077553593947036,0.008076041042487374,0.07538461538461538,0.0016821752693762775
2030,P2,c2st_lr,oracle_target,0.28952096042569,0.6276352709473976,0.3381143105217076,0.2628892942789922,0.0116364834824075,-0.2512528107965847,0.0498213159554341,0.0472887767969735,-0.0025325391584605,0.04110459721097385,0.11,0.0006329170751159377
2030,P2,c2st_lr,source_only,0.7104790395743099,0.3723647290526024,-0.3381143105217075,0.0215842205318622,0.2291155681809545,0.2075313476490922,0.0498213159554341,0.0542244640605296,0.0044031481050955,0.3316364576790642,0.6169230769230769,0.00011503674410182843
2030,P2,c2st_lr,target_real_anchor,0.7104790395743099,0.3723647290526024,-0.3381143105217075,0.0215842205318622,0.2291155681809545,0.2075313476490922,0.05,0.0428751576292559,-0.007124842370744,0.3316364576790642,0.6169230769230769,0.00011282790372405349
2030,P2,c2st_xgb,oracle_target,0.9413962115685904,0.7389175004651356,-0.2024787111034548,0.1356088613482076,0.1019117132279835,-0.033697148120224,0.0498213159554341,0.0491803278688524,-0.0006409880865816,0.014848201367786494,0.08076923076923077,0.0006462207015133485
2030,P2,c2st_xgb,source_only,0.9413962115685904,0.7389175004651356,-0.2024787111034548,0.0174892303761806,0.1686740710983438,0.1511848407221631,0.0498213159554341,0.0491803278688524,-0.0006409880865816,0.1208759397981491,0.07769230769230769,0.0004993581084569878
2030,P2,c2st_xgb,target_real_anchor,0.9413962115685904,0.7389175004651356,-0.2024787111034548,0.0174892303761806,0.1686740710983438,0.1511848407221631,0.05,0.0381462799495586,-0.0118537200504413,0.1208759397981491,0.07769230769230769,0.0004946790763590447
2030,P2,char3gram,oracle_target,0.9021133853216724,0.7241830908532891,-0.1779302944683831,0.1356276729234297,0.0716286007830958,-0.0639990721403338,0.0498213159554341,0.0460277427490542,-0.0037935732063798,0.017965338605396827,0.0823076923076923,0.0004907925289767809
2030,P2,char3gram,source_only,0.9021133853216724,0.7241830908532891,-0.1779302944683831,0.0175120217710556,0.1413496528830234,0.1238376311119677,0.0498213159554341,0.0460277427490542,-0.0037935732063798,0.1419085426504814,0.07769230769230769,0.0004439347624895615
2030,P2,char3gram,target_real_anchor,0.9021133853216724,0.7241830908532891,-0.1779302944683831,0.0175120217710556,0.1413496528830234,0.1238376311119677,0.05,0.0529634300126103,0.0029634300126103,0.1419085426504814,0.07769230769230769,0.00043310132781233156
2030,P2,column_positional_ablation,oracle_target,0.9283412661309808,0.7778384596302134,-0.1505028065007673,0.1209512357311106,0.0769691860396881,-0.0439820496914225,0.0489804498633592,0.0542244640605296,0.0052440141971703,0.0122949137886416,0.08,0.0008289052898565489
2030,P2,column_positional_ablation,source_only,0.9283412661309808,0.7778384596302134,-0.1505028065007673,0.0290841571029361,0.1368861177997655,0.1078019606968294,0.0498213159554341,0.0548549810844892,0.0050336651290551,0.10710575946587846,0.07692307692307693,0.0007929231114888857
2030,P2,column_positional_ablation,target_real_anchor,0.9283412661309808,0.7778384596302134,-0.1505028065007673,0.0290841571029361,0.1368861177997655,0.1078019606968294,0.05,0.0529634300126103,0.0029634300126103,0.10710575946587846,0.07692307692307693,0.0007805805835764539
2030,P2,datum_transformer,oracle_target,0.925222884974088,0.7525980998618109,-0.172624785112277,0.1112065415187002,0.077844168746583,-0.0333623727721172,0.0498213159554341,0.0504413619167717,0.0006200459613376,0.011632736622457904,0.07307692307692308,0.0010089679340871784
2030,P2,datum_transformer,source_only,0.925222884974088,0.7525980998618109,-0.172624785112277,0.0134193389729669,0.1357097946424883,0.1222904556695214,0.0496110994324153,0.0504413619167717,0.0008302624843563,0.10851983207455025,0.07692307692307693,0.0009854968974012416
2030,P2,datum_transformer,target_real_anchor,0.925222884974088,0.7525980998618109,-0.172624785112277,0.0134193389729669,0.1357097946424883,0.1222904556695214,0.05,0.0469735182849936,-0.0030264817150063,0.10851983207455025,0.07692307692307693,0.001008209172125333
2030,P2,flat_transformer,oracle_target,0.9086967375429696,0.6976619685329866,-0.211034769009983,0.1293168324773357,0.0877042647200478,-0.0416125677572878,0.0494008829093966,0.0501261034047919,0.0007252204953952,0.01484135770298113,0.08,0.0008265699891517925
2030,P2,flat_transformer,source_only,0.9086967375429696,0.6976619685329866,-0.211034769009983,0.0222964960909299,0.1560762760314229,0.133779779940493,0.0498213159554341,0.0507566204287515,0.0009353044733174,0.12331306071275072,0.07769230769230769,0.0007873251343482615
2030,P2,flat_transformer,target_real_anchor,0.9086967375429696,0.6976619685329866,-0.211034769009983,0.0222964960909299,0.1560762760314229,0.133779779940493,0.05,0.0476040353089533,-0.0023959646910466,0.12331306071275072,0.07769230769230769,0.0008054089611052
2030,P3,char3gram,oracle_target,0.9023028819526768,0.5948682690402203,-0.3074346129124566,0.3817710650234579,0.0174772413753142,-0.3642938236481437,0.0499657768651608,0.0549281314168377,0.0049623545516769,0.05860718337497018,0.21846153846153846,0.0007046186987874585
2030,P3,char3gram,source_only,0.9023028819526768,0.5948682690402203,-0.3074346129124566,0.0206786457817669,0.4698887246203471,0.4492100788385801,0.0499515972894482,1.0,0.9500484027105518,0.6692265517093773,0.38461538461538464,
2030,P3,char3gram,target_real_anchor,0.9023028819526768,0.5948682690402203,-0.3074346129124566,0.0206786457817669,0.4698887246203471,0.4492100788385801,0.05,0.0544147843942505,0.0044147843942505,0.6692265517093773,0.38461538461538464,0.0004675077806856
2030,P3,column_positional_ablation,oracle_target,0.9368008104291208,0.5871472452133288,-0.3496535652157919,0.3010022705174978,0.0418716076838599,-0.2591306628336379,0.0499657768651608,0.0482546201232032,-0.0017111567419575,0.052331856787711205,0.1646153846153846,0.0008563992091699589
2030,P3,column_positional_ablation,source_only,0.9368008104291208,0.5871472452133288,-0.3496535652157919,0.0309915829135868,0.4633836012567107,0.4323920183431238,0.0499515972894482,0.9912731006160164,0.9413215033265684,0.6692265517093773,0.38461538461538464,0.141641234998927
2030,P3,column_positional_ablation,target_real_anchor,0.9368008104291208,0.5871472452133288,-0.3496535652157919,0.0309915829135868,0.4633836012567107,0.4323920183431238,0.05,0.0472279260780287,-0.0027720739219712,0.6692265517093773,0.38461538461538464,0.0013987853749775924
2030,P3,datum_ta,source_only,0.8157683192311045,0.6353755128199723,-0.1803928064111322,0.0015736674590852,0.3052752555074761,0.3037015880483909,0.0499515972894482,0.0508213552361396,0.0008697579466914,0.6692265517093773,0.38461538461538464,0.00043729453085416734
2030,P3,datum_ta,target_real_anchor,0.8157683192311045,0.6353755128199723,-0.1803928064111322,0.0015736674590852,0.3052752555074761,0.3037015880483909,0.05,0.0616016427104722,0.0116016427104722,0.6692265517093773,0.38461538461538464,0.000652453820630897
2030,P3,datum_transformer,oracle_target,0.935893744570509,0.6009331689639035,-0.3349605756066055,0.249763013076043,0.0602344389418444,-0.1895285741341986,0.0499657768651608,0.0487679671457905,-0.0011978097193702,0.13700028591198013,0.22076923076923077,0.0008837077966850692
2030,P3,datum_transformer,source_only,0.935893744570509,0.6009331689639035,-0.3349605756066055,0.0357256459542996,0.4573604826183104,0.4216348366640108,0.049757986447241,0.9964065708418892,0.946648584394648,0.6692265517093773,0.38461538461538464,
2030,P3,datum_transformer,target_real_anchor,0.935893744570509,0.6009331689639035,-0.3349605756066055,0.0357256459542996,0.4573604826183104,0.4216348366640108,0.05,0.0379876796714579,-0.012012320328542,0.6692265517093773,0.38461538461538464,0.001049083079056329
2030,P3,flat_transformer,oracle_target,0.9172632273409248,0.7052366930332379,-0.2120265343076868,0.203839270891222,0.0226259663781873,-0.1812133045130347,0.0499657768651608,0.0467145790554414,-0.0032511978097193,0.038999754412300754,0.07923076923076923,0.0007480219725799785
2030,P3,flat_transformer,source_only,0.9172632273409248,0.7052366930332379,-0.2120265343076868,0.042854597719041,0.2388692668313736,0.1960146691123325,0.049757986447241,0.2602669404517453,0.2105089540045043,0.1740577754610708,0.38461538461538464,0.0027852140307570218
2030,P3,flat_transformer,target_real_anchor,0.9172632273409248,0.7052366930332379,-0.2120265343076868,0.042854597719041,0.2388692668313736,0.1960146691123325,0.05,0.0436344969199178,-0.0063655030800821,0.1740577754610708,0.38461538461538464,0.0006229548320247803
2030,P4,char3gram,oracle_target,0.9023028819526768,0.6398477984053565,-0.2624550835473204,0.3985804285852454,0.0344827099215731,-0.3640977186636723,0.0499657768651608,0.0549281314168377,0.0049623545516769,0.0497763810324668,0.18615384615384614,0.001137865749364754
2030,P4,char3gram,source_only,0.9023028819526768,0.6398477984053565,-0.2624550835473204,0.0206786457817669,0.4702972382929914,0.4496185925112245,0.0499515972894482,1.0,0.9500484027105518,0.6692265517093773,0.38461538461538464,
2030,P4,char3gram,target_real_anchor,0.9023028819526768,0.6398477984053565,-0.2624550835473204,0.0206786457817669,0.4702972382929914,0.4496185925112245,0.05,0.0544147843942505,0.0044147843942505,0.6692265517093773,0.38461538461538464,0.0008578277316206092
2030,P4,column_positional_ablation,source_only,0.9391247965258755,0.5245548796427864,-0.4145699168830893,0.0252213401115135,0.4651599864992943,0.4399386463877807,0.0499515972894482,1.0,0.9500484027105518,0.6692265517093773,0.38461538461538464,
2030,P4,column_positional_ablation,target_real_anchor,0.9391247965258755,0.5245548796427864,-0.4145699168830893,0.0252213401115135,0.4651599864992943,0.4399386463877807,0.05,0.0513347022587269,0.0013347022587268,0.6692265517093773,0.38461538461538464,0.0016854898308248092
2030,P4,datum_ta,oracle_target,0.9188022367393912,0.7521748731916903,-0.1666273635477008,0.2916099213322136,0.0632043566339629,-0.2284055646982506,0.0499657768651608,0.0472279260780287,-0.0027378507871321,0.021853078611551634,0.08461538461538462,0.0006085267552731323
2030,P4,datum_ta,source_only,0.9188022367393912,0.7521748731916903,-0.1666273635477008,0.0183176666117949,0.4418824313746027,0.4235647647628078,0.0499515972894482,0.9573921971252568,0.9074405998358084,0.6692265517093773,0.38461538461538464,0.0664723133624926
2030,P4,datum_ta,target_real_anchor,0.9188022367393912,0.7521748731916903,-0.1666273635477008,0.0183176666117949,0.4418824313746027,0.4235647647628078,0.05,0.0718685831622176,0.0218685831622176,0.6692265517093773,0.38461538461538464,0.0007036663504870087
2030,P4,datum_transformer,oracle_target,0.9405080925770954,0.4851786858737862,-0.4553294067033092,0.2541543396040492,0.0021637843937454,-0.2519905552103037,0.0492813141683778,0.049794661190965,0.0005133470225872,0.21509714076588957,0.3069230769230769,0.0014615927453915476
2030,P4,datum_transformer,source_only,0.9405080925770954,0.4851786858737862,-0.4553294067033092,0.0404137155493084,0.4654985487652341,0.4250848332159256,0.0499515972894482,0.9994866529774128,0.9495350556879644,0.6692265517093773,0.38461538461538464,
2030,P4,datum_transformer,target_real_anchor,0.9405080925770954,0.4851786858737862,-0.4553294067033092,0.0404137155493084,0.4654985487652341,0.4250848332159256,0.05,0.0379876796714579,-0.012012320328542,0.6692265517093773,0.38461538461538464,0.0013536678742442692
2030,P4,flat_transformer,oracle_target,0.9231338529401016,0.5824962895656683,-0.3406375633744333,0.252489906130002,0.0029584556329642,-0.2495314504970377,0.0499657768651608,0.0544147843942505,0.0044490075290896,0.04682145007432243,0.10846153846153846,0.0008699225550361813
2030,P4,flat_transformer,source_only,0.9231338529401016,0.5824962895656683,-0.3406375633744333,0.030246439044805,0.3288258803051393,0.2985794412603343,0.0495643756050338,0.6113963039014374,0.5618319282964035,0.4941807617626734,0.38461538461538464,0.019679182428031
2030,P4,flat_transformer,target_real_anchor,0.9231338529401016,0.5824962895656683,-0.3406375633744333,0.030246439044805,0.3288258803051393,0.2985794412603343,0.05,0.0482546201232032,-0.0017453798767967,0.4941807617626734,0.38461538461538464,0.0014587833179052477
