protocol,calibration_policy,n_total,n_valid,mean_gain_success_only,n_invalid
P1,oracle_target,1950,1950,-0.0021844388584785573,0
P1,source_only,1950,1950,-0.0021844388584785573,0
P1,target_real_anchor,1950,1950,-0.002174886317506641,0
P2,oracle_target,1950,1950,-0.0006818745767438757,0
P2,source_only,1950,1950,-0.0007091411535010899,0
P2,target_real_anchor,1950,1950,-0.0006254832006453742,0
P3,oracle_target,1625,1625,0.0005652310658357804,0
P3,source_only,1625,455,-0.018834987370114013,1170
P3,target_real_anchor,1625,1625,0.0006781145978590924,0
P4,oracle_target,1625,1625,1.9864094837024693e-05,0
P4,source_only,1625,668,-0.07596610906869215,957
P4,target_real_anchor,1625,1625,0.00011641383763090612,0
