algorithm_id,paper,role,implementation,data,protocol,status,key_result,difference_from_paper,run_id,next_step
D-LR,Lopez-Paz & Oquab 2017 / Snoke et al. 2018,经典,paper_aligned_self/local official package,Adult GaussianCopula; cross-table methods also Adult/Credit/Abalone,runthrough/smoke,runthrough_passed,"{""auprc"": 0.9395958135207899, ""auroc"": 0.9287115555555556, ""balanced_accuracy"": 0.8280000000000001, ""brier"": 0.12114586501613844, ""ece"": 0.12545988377031025, ""f1"": 0.8057228915662651, ""label_permutation_auroc"": 0.4854496888888889, ""label_permutation_aurocs"": [0.4848786666666667, 0.5259297777777778, 0.47911111111111104, 0.3959475555555556, 0.5413813333333333], ""pmse"": 0.08850281059017648, ""reload_max_delta"": 0.0, ""tpr_at_fpr_005"": 0.68}",CPU tiny/single seed/subset; not paper performance reproduction,runthrough-d-lr-20260715T025856794836,formal 5-seed/full benchmark later
D-XGB,Zein & Urvoy 2022,经典,paper_aligned_self/local official package,Adult GaussianCopula; cross-table methods also Adult/Credit/Abalone,runthrough/smoke,runthrough_passed,"{""auprc"": 0.9994723791829412, ""auroc"": 0.999452888888889, ""balanced_accuracy"": 0.988, ""brier"": 0.00977572683311584, ""ece"": 0.015601049030199633, ""f1"": 0.9879194630872483, ""label_permutation_auroc"": 0.45280515555555556, ""label_permutation_aurocs"": [0.4532937777777778, 0.5062686666666667, 0.5256473333333334, 0.3337111111111111, 0.4451048888888889], ""reload_max_delta"": 0.0, ""tpr_at_fpr_005"": 0.996}",CPU tiny/single seed/subset; not paper performance reproduction,runthrough-d-xgb-20260715T025903115090,formal 5-seed/full benchmark later
D-3G,Kindji et al. 2025,直接基线,paper_aligned_self/local official package,Adult GaussianCopula; cross-table methods also Adult/Credit/Abalone,runthrough/smoke,runthrough_passed,"{""auprc"": 0.6483746604607662, ""auroc"": 0.6470661157024793, ""balanced_accuracy"": 0.5, ""brier"": 0.3317406967508666, ""ece"": 0.29438580452184093, ""f1"": 0.6666666666666666, ""shuffled_auroc"": 0.6166322314049586, ""tpr_at_fpr_005"": 0.15454545454545454}",CPU tiny/single seed/subset; not paper performance reproduction,runthrough-d-3g-20260715T025239531938,formal 5-seed/full benchmark later
D-FT,Kindji et al. 2025,直接基线,paper_aligned_self/local official package,Adult GaussianCopula; cross-table methods also Adult/Credit/Abalone,runthrough/smoke,runthrough_passed,"{""auprc"": 0.5397073251430402, ""auroc"": 0.54515625, ""balanced_accuracy"": 0.5, ""brier"": 0.25005637858158314, ""ece"": 0.015137660875916503, ""f1"": 0.0, ""parameter_count"": 5537, ""reload_max_delta"": 0.0, ""tpr_at_fpr_005"": 0.0625, ""truncation_rate"": 1.0}",CPU tiny/single seed/subset; not paper performance reproduction,runthrough-d-ft-20260715T025239973258,formal 5-seed/full benchmark later
D-TT,Kindji et al. 2025,直接基线,paper_aligned_self/local official package,Adult GaussianCopula; cross-table methods also Adult/Credit/Abalone,runthrough/smoke,runthrough_passed,"{""auprc"": 0.37867439154710303, ""auroc"": 0.2859375, ""balanced_accuracy"": 0.5, ""brier"": 0.25216222227899854, ""ece"": 0.03260210994631052, ""f1"": 0.0, ""parameter_count"": 7049, ""reload_max_delta"": 0.0, ""tpr_at_fpr_005"": 0.0, ""truncation_rate"": 0.0}",CPU tiny/single seed/subset; not paper performance reproduction,runthrough-d-tt-20260715T025241846411,formal 5-seed/full benchmark later
D-DW,Kindji et al. 2026,SOTA核心,paper_aligned_self/local official package,Adult GaussianCopula; cross-table methods also Adult/Credit/Abalone,runthrough/smoke,runthrough_passed,"{""auprc"": 0.37648839822578584, ""auroc"": 0.28171874999999996, ""balanced_accuracy"": 0.5, ""brier"": 0.252738005351293, ""column_permutation_max_delta"": 5.960464477539063e-08, ""ece"": 0.036797722801566124, ""f1"": 0.0, ""parameter_count"": 6265, ""reload_max_delta"": 0.0, ""tpr_at_fpr_005"": 0.0, ""truncation_rate"": 0.0}",CPU tiny/single seed/subset; not paper performance reproduction,runthrough-d-dw-20260715T025244913596,formal 5-seed/full benchmark later
D-DWTA,Kindji et al. 2026,SOTA核心,paper_aligned_self/local official package,Adult GaussianCopula; cross-table methods also Adult/Credit/Abalone,runthrough/smoke,runthrough_passed,"{""auprc"": 0.39531463088914875, ""auroc"": 0.30078125, ""balanced_accuracy"": 0.5, ""brier"": 0.2539614165409111, ""column_permutation_max_delta"": 5.960464477539063e-08, ""ece"": 0.05327109061181545, ""f1"": 0.0, ""parameter_count"": 6265, ""reload_max_delta"": 0.0, ""tpr_at_fpr_005"": 0.0125, ""truncation_rate"": 0.0}",CPU tiny/single seed/subset; not paper performance reproduction,runthrough-d-dwta-20260715T025251199918,formal 5-seed/full benchmark later
Q-CC,经典量化/效用方法,经典,paper_aligned_self/local official package,Adult GaussianCopula; cross-table methods also Adult/Credit/Abalone,runthrough/smoke,runthrough_passed,"{""bags"": 21, ""bias"": -0.004190476190476198, ""mae"": 0.008952380952380958, ""max_absolute_error"": 0.02300000000000002, ""out_of_range_rate"": 0.0, ""rmse"": 0.011028102630055986, ""score_source"": ""D-XGB shared frozen scores""}",CPU tiny/single seed/subset; not paper performance reproduction,runthrough-q-cc-20260715T025320176607,formal 5-seed/full benchmark later
Q-PCC,经典量化/效用方法,经典,paper_aligned_self/local official package,Adult GaussianCopula; cross-table methods also Adult/Credit/Abalone,runthrough/smoke,runthrough_passed,"{""bags"": 21, ""bias"": 0.0029036439290891078, ""mae"": 0.02001797513847816, ""max_absolute_error"": 0.034731111168861406, ""out_of_range_rate"": 0.0, ""rmse"": 0.021889191394349982, ""score_source"": ""D-XGB shared frozen scores""}",CPU tiny/single seed/subset; not paper performance reproduction,runthrough-q-pcc-20260715T025322641124,formal 5-seed/full benchmark later
Q-ACC,经典量化/效用方法,经典,paper_aligned_self/local official package,Adult GaussianCopula; cross-table methods also Adult/Credit/Abalone,runthrough/smoke,runthrough_passed,"{""bags"": 21, ""bias"": 0.00018341550782430965, ""mae"": 0.0019139023397852985, ""max_absolute_error"": 0.007117946104009329, ""out_of_range_rate"": 0.23809523809523808, ""rmse"": 0.0027352123127315662, ""score_source"": ""D-XGB shared frozen scores""}",CPU tiny/single seed/subset; not paper performance reproduction,runthrough-q-acc-20260715T025322849214,formal 5-seed/full benchmark later
Q-PACC,经典量化/效用方法,经典,paper_aligned_self/local official package,Adult GaussianCopula; cross-table methods also Adult/Credit/Abalone,runthrough/smoke,runthrough_passed,"{""bags"": 21, ""bias"": -0.00031851978002898706, ""mae"": 0.0016696220654100612, ""max_absolute_error"": 0.005704903680035997, ""out_of_range_rate"": 0.2857142857142857, ""rmse"": 0.002495237926414891, ""score_source"": ""D-XGB shared frozen scores""}",CPU tiny/single seed/subset; not paper performance reproduction,runthrough-q-pacc-20260715T025323042327,formal 5-seed/full benchmark later
Q-EMQ,经典量化/效用方法,经典,paper_aligned_self/local official package,Adult GaussianCopula; cross-table methods also Adult/Credit/Abalone,runthrough/smoke,runthrough_passed,"{""bags"": 21, ""bias"": 0.001111745950122348, ""mae"": 0.0028751805035477046, ""max_absolute_error"": 0.00986207611945411, ""out_of_range_rate"": 0.0, ""rmse"": 0.004257977685301771, ""score_source"": ""D-XGB shared frozen scores""}",CPU tiny/single seed/subset; not paper performance reproduction,runthrough-q-emq-20260715T025323257551,formal 5-seed/full benchmark later
Q-HDy,经典量化/效用方法,经典,paper_aligned_self/local official package,Adult GaussianCopula; cross-table methods also Adult/Credit/Abalone,runthrough/smoke,runthrough_passed,"{""bags"": 21, ""bias"": -0.0009812530231372023, ""mae"": 0.0016984767732463417, ""max_absolute_error"": 0.006819527458202898, ""out_of_range_rate"": 0.0, ""rmse"": 0.0025465236807707577, ""score_source"": ""D-XGB shared frozen scores""}",CPU tiny/single seed/subset; not paper performance reproduction,runthrough-q-hdy-20260715T025323499160,formal 5-seed/full benchmark later
Q-DyS,经典量化/效用方法,经典,paper_aligned_self/local official package,Adult GaussianCopula; cross-table methods also Adult/Credit/Abalone,runthrough/smoke,runthrough_passed,"{""bags"": 21, ""bias"": -0.0006860935199350369, ""mae"": 0.0024543992484323527, ""max_absolute_error"": 0.00908728786255067, ""out_of_range_rate"": 0.0, ""rmse"": 0.0038762208159198895, ""score_source"": ""D-XGB shared frozen scores""}",CPU tiny/single seed/subset; not paper performance reproduction,runthrough-q-dys-20260715T025324010546,formal 5-seed/full benchmark later
Q-MS,经典量化/效用方法,经典,paper_aligned_self/local official package,Adult GaussianCopula; cross-table methods also Adult/Credit/Abalone,runthrough/smoke,runthrough_passed,"{""bags"": 21, ""bias"": -0.00035130103898165584, ""mae"": 0.001120443826255916, ""max_absolute_error"": 0.0050496634238815785, ""out_of_range_rate"": 0.2857142857142857, ""rmse"": 0.0017871966078863266, ""score_source"": ""D-XGB shared frozen scores""}",CPU tiny/single seed/subset; not paper performance reproduction,runthrough-q-ms-20260715T025324479660,formal 5-seed/full benchmark later
V-CURVE-LR,经典量化/效用方法,效用基线,paper_aligned_self/local official package,Adult GaussianCopula; cross-table methods also Adult/Credit/Abalone,runthrough/smoke,runthrough_passed,"{""conditions"": 4, ""fits"": 28, ""mean_auroc"": 0.8964247590486911, ""rates"": 7}",CPU tiny/single seed/subset; not paper performance reproduction,runthrough-v-curve-lr-20260715T025325572400,formal 5-seed/full benchmark later
V-CURVE-XGB,经典量化/效用方法,效用基线,paper_aligned_self/local official package,Adult GaussianCopula; cross-table methods also Adult/Credit/Abalone,runthrough/smoke,runthrough_passed,"{""conditions"": 4, ""fits"": 28, ""mean_auroc"": 0.9067974238794819, ""rates"": 7}",CPU tiny/single seed/subset; not paper performance reproduction,runthrough-v-curve-xgb-20260715T025358360336,formal 5-seed/full benchmark later
V-KNN,Jia et al. 2019,经典,paper_aligned_self/local official package,Adult GaussianCopula; cross-table methods also Adult/Credit/Abalone,runthrough/smoke,runthrough_passed,"{""exact_verification_max_error"": 2.7755575615628914e-17, ""n"": 800, ""negative_rate"": 0.15875, ""real_mean"": 0.0009417499762499448, ""source_auroc"": 0.6708934169278997, ""synthetic_mean"": 0.0008429621838259026}",CPU tiny/single seed/subset; not paper performance reproduction,runthrough-v-knn-20260715T025910715869,formal 5-seed/full benchmark later
V-OOB,Kwon & Zou 2023,经典,paper_aligned_self/local official package,Adult GaussianCopula; cross-table methods also Adult/Credit/Abalone,runthrough/smoke,runthrough_passed,"{""median_coverage"": 29.0, ""min_coverage"": 17, ""n"": 800, ""negative_rate"": 0.0, ""real_mean"": 0.7939247401795321, ""spearman_with_knn"": 0.6031288333725201, ""synthetic_mean"": 0.632718178378287, ""zero_coverage"": 0}",CPU tiny/single seed/subset; not paper performance reproduction,runthrough-v-oob-20260715T025915532472,formal 5-seed/full benchmark later
